timestamp,mmsi,nom_navire,type_navire,pavillon,zone_maritime,latitude,longitude,vitesse_noeuds,cap_degres,statut_navigation,destination,longueur_metres,tirant_d_eau_metres,alerte_anomalie,type_anomalie
2026-09-28 06:00:00,212327652,CAP FINISTERE,Pêcheur,Grèce,Golfe de Gascogne,44.97969,-2.49998,3.5,313,En route au moteur,Portsmouth,37.5,4.2,0,Normale
2026-09-28 06:01:00,779064766,MEGA EXPRESS,Passagers,Russie,Méditerranée / Rade de Toulon,42.95996,6.28716,25.3,343,En route au moteur,Portsmouth,185.2,6.9,0,Normale
2026-09-28 06:01:00,227508993,FS DIXMUDE,Militaire,France,Méditerranée / Rade de Toulon,43.02883,5.99685,15.0,185,En route au moteur,Rotterdam,105.7,5.5,0,Normale
2026-09-28 06:01:00,383758720,ENERGY TRIUMPH,Pétrolier,Danemark,Méditerranée / Rade de Toulon,43.17439,6.44357,15.0,290,En route au moteur,Anvers,284.0,12.5,0,Normale
2026-09-28 06:01:00,798020238,PACIFIC JEWEL,Pétrolier,Liberia,Manche / Pas-de-Calais,50.85,1.35,0.2,106,En route au moteur,Rotterdam,276.4,18.6,1,Arret anormal en plein chenal de navigation
2026-09-28 06:01:00,308449460,FRONT ALTAIR,Pétrolier,Russie,Golfe de Gascogne,46.9892,-4.1424,10.7,335,En route au moteur,Brest,207.3,16.7,0,Normale
2026-09-28 06:02:00,250590821,LE MORGAT,Pêcheur,France,Méditerranée / Rade de Toulon,42.84142,5.72841,9.0,250,En route au moteur,Gênes,22.1,2.9,0,Normale
2026-09-28 06:02:00,227508993,FS DIXMUDE,Militaire,France,Méditerranée / Rade de Toulon,42.72202,6.34922,19.5,196,En route au moteur,Rotterdam,105.7,5.5,0,Normale
2026-09-28 06:02:00,769462919,ARMORIQUE,Passagers,France,Manche / Pas-de-Calais,49.90492,1.30696,20.2,68,En route au moteur,Saint-Nazaire,177.9,6.5,0,Normale
2026-09-28 06:02:00,597478786,NORDIC FREEDOM,Pétrolier,Malte,Manche / Pas-de-Calais,50.77505,1.76399,14.0,75,En route au moteur,Gênes,195.6,13.4,0,Normale
2026-09-28 06:03:00,249203558,TI EUROPE,Pétrolier,Grèce,Manche / Pas-de-Calais,50.20099,0.57338,10.4,80,En route au moteur,Rotterdam,198.7,13.6,0,Normale
2026-09-28 06:04:00,227901393,FS AQUITAINE,Militaire,France,Golfe de Gascogne,46.07287,-4.08343,25.4,247,Capacité de manœuvre restreinte,Portsmouth,119.7,6.8,0,Normale
2026-09-28 06:04:00,349926919,LA BELLE POULE,Pétrolier,Liberia,Méditerranée / Rade de Toulon,43.15009,5.85601,3.1,191,En route au moteur,Gênes,38.1,3.8,0,Normale
2026-09-28 06:05:00,249203558,TI EUROPE,Pétrolier,Grèce,Manche / Pas-de-Calais,51.04678,1.72711,13.3,243,En route au moteur,Rotterdam,198.7,13.6,0,Normale
2026-09-28 06:05:00,299585092,COSCO SHIPPING GLORY,Cargo,Singapour,Golfe de Gascogne,47.0631,-3.13263,12.9,44,En route au moteur,Le Havre,201.3,15.5,0,Normale
2026-09-28 06:05:00,565341213,ONE APUS,Cargo,Îles Marshall,Golfe de Gascogne,45.54842,-3.74958,16.8,169,En route au moteur,Marseille,214.2,16.2,0,Normale
2026-09-28 06:06:00,565260635,OCEAN VOYAGER,Pêcheur,France,Manche / Pas-de-Calais,49.77076,-0.40017,6.0,14,En route au moteur,Anvers,25.9,2.9,0,Normale
2026-09-28 06:07:00,693303705,ATLANTIC CONVEYOR,Cargo,Danemark,Manche / Pas-de-Calais,50.36727,0.68577,0.2,331,Au mouillage,Cherbourg,207.5,16.0,0,Normale
2026-09-28 06:08:00,227822733,FS FORBIN,Militaire,France,Manche / Pas-de-Calais,50.60179,0.33019,13.7,68,Capacité de manœuvre restreinte,Marseille,136.8,6.4,0,Normale
2026-09-28 06:08:00,745098869,LE CONQUERANT,Pétrolier,Chine,Mer d Iroise / Brest,48.5135,-4.37983,3.0,206,En route au moteur,Cherbourg,23.4,3.4,0,Normale
2026-09-28 06:08:00,628853029,PETIT JEAN,Pêcheur,Russie,Méditerranée / Rade de Toulon,43.08504,5.71003,9.0,207,En route au moteur,Marseille,23.9,5.0,0,Normale
2026-09-28 06:09:00,745098869,LE CONQUERANT,Pétrolier,Chine,Mer d Iroise / Brest,48.3423,-4.9439,5.9,334,En route au moteur,Cherbourg,23.4,3.4,0,Normale
2026-09-28 06:09:00,212327652,CAP FINISTERE,Pêcheur,Grèce,Golfe de Gascogne,46.63809,-2.28488,7.6,280,En route au moteur,Portsmouth,37.5,4.2,0,Normale
2026-09-28 06:09:00,349926919,LA BELLE POULE,Pêcheur,Liberia,Méditerranée / Rade de Toulon,43.18442,6.03918,6.8,79,En route au moteur,Gênes,38.1,3.8,0,Normale
2026-09-28 06:09:00,212327652,CAP FINISTERE,Pêcheur,Grèce,Golfe de Gascogne,45.99952,-2.61876,3.6,217,En route au moteur,Portsmouth,37.5,4.2,0,Normale
2026-09-28 06:09:00,693303705,ATLANTIC CONVEYOR,Cargo,Danemark,Manche / Pas-de-Calais,49.69158,0.98094,17.2,21,En route au moteur,Cherbourg,207.5,16.0,0,Normale
2026-09-28 06:09:00,250590821,LE MORGAT,Pétrolier,France,Méditerranée / Rade de Toulon,43.19088,5.79352,0.3,178,Au mouillage,Gênes,22.1,2.9,0,Normale
2026-09-28 06:09:00,564323393,ABEILLE BOURBON,Remorqueur,Russie,Méditerranée / Rade de Toulon,42.76397,5.57133,11.9,31,En route au moteur,Brest,46.2,4.5,0,Normale
2026-09-28 06:10:00,227706073,FS JACQUES CHEVALLIER,Militaire,France,Manche / Pas-de-Calais,50.37494,-0.86951,18.5,284,En route au moteur,Toulon,158.4,7.3,0,Normale
2026-09-28 06:10:00,693303705,ATLANTIC CONVEYOR,Cargo,Danemark,Manche / Pas-de-Calais,49.74791,-0.7674,17.0,352,En route au moteur,Cherbourg,207.5,16.0,0,Normale
2026-09-28 06:10:00,790907304,SMIT ROTTERDAM,Remorqueur,France,Manche / Pas-de-Calais,50.53981,-0.19495,9.0,339,En route au moteur,Marseille,37.3,6.5,0,Normale
2026-09-28 06:11:00,769462919,ARMORIQUE,Passagers,France,Manche / Pas-de-Calais,50.43029,0.33173,15.1,305,En route au moteur,Saint-Nazaire,177.9,6.5,0,Normale
2026-09-28 06:11:00,227690993,FS SOMME,Militaire,France,Méditerranée / Rade de Toulon,42.93443,5.96393,23.7,215,En route au moteur,Le Havre,131.7,6.5,0,Normale
2026-09-28 06:11:00,779064766,MEGA EXPRESS,Passagers,Russie,Méditerranée / Rade de Toulon,43.01445,6.05262,22.8,40,En route au moteur,Portsmouth,185.2,6.9,0,Normale
2026-09-28 06:12:00,514797776,HAMBURG EXPRESS,Cargo,Grèce,Mer d Iroise / Brest,48.45395,-4.5388,20.6,267,En route au moteur,Marseille,316.1,15.6,0,Normale
2026-09-28 06:12:00,628853029,PETIT JEAN,Pêcheur,Russie,Méditerranée / Rade de Toulon,42.92932,6.34095,2.0,252,En route au moteur,Marseille,23.9,5.0,0,Normale
2026-09-28 06:12:00,597478786,NORDIC FREEDOM,Pétrolier,Malte,Manche / Pas-de-Calais,49.7751,-1.19539,11.9,300,En route au moteur,Gênes,195.6,13.4,0,Normale
2026-09-28 06:13:00,319540831,EVER GIVEN,Cargo,France,Mer d Iroise / Brest,48.53083,-4.51571,15.6,212,En route au moteur,Marseille,343.1,11.6,0,Normale
2026-09-28 06:13:00,227508993,FS DIXMUDE,Militaire,France,Méditerranée / Rade de Toulon,43.08369,5.66016,17.5,305,En route au moteur,Rotterdam,105.7,5.5,0,Normale
2026-09-28 06:13:00,514797776,HAMBURG EXPRESS,Cargo,Grèce,Mer d Iroise / Brest,48.48172,-4.58441,14.2,42,En route au moteur,Marseille,316.1,15.6,0,Normale
2026-09-28 06:14:00,249203558,TI EUROPE,Pétrolier,Grèce,Manche / Pas-de-Calais,49.8862,1.1927,10.9,13,En route au moteur,Rotterdam,198.7,13.6,0,Normale
2026-09-28 06:14:00,564323393,ABEILLE BOURBON,Remorqueur,Russie,Méditerranée / Rade de Toulon,42.88513,5.80017,7.8,63,En route au moteur,Brest,46.2,4.5,0,Normale
2026-09-28 06:15:00,710330567,MONT ST MICHEL,Passagers,Danemark,Méditerranée / Rade de Toulon,43.16272,6.44522,22.4,103,En route au moteur,Rotterdam,143.2,6.6,0,Normale
2026-09-28 06:15:00,693303705,ATLANTIC CONVEYOR,Cargo,Danemark,Manche / Pas-de-Calais,49.81393,1.37251,20.7,44,En route au moteur,Cherbourg,207.5,16.0,0,Normale
2026-09-28 06:16:00,227901393,FS AQUITAINE,Militaire,France,Golfe de Gascogne,44.81587,-2.87606,20.5,140,En route au moteur,Portsmouth,119.7,6.8,0,Normale
2026-09-28 06:16:00,565260635,OCEAN VOYAGER,Pêcheur,France,Manche / Pas-de-Calais,51.0422,0.43722,7.0,203,En route au moteur,Anvers,25.9,2.9,0,Normale
2026-09-28 06:17:00,449817734,MAERSK MC-KINNEY,Cargo,Danemark,Méditerranée / Rade de Toulon,42.98363,6.48945,0.3,85,Au mouillage,Rotterdam,312.4,13.6,0,Normale
2026-09-28 06:17:00,736045484,TOTAL ENERGIES SPIRIT,Pétrolier,Singapour,Mer d Iroise / Brest,48.19934,-4.50432,13.9,288,En route au moteur,Anvers,310.4,16.8,0,Normale
2026-09-28 06:17:00,227690993,FS SOMME,Militaire,France,Méditerranée / Rade de Toulon,43.00929,5.58691,17.9,73,Capacité de manœuvre restreinte,Le Havre,131.7,6.5,0,Normale
2026-09-28 06:18:00,798020238,PACIFIC JEWEL,Pétrolier,Liberia,Manche / Pas-de-Calais,50.61512,0.56807,13.5,176,En route au moteur,Rotterdam,276.4,18.6,0,Normale
2026-09-28 06:18:00,227690993,FS SOMME,Militaire,France,Méditerranée / Rade de Toulon,43.17629,5.43476,26.6,196,En route au moteur,Le Havre,131.7,6.5,0,Normale
2026-09-28 06:18:00,227690993,FS SOMME,Militaire,France,Méditerranée / Rade de Toulon,42.70292,5.52835,19.6,354,En route au moteur,Le Havre,131.7,6.5,0,Normale
2026-09-28 06:19:00,600957212,CORSICA VERA,Passagers,Royaume-Uni,Mer d Iroise / Brest,48.54826,-4.98092,25.3,340,En route au moteur,Rotterdam,202.0,6.4,0,Normale
2026-09-28 06:19:00,383758720,ENERGY TRIUMPH,Pétrolier,Danemark,Méditerranée / Rade de Toulon,42.83748,5.62639,0.4,296,Au mouillage,Anvers,284.0,12.5,0,Normale
2026-09-28 06:20:00,745098869,LE CONQUERANT,Pétrolier,Chine,Mer d Iroise / Brest,48.30588,-4.81913,6.2,295,En route au moteur,Cherbourg,23.4,3.4,0,Normale
2026-09-28 06:21:00,798020238,PACIFIC JEWEL,Pétrolier,Liberia,Manche / Pas-de-Calais,50.63387,-0.31805,14.5,248,En route au moteur,Rotterdam,276.4,18.6,0,Normale
2026-09-28 06:21:00,736045484,TOTAL ENERGIES SPIRIT,Pétrolier,Singapour,Mer d Iroise / Brest,48.57405,-4.36151,13.1,45,En route au moteur,Anvers,310.4,16.8,0,Normale
2026-09-28 06:21:00,299585092,COSCO SHIPPING GLORY,Pétrolier,Singapour,Golfe de Gascogne,46.84563,-3.80894,14.6,334,En route au moteur,Le Havre,201.3,15.5,0,Normale
2026-09-28 06:21:00,268212356,MARIE-JEANNE,Pêcheur,Singapour,Golfe de Gascogne,45.54438,-2.07539,0.3,96,Au mouillage,Cherbourg,28.3,5.0,0,Normale
2026-09-28 06:21:00,349926919,LA BELLE POULE,Pétrolier,Liberia,Méditerranée / Rade de Toulon,43.12877,5.9316,5.9,290,En route au moteur,Gênes,38.1,3.8,0,Normale
2026-09-28 06:22:00,565260635,OCEAN VOYAGER,Pêcheur,France,Manche / Pas-de-Calais,50.75728,1.61305,0.5,261,Au mouillage,Anvers,25.9,2.9,0,Normale
2026-09-28 06:23:00,376777762,VB PROVENCE,Remorqueur,Russie,Méditerranée / Rade de Toulon,43.08,6.02,0.3,177,Au mouillage,Anvers,35.1,5.0,1,Stationnement prolonge suspect pres base navale
2026-09-28 06:24:00,268212356,MARIE-JEANNE,Pêcheur,Singapour,Golfe de Gascogne,45.34962,-2.4411,3.4,27,En route au moteur,Cherbourg,28.3,5.0,0,Normale
2026-09-28 06:24:00,652991960,ABEILLE FLANDRE,Remorqueur,Panama,Manche / Pas-de-Calais,50.54367,0.70657,12.3,2,En route au moteur,Dunkerque,47.5,4.6,0,Normale
2026-09-28 06:24:00,600957212,CORSICA VERA,Pétrolier,Russie,Mer d Iroise / Brest,48.44698,-4.79122,18.0,348,En route au moteur,Rotterdam,202.0,6.4,0,Normale
2026-09-28 06:25:00,597478786,NORDIC FREEDOM,Pétrolier,Malte,Manche / Pas-de-Calais,50.45799,1.12732,12.8,63,En route au moteur,Gênes,195.6,13.4,0,Normale
2026-09-28 06:25:00,530190783,PONT AVEN,Passagers,Liberia,Manche / Pas-de-Calais,49.86935,-0.72849,19.0,42,En route au moteur,Marseille,134.6,7.3,0,Normale
2026-09-28 06:25:00,308449460,FRONT ALTAIR,Pétrolier,Russie,Golfe de Gascogne,45.5837,-2.30841,12.0,333,En route au moteur,Brest,207.3,16.7,0,Normale
2026-09-28 06:25:00,600957212,CORSICA VERA,Pétrolier,Russie,Mer d Iroise / Brest,48.53567,-5.04449,20.8,285,En route au moteur,Rotterdam,202.0,6.4,0,Normale
2026-09-28 06:26:00,383758720,ENERGY TRIUMPH,Pétrolier,Danemark,Méditerranée / Rade de Toulon,42.85944,5.64092,0.4,29,Au mouillage,Anvers,284.0,12.5,0,Normale
2026-09-28 06:26:00,227901393,FS AQUITAINE,Pétrolier,France,Golfe de Gascogne,45.6869,-3.52359,18.8,227,Capacité de manœuvre restreinte,Portsmouth,119.7,6.8,0,Normale
2026-09-28 06:27:00,453810544,VB CROISIC,Remorqueur,Panama,Méditerranée / Rade de Toulon,42.84341,5.49076,12.7,142,En route au moteur,Le Havre,53.3,5.2,0,Normale
2026-09-28 06:27:00,652991960,ABEILLE FLANDRE,Remorqueur,Panama,Manche / Pas-de-Calais,50.74779,0.563,8.9,182,En route au moteur,Dunkerque,47.5,4.6,0,Normale
2026-09-28 06:27:00,745098869,LE CONQUERANT,Pétrolier,Chine,Mer d Iroise / Brest,48.16866,-4.3809,7.8,192,En route au moteur,Cherbourg,23.4,3.4,0,Normale
2026-09-28 06:28:00,693303705,ATLANTIC CONVEYOR,Cargo,Danemark,Manche / Pas-de-Calais,50.31995,1.16659,17.6,171,En route au moteur,Cherbourg,207.5,16.0,0,Normale
2026-09-28 06:28:00,308449460,FRONT ALTAIR,Pétrolier,Russie,Golfe de Gascogne,45.48021,-3.9117,12.9,17,En route au moteur,Brest,207.3,16.7,0,Normale
2026-09-28 06:28:00,234467368,SEAWAYS KILIMANJARO,Pétrolier,Malte,Golfe de Gascogne,45.61827,-2.20983,12.1,29,En route au moteur,Rotterdam,228.2,11.6,0,Normale
2026-09-28 06:29:00,212327652,CAP FINISTERE,Pêcheur,Grèce,Golfe de Gascogne,44.91038,-2.28926,4.6,74,En route au moteur,Portsmouth,37.5,4.2,0,Normale
2026-09-28 06:29:00,453810544,VB CROISIC,Remorqueur,Panama,Méditerranée / Rade de Toulon,43.13129,6.36795,13.0,247,En route au moteur,Le Havre,53.3,5.2,0,Normale
2026-09-28 06:29:00,249203558,TI EUROPE,Pétrolier,Grèce,Manche / Pas-de-Calais,50.3061,0.72914,10.3,218,En route au moteur,Rotterdam,198.7,13.6,0,Normale
2026-09-28 06:29:00,737500247,L ARMAGNAC,Pêcheur,Panama,Golfe de Gascogne,46.93317,-4.11787,0.5,23,Au mouillage,Portsmouth,31.7,2.8,0,Normale
2026-09-28 06:30:00,769462919,ARMORIQUE,Passagers,France,Manche / Pas-de-Calais,50.26387,1.0415,20.7,35,En route au moteur,Saint-Nazaire,177.9,6.5,0,Normale
2026-09-28 06:30:00,449817734,MAERSK MC-KINNEY,Cargo,Danemark,Méditerranée / Rade de Toulon,42.79956,5.71251,14.4,89,En route au moteur,Rotterdam,312.4,13.6,0,Normale
2026-09-28 06:30:00,790907304,SMIT ROTTERDAM,Remorqueur,France,Manche / Pas-de-Calais,50.40393,0.20938,6.9,186,En route au moteur,Marseille,37.3,6.5,0,Normale
2026-09-28 06:31:00,376777762,VB PROVENCE,Remorqueur,Singapour,Méditerranée / Rade de Toulon,42.94902,6.08988,13.6,247,En route au moteur,Anvers,35.1,5.0,0,Normale
2026-09-28 06:31:00,564323393,ABEILLE BOURBON,Remorqueur,Russie,Méditerranée / Rade de Toulon,43.09794,5.64258,7.0,147,En route au moteur,Brest,46.2,4.5,0,Normale
2026-09-28 06:32:00,514797776,HAMBURG EXPRESS,Cargo,Grèce,Mer d Iroise / Brest,48.50474,-4.76461,20.0,8,En route au moteur,Marseille,316.1,15.6,0,Normale
2026-09-28 06:32:00,227508993,FS DIXMUDE,Militaire,France,Méditerranée / Rade de Toulon,42.76393,6.2765,22.8,280,En route au moteur,Rotterdam,105.7,5.5,0,Normale
2026-09-28 06:33:00,212327652,CAP FINISTERE,Pêcheur,Grèce,Golfe de Gascogne,45.87936,-3.36342,0.2,60,Au mouillage,Portsmouth,37.5,4.2,0,Normale
2026-09-28 06:33:00,785582861,CMA CGM ANTOINE,Cargo,France,Manche / Pas-de-Calais,50.10707,-0.63909,18.9,71,En route au moteur,Rotterdam,309.9,10.2,0,Normale
2026-09-28 06:34:00,798020238,PACIFIC JEWEL,Pétrolier,Liberia,Manche / Pas-de-Calais,50.77594,0.18481,13.1,345,En route au moteur,Rotterdam,276.4,18.6,0,Normale
2026-09-28 06:34:00,652991960,ABEILLE FLANDRE,Pétrolier,Panama,Manche / Pas-de-Calais,50.08356,-1.15478,13.1,81,En route au moteur,Dunkerque,47.5,4.6,0,Normale
2026-09-28 06:36:00,227690993,FS SOMME,Militaire,France,Méditerranée / Rade de Toulon,43.00873,5.65825,16.6,116,En route au moteur,Le Havre,131.7,6.5,0,Normale
2026-09-28 06:36:00,376777762,VB PROVENCE,Remorqueur,Russie,Méditerranée / Rade de Toulon,43.17459,6.09001,10.3,112,En route au moteur,Anvers,35.1,5.0,0,Normale
2026-09-28 06:36:00,319540831,EVER GIVEN,Cargo,Russie,Mer d Iroise / Brest,48.52274,-4.4959,16.5,248,En route au moteur,Marseille,343.1,11.6,0,Normale
2026-09-28 06:37:00,565341213,ONE APUS,Cargo,Îles Marshall,Golfe de Gascogne,46.5651,-3.02665,20.2,316,En route au moteur,Marseille,214.2,16.2,0,Normale
2026-09-28 06:38:00,268212356,MARIE-JEANNE,Pêcheur,Singapour,Golfe de Gascogne,44.82224,-2.83689,8.9,145,En route au moteur,Cherbourg,28.3,5.0,0,Normale
2026-09-28 06:38:00,721828280,BARFLEUR,Passagers,France,Mer d Iroise / Brest,48.10537,-5.00825,0.2,237,Au mouillage,Brest,208.2,6.6,0,Normale
2026-09-28 06:39:00,565260635,OCEAN VOYAGER,Pêcheur,France,Manche / Pas-de-Calais,50.25007,1.57681,4.2,285,En route au moteur,Anvers,25.9,2.9,0,Normale
2026-09-28 06:39:00,693303705,ATLANTIC CONVEYOR,Cargo,Danemark,Manche / Pas-de-Calais,50.1543,0.52264,18.4,90,En route au moteur,Cherbourg,207.5,16.0,0,Normale
2026-09-28 06:40:00,383758720,ENERGY TRIUMPH,Pétrolier,Danemark,Méditerranée / Rade de Toulon,42.82387,5.88153,12.6,81,En route au moteur,Anvers,284.0,12.5,0,Normale
2026-09-28 06:40:00,349926919,LA BELLE POULE,Pêcheur,Liberia,Méditerranée / Rade de Toulon,43.04128,5.75303,0.5,197,Au mouillage,Gênes,38.1,3.8,0,Normale
2026-09-28 06:40:00,227706073,FS JACQUES CHEVALLIER,Militaire,France,Manche / Pas-de-Calais,51.05127,0.68042,18.2,54,En route au moteur,Toulon,158.4,7.3,0,Normale
2026-09-28 06:40:00,514797776,HAMBURG EXPRESS,Cargo,Grèce,Mer d Iroise / Brest,48.16441,-4.93502,17.1,17,En route au moteur,Marseille,316.1,15.6,0,Normale
2026-09-28 06:41:00,383758720,ENERGY TRIUMPH,Pétrolier,Danemark,Méditerranée / Rade de Toulon,42.70027,6.12647,11.4,143,En route au moteur,Anvers,284.0,12.5,0,Normale
2026-09-28 06:41:00,250590821,LE MORGAT,Pétrolier,France,Méditerranée / Rade de Toulon,42.89075,6.38023,5.3,299,En route au moteur,Gênes,22.1,2.9,0,Normale
2026-09-28 06:42:00,227706073,FS JACQUES CHEVALLIER,Militaire,France,Manche / Pas-de-Calais,50.47073,-0.64104,26.9,239,En route au moteur,Toulon,158.4,7.3,0,Normale
2026-09-28 06:42:00,308449460,FRONT ALTAIR,Pétrolier,Russie,Golfe de Gascogne,46.75357,-2.4369,0.1,265,Amarré,Brest,207.3,16.7,0,Normale
2026-09-28 06:43:00,721828280,BARFLEUR,Passagers,France,Mer d Iroise / Brest,48.31811,-4.7322,18.4,219,En route au moteur,Brest,208.2,6.6,0,Normale
2026-09-28 06:43:00,227822733,FS FORBIN,Militaire,France,Manche / Pas-de-Calais,49.94465,1.4742,21.1,138,En route au moteur,Marseille,136.8,6.4,0,Normale
2026-09-28 06:43:00,790907304,SMIT ROTTERDAM,Remorqueur,France,Manche / Pas-de-Calais,50.51106,1.68334,12.9,268,En route au moteur,Marseille,37.3,6.5,0,Normale
2026-09-28 06:44:00,628853029,PETIT JEAN,Pêcheur,Russie,Méditerranée / Rade de Toulon,42.73312,6.13435,7.5,308,En route au moteur,Marseille,23.9,5.0,0,Normale
2026-09-28 06:45:00,249203558,TI EUROPE,Pétrolier,Grèce,Manche / Pas-de-Calais,50.12845,-0.38279,14.2,350,En route au moteur,Rotterdam,198.7,13.6,0,Normale
2026-09-28 06:45:00,349926919,LA BELLE POULE,Pêcheur,Liberia,Méditerranée / Rade de Toulon,42.90113,5.65777,8.0,28,En route au moteur,Gênes,38.1,3.8,0,Normale
2026-09-28 06:45:00,212327652,CAP FINISTERE,Pêcheur,Grèce,Golfe de Gascogne,46.44893,-2.77371,5.3,23,En route au moteur,Portsmouth,37.5,4.2,0,Normale
2026-09-28 06:45:00,564323393,ABEILLE BOURBON,Remorqueur,Russie,Méditerranée / Rade de Toulon,42.98187,6.26925,7.8,158,En route au moteur,Brest,46.2,4.5,0,Normale
2026-09-28 06:46:00,212327652,CAP FINISTERE,Pêcheur,Grèce,Golfe de Gascogne,45.32924,-1.83733,3.4,108,En route au moteur,Portsmouth,37.5,4.2,0,Normale
2026-09-28 06:47:00,268747287,PASCAL PAOLI,Passagers,Malte,Mer d Iroise / Brest,48.11995,-4.58118,25.7,324,En route au moteur,Le Havre,131.7,6.6,0,Normale
2026-09-28 06:47:00,227901393,FS AQUITAINE,Pétrolier,France,Golfe de Gascogne,47.17662,-3.18903,14.7,167,En route au moteur,Portsmouth,119.7,6.8,0,Normale
2026-09-28 06:48:00,736045484,TOTAL ENERGIES SPIRIT,Pétrolier,Singapour,Mer d Iroise / Brest,48.23897,-4.76395,10.0,99,En route au moteur,Anvers,310.4,16.8,0,Normale
2026-09-28 06:49:00,693303705,ATLANTIC CONVEYOR,Cargo,Danemark,Manche / Pas-de-Calais,49.85612,1.62348,15.1,347,En route au moteur,Cherbourg,207.5,16.0,0,Normale
2026-09-28 06:49:00,376777762,VB PROVENCE,Remorqueur,Russie,Méditerranée / Rade de Toulon,43.0971,6.47748,10.7,121,En route au moteur,Anvers,35.1,5.0,0,Normale
2026-09-28 06:50:00,349926919,LA BELLE POULE,Pêcheur,Liberia,Méditerranée / Rade de Toulon,43.07287,6.41292,0.0,155,Au mouillage,Gênes,38.1,3.8,0,Normale
2026-09-28 06:51:00,682334538,MSC OSCAR,Cargo,Chine,Mer d Iroise / Brest,48.39209,-4.69772,0.1,260,Au mouillage,Toulon,241.2,15.7,0,Normale
2026-09-28 06:51:00,693303705,ATLANTIC CONVEYOR,Cargo,Danemark,Manche / Pas-de-Calais,50.98995,-0.05517,19.6,56,En route au moteur,Cherbourg,207.5,16.0,0,Normale
2026-09-28 06:52:00,383758720,ENERGY TRIUMPH,Pétrolier,Danemark,Méditerranée / Rade de Toulon,42.82624,6.3479,10.3,251,En route au moteur,Anvers,284.0,12.5,0,Normale
2026-09-28 06:52:00,779064766,MEGA EXPRESS,Passagers,Russie,Méditerranée / Rade de Toulon,43.1842,6.06045,21.4,108,En route au moteur,Portsmouth,185.2,6.9,0,Normale
2026-09-28 06:52:00,721828280,BARFLEUR,Passagers,France,Mer d Iroise / Brest,48.38514,-4.94428,15.8,258,En route au moteur,Brest,208.2,6.6,0,Normale
2026-09-28 06:53:00,514797776,HAMBURG EXPRESS,Cargo,Grèce,Mer d Iroise / Brest,48.1838,-4.781,18.7,272,En route au moteur,Marseille,316.1,15.6,0,Normale
2026-09-28 06:53:00,227074441,FS CHEVALIER PAUL,Pétrolier,France,Manche / Pas-de-Calais,50.18069,-0.25515,23.2,281,En route au moteur,Le Havre,164.9,5.2,0,Normale
2026-09-28 06:54:00,745098869,LE CONQUERANT,Pétrolier,Chine,Mer d Iroise / Brest,48.14884,-4.91428,6.2,314,En route au moteur,Cherbourg,23.4,3.4,0,Normale
2026-09-28 06:55:00,227706073,FS JACQUES CHEVALLIER,Militaire,France,Manche / Pas-de-Calais,49.63955,-0.18986,13.3,134,En route au moteur,Toulon,158.4,7.3,0,Normale
2026-09-28 06:56:00,299585092,COSCO SHIPPING GLORY,Pétrolier,Russie,Golfe de Gascogne,45.44842,-1.83318,17.3,148,En route au moteur,Le Havre,201.3,15.5,0,Normale
2026-09-28 06:57:00,710330567,MONT ST MICHEL,Passagers,Danemark,Méditerranée / Rade de Toulon,43.11755,5.72928,18.5,274,En route au moteur,Rotterdam,143.2,6.6,0,Normale
2026-09-28 06:57:00,737500247,L ARMAGNAC,Pêcheur,Panama,Golfe de Gascogne,45.61052,-2.46957,3.5,334,En route au moteur,Portsmouth,31.7,2.8,0,Normale
2026-09-28 06:57:00,597478786,NORDIC FREEDOM,Pétrolier,Malte,Manche / Pas-de-Calais,49.74407,1.71472,10.3,263,En route au moteur,Gênes,195.6,13.4,0,Normale
2026-09-28 06:58:00,308449460,FRONT ALTAIR,Pétrolier,Russie,Golfe de Gascogne,45.36973,-2.23396,10.3,176,En route au moteur,Brest,207.3,16.7,0,Normale
2026-09-28 06:58:00,565341213,ONE APUS,Cargo,Îles Marshall,Golfe de Gascogne,45.10412,-3.76658,15.1,335,En route au moteur,Marseille,214.2,16.2,0,Normale
2026-09-28 07:00:00,710330567,MONT ST MICHEL,Passagers,Danemark,Méditerranée / Rade de Toulon,43.19624,6.35375,24.5,127,En route au moteur,Rotterdam,143.2,6.6,0,Normale
2026-09-28 07:00:00,565260635,OCEAN VOYAGER,Pêcheur,France,Manche / Pas-de-Calais,49.63287,0.43581,0.4,269,Au mouillage,Anvers,25.9,2.9,0,Normale
2026-09-28 07:00:00,736045484,TOTAL ENERGIES SPIRIT,Pétrolier,Singapour,Mer d Iroise / Brest,48.4837,-4.89838,11.7,77,En route au moteur,Anvers,310.4,16.8,0,Normale
2026-09-28 07:00:00,227706073,FS JACQUES CHEVALLIER,Militaire,France,Manche / Pas-de-Calais,50.62407,-1.18488,27.8,6,En route au moteur,Toulon,158.4,7.3,0,Normale
2026-09-28 07:01:00,565341213,ONE APUS,Cargo,Îles Marshall,Golfe de Gascogne,45.19821,-3.46173,17.1,147,En route au moteur,Marseille,214.2,16.2,0,Normale
2026-09-28 07:01:00,227706073,FS JACQUES CHEVALLIER,Militaire,France,Manche / Pas-de-Calais,50.4797,0.35324,14.0,181,En route au moteur,Toulon,158.4,7.3,0,Normale
2026-09-28 07:01:00,682334538,MSC OSCAR,Cargo,Chine,Mer d Iroise / Brest,48.27776,-4.97687,13.0,249,En route au moteur,Toulon,241.2,15.7,0,Normale
2026-09-28 07:01:00,514797776,HAMBURG EXPRESS,Cargo,Grèce,Mer d Iroise / Brest,48.55568,-4.81131,0.4,71,Au mouillage,Marseille,316.1,15.6,0,Normale
2026-09-28 07:02:00,785582861,CMA CGM ANTOINE,Cargo,France,Manche / Pas-de-Calais,51.09788,1.29609,13.0,227,En route au moteur,Rotterdam,309.9,10.2,0,Normale
2026-09-28 07:02:00,227074441,FS CHEVALIER PAUL,Pétrolier,France,Manche / Pas-de-Calais,49.73158,-0.23605,22.3,269,En route au moteur,Le Havre,164.9,5.2,0,Normale
2026-09-28 07:02:00,628853029,PETIT JEAN,Pêcheur,Russie,Méditerranée / Rade de Toulon,43.01465,6.03596,6.6,149,En route au moteur,Marseille,23.9,5.0,0,Normale
2026-09-28 07:02:00,736045484,TOTAL ENERGIES SPIRIT,Pétrolier,Singapour,Mer d Iroise / Brest,48.36415,-4.7624,10.3,331,En route au moteur,Anvers,310.4,16.8,0,Normale
2026-09-28 07:02:00,693303705,ATLANTIC CONVEYOR,Cargo,Danemark,Manche / Pas-de-Calais,50.53746,0.4617,17.7,115,En route au moteur,Cherbourg,207.5,16.0,0,Normale
2026-09-28 07:03:00,564323393,ABEILLE BOURBON,Remorqueur,Russie,Méditerranée / Rade de Toulon,42.91749,6.46064,7.3,161,En route au moteur,Brest,46.2,4.5,0,Normale
2026-09-28 07:03:00,250590821,LE MORGAT,Pétrolier,France,Méditerranée / Rade de Toulon,43.0129,6.36655,0.4,15,Au mouillage,Gênes,22.1,2.9,0,Normale
2026-09-28 07:03:00,212327652,CAP FINISTERE,Pêcheur,Grèce,Golfe de Gascogne,46.21614,-3.74434,5.0,186,En route au moteur,Portsmouth,37.5,4.2,0,Normale
2026-09-28 07:03:00,565341213,ONE APUS,Cargo,Îles Marshall,Golfe de Gascogne,46.26857,-3.92526,0.0,191,Au mouillage,Marseille,214.2,16.2,0,Normale
2026-09-28 07:04:00,628853029,PETIT JEAN,Pêcheur,Russie,Méditerranée / Rade de Toulon,43.09098,5.86917,5.8,48,En route au moteur,Marseille,23.9,5.0,0,Normale
2026-09-28 07:05:00,514797776,HAMBURG EXPRESS,Cargo,Grèce,Mer d Iroise / Brest,48.33812,-4.47759,13.0,257,En route au moteur,Marseille,316.1,15.6,0,Normale
2026-09-28 07:05:00,600957212,CORSICA VERA,Passagers,Royaume-Uni,Mer d Iroise / Brest,48.51229,-4.61612,18.6,291,En route au moteur,Rotterdam,202.0,6.4,0,Normale
2026-09-28 07:05:00,565260635,OCEAN VOYAGER,Pêcheur,France,Manche / Pas-de-Calais,50.67065,1.34529,4.8,358,En route au moteur,Anvers,25.9,2.9,0,Normale
2026-09-28 07:05:00,453810544,VB CROISIC,Remorqueur,Panama,Méditerranée / Rade de Toulon,42.96489,6.20342,7.2,307,En route au moteur,Le Havre,53.3,5.2,0,Normale
2026-09-28 07:06:00,249203558,TI EUROPE,Pétrolier,Grèce,Manche / Pas-de-Calais,49.79115,1.58076,0.4,140,Au mouillage,Rotterdam,198.7,13.6,0,Normale
2026-09-28 07:06:00,779064766,MEGA EXPRESS,Passagers,Russie,Méditerranée / Rade de Toulon,42.75925,6.371,17.1,272,En route au moteur,Portsmouth,185.2,6.9,0,Normale
2026-09-28 07:07:00,299585092,COSCO SHIPPING GLORY,Cargo,Singapour,Golfe de Gascogne,45.5423,-1.80097,16.7,209,En route au moteur,Le Havre,201.3,15.5,0,Normale
2026-09-28 07:07:00,234467368,SEAWAYS KILIMANJARO,Pétrolier,Malte,Golfe de Gascogne,45.22499,-1.90872,13.1,352,En route au moteur,Rotterdam,228.2,11.6,0,Normale
2026-09-28 07:07:00,737500247,L ARMAGNAC,Pêcheur,Panama,Golfe de Gascogne,47.03957,-2.78237,2.0,327,En route au moteur,Portsmouth,31.7,2.8,0,Normale
2026-09-28 07:08:00,779064766,MEGA EXPRESS,Passagers,Russie,Méditerranée / Rade de Toulon,42.94535,6.07234,15.4,352,En route au moteur,Portsmouth,185.2,6.9,0,Normale
2026-09-28 07:08:00,790907304,SMIT ROTTERDAM,Remorqueur,France,Manche / Pas-de-Calais,49.68883,-0.14576,12.4,124,En route au moteur,Marseille,37.3,6.5,0,Normale
2026-09-28 07:09:00,769462919,ARMORIQUE,Passagers,France,Manche / Pas-de-Calais,50.85,1.35,0.2,10,En route au moteur,Saint-Nazaire,177.9,6.5,1,Arret anormal en plein chenal de navigation
2026-09-28 07:09:00,565260635,OCEAN VOYAGER,Pêcheur,France,Manche / Pas-de-Calais,50.43601,1.63039,4.2,74,En route au moteur,Anvers,25.9,2.9,0,Normale
2026-09-28 07:09:00,564323393,ABEILLE BOURBON,Remorqueur,Russie,Méditerranée / Rade de Toulon,42.74955,6.03595,7.0,98,En route au moteur,Brest,46.2,4.5,0,Normale
2026-09-28 07:09:00,227074441,FS CHEVALIER PAUL,Pétrolier,France,Manche / Pas-de-Calais,50.10266,0.50816,18.1,327,En route au moteur,Le Havre,164.9,5.2,0,Normale
2026-09-28 07:09:00,721828280,BARFLEUR,Passagers,France,Mer d Iroise / Brest,48.55808,-4.58389,20.2,337,En route au moteur,Brest,208.2,6.6,0,Normale
2026-09-28 07:09:00,249203558,TI EUROPE,Pétrolier,Grèce,Manche / Pas-de-Calais,50.90609,0.80753,14.8,184,En route au moteur,Rotterdam,198.7,13.6,0,Normale
2026-09-28 07:10:00,769462919,ARMORIQUE,Passagers,France,Manche / Pas-de-Calais,50.35894,-0.37394,0.4,54,Au mouillage,Saint-Nazaire,177.9,6.5,0,Normale
2026-09-28 07:12:00,268747287,PASCAL PAOLI,Passagers,Malte,Mer d Iroise / Brest,48.44369,-4.36087,21.9,338,En route au moteur,Le Havre,131.7,6.6,0,Normale
2026-09-28 07:12:00,745098869,LE CONQUERANT,Pétrolier,Chine,Mer d Iroise / Brest,48.57495,-4.62148,2.6,282,En route au moteur,Cherbourg,23.4,3.4,0,Normale
2026-09-28 07:12:00,736045484,TOTAL ENERGIES SPIRIT,Pétrolier,Singapour,Mer d Iroise / Brest,48.4188,-5.00778,0.2,93,Au mouillage,Anvers,310.4,16.8,0,Normale
2026-09-28 07:13:00,514797776,HAMBURG EXPRESS,Cargo,Grèce,Mer d Iroise / Brest,48.28012,-4.66318,18.1,128,En route au moteur,Marseille,316.1,15.6,0,Normale
2026-09-28 07:13:00,227690993,FS SOMME,Militaire,France,Méditerranée / Rade de Toulon,42.87343,6.13686,0.0,311,Amarré,Le Havre,131.7,6.5,0,Normale
2026-09-28 07:14:00,227074441,FS CHEVALIER PAUL,Pétrolier,France,Manche / Pas-de-Calais,49.62503,-1.27714,12.6,30,En route au moteur,Le Havre,164.9,5.2,0,Normale
2026-09-28 07:14:00,769462919,ARMORIQUE,Passagers,France,Manche / Pas-de-Calais,50.16039,1.60835,16.1,154,En route au moteur,Saint-Nazaire,177.9,6.5,0,Normale
2026-09-28 07:15:00,693303705,ATLANTIC CONVEYOR,Cargo,Danemark,Manche / Pas-de-Calais,50.40645,0.16942,15.1,35,En route au moteur,Cherbourg,207.5,16.0,0,Normale
2026-09-28 07:15:00,564323393,ABEILLE BOURBON,Remorqueur,Russie,Méditerranée / Rade de Toulon,42.76266,5.74873,9.2,264,En route au moteur,Brest,46.2,4.5,0,Normale
2026-09-28 07:15:00,693303705,ATLANTIC CONVEYOR,Cargo,Danemark,Manche / Pas-de-Calais,50.11271,1.43017,12.7,47,En route au moteur,Cherbourg,207.5,16.0,0,Normale
2026-09-28 07:16:00,308449460,FRONT ALTAIR,Pétrolier,Singapour,Golfe de Gascogne,45.92678,-1.87391,13.5,332,En route au moteur,Brest,207.3,16.7,0,Normale
2026-09-28 07:16:00,449817734,MAERSK MC-KINNEY,Cargo,Danemark,Méditerranée / Rade de Toulon,43.04221,5.70841,17.9,91,En route au moteur,Rotterdam,312.4,13.6,0,Normale
2026-09-28 07:16:00,779064766,MEGA EXPRESS,Passagers,Russie,Méditerranée / Rade de Toulon,43.1585,5.61656,15.7,320,En route au moteur,Portsmouth,185.2,6.9,0,Normale
2026-09-28 07:16:00,565341213,ONE APUS,Cargo,Îles Marshall,Golfe de Gascogne,47.13224,-4.05536,13.9,197,En route au moteur,Marseille,214.2,16.2,0,Normale
2026-09-28 07:16:00,693303705,ATLANTIC CONVEYOR,Cargo,Danemark,Manche / Pas-de-Calais,49.96471,-0.42591,18.5,240,En route au moteur,Cherbourg,207.5,16.0,0,Normale
2026-09-28 07:17:00,565341213,ONE APUS,Cargo,Îles Marshall,Golfe de Gascogne,46.94105,-2.16099,19.3,296,En route au moteur,Marseille,214.2,16.2,0,Normale
2026-09-28 07:18:00,376777762,VB PROVENCE,Remorqueur,Singapour,Méditerranée / Rade de Toulon,42.94807,5.96186,12.7,85,En route au moteur,Anvers,35.1,5.0,0,Normale
2026-09-28 07:18:00,299585092,COSCO SHIPPING GLORY,Pétrolier,Russie,Golfe de Gascogne,44.97734,-2.46693,15.7,7,En route au moteur,Le Havre,201.3,15.5,0,Normale
2026-09-28 07:19:00,299585092,COSCO SHIPPING GLORY,Pétrolier,Russie,Golfe de Gascogne,45.98619,-3.33265,0.2,251,Au mouillage,Le Havre,201.3,15.5,0,Normale
2026-09-28 07:19:00,798020238,PACIFIC JEWEL,Pétrolier,Liberia,Manche / Pas-de-Calais,50.48896,-1.16018,10.9,288,En route au moteur,Rotterdam,276.4,18.6,0,Normale
2026-09-28 07:20:00,564323393,ABEILLE BOURBON,Remorqueur,Russie,Méditerranée / Rade de Toulon,42.7636,5.96897,9.5,26,En route au moteur,Brest,46.2,4.5,0,Normale
2026-09-28 07:21:00,745098869,LE CONQUERANT,Pétrolier,Chine,Mer d Iroise / Brest,48.44407,-4.71872,6.2,332,En route au moteur,Cherbourg,23.4,3.4,0,Normale
2026-09-28 07:21:00,376777762,VB PROVENCE,Remorqueur,Russie,Méditerranée / Rade de Toulon,42.73835,5.66404,10.2,43,En route au moteur,Anvers,35.1,5.0,0,Normale
2026-09-28 07:22:00,565341213,ONE APUS,Cargo,Îles Marshall,Golfe de Gascogne,45.57307,-3.844,17.6,299,En route au moteur,Marseille,214.2,16.2,0,Normale
2026-09-28 07:23:00,737500247,L ARMAGNAC,Pêcheur,Panama,Golfe de Gascogne,46.91224,-2.26159,0.1,353,Amarré,Portsmouth,31.7,2.8,0,Normale
2026-09-28 07:23:00,268747287,PASCAL PAOLI,Passagers,Malte,Mer d Iroise / Brest,48.5386,-4.34541,22.5,97,En route au moteur,Le Havre,131.7,6.6,0,Normale
2026-09-28 07:24:00,737500247,L ARMAGNAC,Pêcheur,Panama,Golfe de Gascogne,45.94205,-2.41124,3.8,204,En route au moteur,Portsmouth,31.7,2.8,0,Normale
2026-09-28 07:24:00,449817734,MAERSK MC-KINNEY,Cargo,Danemark,Méditerranée / Rade de Toulon,42.86406,5.52729,17.4,159,En route au moteur,Rotterdam,312.4,13.6,0,Normale
2026-09-28 07:24:00,249203558,TI EUROPE,Pétrolier,Grèce,Manche / Pas-de-Calais,50.22936,1.29115,13.2,31,En route au moteur,Rotterdam,198.7,13.6,0,Normale
2026-09-28 07:24:00,268747287,PASCAL PAOLI,Passagers,Malte,Mer d Iroise / Brest,48.27314,-4.51386,19.4,6,En route au moteur,Le Havre,131.7,6.6,0,Normale
2026-09-28 07:25:00,349926919,LA BELLE POULE,Pétrolier,Liberia,Méditerranée / Rade de Toulon,42.97924,5.41367,8.6,67,En route au moteur,Gênes,38.1,3.8,0,Normale
2026-09-28 07:25:00,565260635,OCEAN VOYAGER,Pêcheur,France,Manche / Pas-de-Calais,51.01964,1.41716,2.9,313,En route au moteur,Anvers,25.9,2.9,0,Normale
2026-09-28 07:26:00,530190783,PONT AVEN,Passagers,Liberia,Manche / Pas-de-Calais,50.68727,0.34647,0.1,266,Amarré,Marseille,134.6,7.3,0,Normale
2026-09-28 07:26:00,268747287,PASCAL PAOLI,Passagers,Malte,Mer d Iroise / Brest,48.39039,-4.69566,19.3,303,En route au moteur,Le Havre,131.7,6.6,0,Normale
2026-09-28 07:26:00,600957212,CORSICA VERA,Passagers,Royaume-Uni,Mer d Iroise / Brest,48.50346,-4.61452,15.5,11,En route au moteur,Rotterdam,202.0,6.4,0,Normale
2026-09-28 07:27:00,530190783,PONT AVEN,Passagers,Liberia,Manche / Pas-de-Calais,50.75825,-0.52525,15.8,137,En route au moteur,Marseille,134.6,7.3,0,Normale
2026-09-28 07:27:00,376777762,VB PROVENCE,Remorqueur,Singapour,Méditerranée / Rade de Toulon,42.75468,5.67305,6.5,313,En route au moteur,Anvers,35.1,5.0,0,Normale
2026-09-28 07:27:00,268212356,MARIE-JEANNE,Pêcheur,Singapour,Golfe de Gascogne,45.31982,-2.74434,5.4,112,En route au moteur,Cherbourg,28.3,5.0,0,Normale
2026-09-28 07:27:00,227706073,FS JACQUES CHEVALLIER,Militaire,France,Manche / Pas-de-Calais,49.88864,0.54172,12.8,291,En route au moteur,Toulon,158.4,7.3,0,Normale
2026-09-28 07:28:00,798020238,PACIFIC JEWEL,Pétrolier,Liberia,Manche / Pas-de-Calais,50.05138,0.0293,10.1,85,En route au moteur,Rotterdam,276.4,18.6,0,Normale
2026-09-28 07:29:00,449817734,MAERSK MC-KINNEY,Cargo,Danemark,Méditerranée / Rade de Toulon,42.73662,5.59579,12.6,116,En route au moteur,Rotterdam,312.4,13.6,0,Normale
2026-09-28 07:30:00,376777762,VB PROVENCE,Remorqueur,Singapour,Méditerranée / Rade de Toulon,43.11083,6.13703,8.0,5,En route au moteur,Anvers,35.1,5.0,0,Normale
2026-09-28 07:31:00,769462919,ARMORIQUE,Passagers,France,Manche / Pas-de-Calais,49.97308,0.14973,18.7,320,En route au moteur,Saint-Nazaire,177.9,6.5,0,Normale
2026-09-28 07:31:00,745098869,LE CONQUERANT,Pétrolier,Chine,Mer d Iroise / Brest,48.39136,-4.61081,7.9,150,En route au moteur,Cherbourg,23.4,3.4,0,Normale
2026-09-28 07:31:00,249203558,TI EUROPE,Pétrolier,Grèce,Manche / Pas-de-Calais,50.07598,0.2504,10.6,22,En route au moteur,Rotterdam,198.7,13.6,0,Normale
2026-09-28 07:31:00,234467368,SEAWAYS KILIMANJARO,Pétrolier,Malte,Golfe de Gascogne,45.26522,-1.90845,14.8,320,En route au moteur,Rotterdam,228.2,11.6,0,Normale
2026-09-28 07:32:00,600957212,CORSICA VERA,Passagers,Royaume-Uni,Mer d Iroise / Brest,48.46132,-5.00946,25.3,356,En route au moteur,Rotterdam,202.0,6.4,0,Normale
2026-09-28 07:32:00,268747287,PASCAL PAOLI,Passagers,Malte,Mer d Iroise / Brest,48.22504,-4.54663,0.4,63,Au mouillage,Le Havre,131.7,6.6,0,Normale
2026-09-28 07:32:00,682334538,MSC OSCAR,Cargo,Chine,Mer d Iroise / Brest,48.20881,-4.98887,18.8,0,En route au moteur,Toulon,241.2,15.7,0,Normale
2026-09-28 07:32:00,530190783,PONT AVEN,Passagers,Liberia,Manche / Pas-de-Calais,50.77065,-0.40015,23.4,32,En route au moteur,Marseille,134.6,7.3,0,Normale
2026-09-28 07:32:00,227901393,FS AQUITAINE,Pétrolier,France,Golfe de Gascogne,45.24296,-3.23657,27.8,324,En route au moteur,Portsmouth,119.7,6.8,0,Normale
2026-09-28 07:33:00,785582861,CMA CGM ANTOINE,Cargo,France,Manche / Pas-de-Calais,49.94339,0.72518,0.3,10,Au mouillage,Rotterdam,309.9,10.2,0,Normale
2026-09-28 07:33:00,565341213,ONE APUS,Cargo,Îles Marshall,Golfe de Gascogne,46.79625,-3.97625,18.6,66,En route au moteur,Marseille,214.2,16.2,0,Normale
2026-09-28 07:33:00,250590821,LE MORGAT,Pétrolier,France,Méditerranée / Rade de Toulon,43.07156,6.20667,0.5,67,Au mouillage,Gênes,22.1,2.9,0,Normale
2026-09-28 07:33:00,227822733,FS FORBIN,Militaire,Russie,Manche / Pas-de-Calais,50.59527,-0.44217,21.2,272,En route au moteur,Marseille,136.8,6.4,0,Normale
2026-09-28 07:34:00,453810544,VB CROISIC,Remorqueur,Panama,Méditerranée / Rade de Toulon,42.72844,6.05355,0.1,306,Au mouillage,Le Havre,53.3,5.2,0,Normale
2026-09-28 07:34:00,299585092,COSCO SHIPPING GLORY,Pétrolier,Singapour,Golfe de Gascogne,44.94926,-2.06758,16.0,189,En route au moteur,Le Havre,201.3,15.5,0,Normale
2026-09-28 07:34:00,736045484,TOTAL ENERGIES SPIRIT,Pétrolier,Singapour,Mer d Iroise / Brest,48.30994,-5.04694,12.3,212,Capacité de manœuvre restreinte,Anvers,310.4,16.8,0,Normale
2026-09-28 07:35:00,227690993,FS SOMME,Militaire,France,Méditerranée / Rade de Toulon,42.95129,5.5855,14.5,337,Capacité de manœuvre restreinte,Le Havre,131.7,6.5,0,Normale
2026-09-28 07:35:00,227706073,FS JACQUES CHEVALLIER,Militaire,France,Manche / Pas-de-Calais,50.49539,1.08865,0.0,211,Au mouillage,Toulon,158.4,7.3,0,Normale
2026-09-28 07:35:00,250590821,LE MORGAT,Pêcheur,France,Méditerranée / Rade de Toulon,42.72195,5.65462,0.2,190,Au mouillage,Gênes,22.1,2.9,0,Normale
2026-09-28 07:35:00,250590821,LE MORGAT,Pêcheur,France,Méditerranée / Rade de Toulon,42.88631,5.77699,4.8,233,En route au moteur,Gênes,22.1,2.9,0,Normale
2026-09-28 07:36:00,268747287,PASCAL PAOLI,Passagers,Malte,Mer d Iroise / Brest,48.36057,-4.31431,22.5,159,En route au moteur,Le Havre,131.7,6.6,0,Normale
2026-09-28 07:36:00,227901393,FS AQUITAINE,Pétrolier,France,Golfe de Gascogne,45.89154,-3.79268,24.8,295,En route au moteur,Portsmouth,119.7,6.8,1,Vitesse excessive suspecte pour petrolier (> 24 noeuds)
2026-09-28 07:36:00,308449460,FRONT ALTAIR,Pétrolier,Russie,Golfe de Gascogne,45.03998,-2.27066,12.5,179,En route au moteur,Brest,207.3,16.7,0,Normale
2026-09-28 07:37:00,227901393,FS AQUITAINE,Militaire,France,Golfe de Gascogne,46.0695,-2.51891,0.3,311,Au mouillage,Portsmouth,119.7,6.8,0,Normale
2026-09-28 07:38:00,693303705,ATLANTIC CONVEYOR,Cargo,Danemark,Manche / Pas-de-Calais,50.38658,-0.7048,14.3,181,En route au moteur,Cherbourg,207.5,16.0,0,Normale
2026-09-28 07:38:00,349926919,LA BELLE POULE,Pêcheur,Liberia,Méditerranée / Rade de Toulon,42.72482,6.02895,0.1,184,Au mouillage,Gênes,38.1,3.8,0,Normale
2026-09-28 07:39:00,227074441,FS CHEVALIER PAUL,Pétrolier,France,Manche / Pas-de-Calais,50.25725,0.79932,16.8,58,En route au moteur,Le Havre,164.9,5.2,0,Normale
2026-09-28 07:39:00,227822733,FS FORBIN,Militaire,Russie,Manche / Pas-de-Calais,49.75184,-0.73764,15.1,336,En route au moteur,Marseille,136.8,6.4,0,Normale
2026-09-28 07:39:00,449817734,MAERSK MC-KINNEY,Cargo,Danemark,Méditerranée / Rade de Toulon,43.15886,6.10117,15.9,333,Capacité de manœuvre restreinte,Rotterdam,312.4,13.6,0,Normale
2026-09-28 07:39:00,721828280,BARFLEUR,Passagers,France,Mer d Iroise / Brest,48.16545,-4.49819,23.9,155,En route au moteur,Brest,208.2,6.6,0,Normale
2026-09-28 07:39:00,250590821,LE MORGAT,Pétrolier,France,Méditerranée / Rade de Toulon,42.81613,5.94262,5.6,268,En route au moteur,Gênes,22.1,2.9,0,Normale
2026-09-28 07:39:00,565260635,OCEAN VOYAGER,Pêcheur,France,Manche / Pas-de-Calais,50.88684,-0.58432,0.3,8,Au mouillage,Anvers,25.9,2.9,0,Normale
2026-09-28 07:41:00,514797776,HAMBURG EXPRESS,Cargo,Grèce,Mer d Iroise / Brest,48.37089,-4.87172,18.9,78,En route au moteur,Marseille,316.1,15.6,0,Normale
2026-09-28 07:42:00,600957212,CORSICA VERA,Passagers,Royaume-Uni,Mer d Iroise / Brest,48.36298,-4.73446,19.5,335,En route au moteur,Rotterdam,202.0,6.4,0,Normale
2026-09-28 07:42:00,652991960,ABEILLE FLANDRE,Remorqueur,Panama,Manche / Pas-de-Calais,50.98739,0.35686,7.6,274,En route au moteur,Dunkerque,47.5,4.6,0,Normale
2026-09-28 07:42:00,597478786,NORDIC FREEDOM,Pétrolier,Malte,Manche / Pas-de-Calais,49.92169,-0.17815,12.8,356,En route au moteur,Gênes,195.6,13.4,0,Normale
2026-09-28 07:42:00,736045484,TOTAL ENERGIES SPIRIT,Pétrolier,Singapour,Mer d Iroise / Brest,48.46041,-4.45673,14.3,100,En route au moteur,Anvers,310.4,16.8,0,Normale
2026-09-28 07:42:00,737500247,L ARMAGNAC,Pêcheur,Panama,Golfe de Gascogne,44.8074,-2.1107,7.8,71,En route au moteur,Portsmouth,31.7,2.8,0,Normale
2026-09-28 07:42:00,227690993,FS SOMME,Militaire,France,Méditerranée / Rade de Toulon,43.01676,5.9537,0.3,215,Au mouillage,Le Havre,131.7,6.5,0,Normale
2026-09-28 07:42:00,721828280,BARFLEUR,Passagers,France,Mer d Iroise / Brest,48.27734,-4.34341,0.2,333,Au mouillage,Brest,208.2,6.6,0,Normale
2026-09-28 07:43:00,652991960,ABEILLE FLANDRE,Remorqueur,Panama,Manche / Pas-de-Calais,50.08815,0.52217,9.9,121,En route au moteur,Dunkerque,47.5,4.6,0,Normale
2026-09-28 07:43:00,790907304,SMIT ROTTERDAM,Remorqueur,France,Manche / Pas-de-Calais,50.24636,-0.66753,8.0,57,En route au moteur,Marseille,37.3,6.5,0,Normale
2026-09-28 07:43:00,227690993,FS SOMME,Militaire,France,Méditerranée / Rade de Toulon,42.83773,6.37086,18.5,201,En route au moteur,Le Havre,131.7,6.5,0,Normale
2026-09-28 07:43:00,319540831,EVER GIVEN,Cargo,Russie,Mer d Iroise / Brest,48.45655,-4.71156,14.0,222,En route au moteur,Marseille,343.1,11.6,0,Normale
2026-09-28 07:44:00,564323393,ABEILLE BOURBON,Remorqueur,Russie,Méditerranée / Rade de Toulon,43.09975,5.99058,6.8,58,En route au moteur,Brest,46.2,4.5,0,Normale
2026-09-28 07:44:00,565341213,ONE APUS,Cargo,Îles Marshall,Golfe de Gascogne,46.42615,-2.85778,15.4,49,En route au moteur,Marseille,214.2,16.2,0,Normale
2026-09-28 07:45:00,600957212,CORSICA VERA,Passagers,Royaume-Uni,Mer d Iroise / Brest,48.50548,-4.4301,0.0,330,Amarré,Rotterdam,202.0,6.4,0,Normale
2026-09-28 07:46:00,250590821,LE MORGAT,Pétrolier,France,Méditerranée / Rade de Toulon,43.19865,6.30889,6.2,289,En route au moteur,Gênes,22.1,2.9,0,Normale
2026-09-28 07:47:00,530190783,PONT AVEN,Passagers,Liberia,Manche / Pas-de-Calais,50.7741,-1.09244,24.6,301,En route au moteur,Marseille,134.6,7.3,0,Normale
2026-09-28 07:49:00,710330567,MONT ST MICHEL,Passagers,Danemark,Méditerranée / Rade de Toulon,42.82714,5.61551,24.4,110,En route au moteur,Rotterdam,143.2,6.6,0,Normale
2026-09-28 07:49:00,308449460,FRONT ALTAIR,Pétrolier,Russie,Golfe de Gascogne,45.22037,-1.87218,11.3,301,En route au moteur,Brest,207.3,16.7,0,Normale
2026-09-28 07:49:00,745098869,LE CONQUERANT,Pétrolier,Chine,Mer d Iroise / Brest,48.10258,-4.38784,4.5,51,En route au moteur,Cherbourg,23.4,3.4,0,Normale
2026-09-28 07:50:00,212327652,CAP FINISTERE,Pêcheur,Grèce,Golfe de Gascogne,46.18884,-1.97067,8.4,192,En route au moteur,Portsmouth,37.5,4.2,0,Normale
2026-09-28 07:50:00,227508993,FS DIXMUDE,Militaire,France,Méditerranée / Rade de Toulon,42.95533,5.85432,23.5,129,En route au moteur,Rotterdam,105.7,5.5,0,Normale
2026-09-28 07:50:00,227508993,FS DIXMUDE,Militaire,France,Méditerranée / Rade de Toulon,42.91049,6.25148,18.4,14,Capacité de manœuvre restreinte,Rotterdam,105.7,5.5,0,Normale
2026-09-28 07:51:00,249203558,TI EUROPE,Pétrolier,Grèce,Manche / Pas-de-Calais,50.52352,0.43654,13.3,271,En route au moteur,Rotterdam,198.7,13.6,0,Normale
2026-09-28 07:51:00,227822733,FS FORBIN,Militaire,Russie,Manche / Pas-de-Calais,50.27741,1.22913,27.9,265,En route au moteur,Marseille,136.8,6.4,0,Normale
2026-09-28 07:51:00,299585092,COSCO SHIPPING GLORY,Pétrolier,Singapour,Golfe de Gascogne,46.32683,-2.33594,13.3,107,En route au moteur,Le Havre,201.3,15.5,0,Normale
2026-09-28 07:51:00,268747287,PASCAL PAOLI,Passagers,Malte,Mer d Iroise / Brest,48.14291,-4.51458,0.5,221,Au mouillage,Le Havre,131.7,6.6,0,Normale
2026-09-28 07:51:00,745098869,LE CONQUERANT,Pétrolier,Chine,Mer d Iroise / Brest,48.13874,-4.74495,3.7,166,En route au moteur,Cherbourg,23.4,3.4,0,Normale
2026-09-28 07:52:00,693303705,ATLANTIC CONVEYOR,Cargo,Danemark,Manche / Pas-de-Calais,49.96084,1.45052,12.3,338,En route au moteur,Cherbourg,207.5,16.0,0,Normale
2026-09-28 07:52:00,268212356,MARIE-JEANNE,Pêcheur,Singapour,Golfe de Gascogne,47.12673,-3.00258,5.3,76,En route au moteur,Cherbourg,28.3,5.0,0,Normale
2026-09-28 07:53:00,693303705,ATLANTIC CONVEYOR,Cargo,Danemark,Manche / Pas-de-Calais,50.28869,0.46645,14.5,92,En route au moteur,Cherbourg,207.5,16.0,0,Normale
2026-09-28 07:53:00,349926919,LA BELLE POULE,Pétrolier,Liberia,Méditerranée / Rade de Toulon,42.80979,5.45845,3.9,33,En route au moteur,Gênes,38.1,3.8,0,Normale
2026-09-28 07:53:00,268212356,MARIE-JEANNE,Pêcheur,Singapour,Golfe de Gascogne,45.93242,-2.08596,8.8,211,En route au moteur,Cherbourg,28.3,5.0,0,Normale
2026-09-28 07:54:00,349926919,LA BELLE POULE,Pétrolier,Liberia,Méditerranée / Rade de Toulon,42.98549,5.95027,6.6,297,En route au moteur,Gênes,38.1,3.8,0,Normale
2026-09-28 07:55:00,227901393,FS AQUITAINE,Militaire,France,Golfe de Gascogne,46.93023,-3.14235,22.5,6,En route au moteur,Portsmouth,119.7,6.8,0,Normale
2026-09-28 07:56:00,227508993,FS DIXMUDE,Militaire,France,Méditerranée / Rade de Toulon,42.87259,5.52198,21.5,269,En route au moteur,Rotterdam,105.7,5.5,0,Normale
2026-09-28 07:56:00,600957212,CORSICA VERA,Passagers,Royaume-Uni,Mer d Iroise / Brest,48.14872,-4.57287,18.9,324,En route au moteur,Rotterdam,202.0,6.4,0,Normale
2026-09-28 07:56:00,299585092,COSCO SHIPPING GLORY,Cargo,Singapour,Golfe de Gascogne,46.49494,-2.67823,18.4,261,En route au moteur,Le Havre,201.3,15.5,0,Normale
2026-09-28 07:56:00,600957212,CORSICA VERA,Pétrolier,Russie,Méditerranée / Rade de Toulon,43.08,6.02,0.3,249,Au mouillage,Rotterdam,202.0,6.4,1,Stationnement prolonge suspect pres base navale
2026-09-28 07:57:00,319540831,EVER GIVEN,Cargo,France,Mer d Iroise / Brest,48.43447,-4.74347,0.3,318,Au mouillage,Marseille,343.1,11.6,0,Normale
2026-09-28 07:57:00,530190783,PONT AVEN,Passagers,Liberia,Manche / Pas-de-Calais,50.00393,-0.44949,15.7,14,En route au moteur,Marseille,134.6,7.3,0,Normale
2026-09-28 07:57:00,227074441,FS CHEVALIER PAUL,Pétrolier,France,Manche / Pas-de-Calais,50.01756,-1.37367,19.5,327,En route au moteur,Le Havre,164.9,5.2,0,Normale
2026-09-28 07:57:00,736045484,TOTAL ENERGIES SPIRIT,Pétrolier,Singapour,Mer d Iroise / Brest,48.4273,-4.9526,12.2,162,En route au moteur,Anvers,310.4,16.8,0,Normale
2026-09-28 07:58:00,628853029,PETIT JEAN,Pêcheur,Malte,Méditerranée / Rade de Toulon,43.14486,6.21666,4.0,107,En route au moteur,Marseille,23.9,5.0,0,Normale
2026-09-28 07:58:00,779064766,MEGA EXPRESS,Passagers,Russie,Méditerranée / Rade de Toulon,42.92669,6.06972,23.2,89,En route au moteur,Portsmouth,185.2,6.9,0,Normale
2026-09-28 07:58:00,779064766,MEGA EXPRESS,Passagers,Russie,Méditerranée / Rade de Toulon,43.1976,6.41993,18.9,287,En route au moteur,Portsmouth,185.2,6.9,0,Normale
2026-09-28 07:58:00,628853029,PETIT JEAN,Pêcheur,Russie,Méditerranée / Rade de Toulon,42.84549,5.52252,6.1,96,En route au moteur,Marseille,23.9,5.0,0,Normale
2026-09-28 07:58:00,249203558,TI EUROPE,Pétrolier,Grèce,Manche / Pas-de-Calais,50.25693,1.46058,0.2,99,Amarré,Rotterdam,198.7,13.6,0,Normale
2026-09-28 07:59:00,779064766,MEGA EXPRESS,Passagers,Russie,Méditerranée / Rade de Toulon,43.09682,6.02798,0.3,276,Amarré,Portsmouth,185.2,6.9,0,Normale
2026-09-28 08:00:00,268747287,PASCAL PAOLI,Passagers,Malte,Mer d Iroise / Brest,48.42385,-4.97682,18.2,139,Capacité de manœuvre restreinte,Le Havre,131.7,6.6,0,Normale
2026-09-28 08:00:00,453810544,VB CROISIC,Remorqueur,Panama,Méditerranée / Rade de Toulon,42.84135,6.26324,10.5,134,En route au moteur,Le Havre,53.3,5.2,0,Normale
2026-09-28 08:00:00,227508993,FS DIXMUDE,Militaire,France,Méditerranée / Rade de Toulon,42.74659,6.12533,0.3,0,Au mouillage,Rotterdam,105.7,5.5,0,Normale
2026-09-28 08:00:00,227822733,FS FORBIN,Militaire,Russie,Méditerranée / Rade de Toulon,43.08,6.02,0.3,286,Au mouillage,Marseille,136.8,6.4,1,Stationnement prolonge suspect pres base navale
2026-09-28 08:01:00,769462919,ARMORIQUE,Passagers,France,Manche / Pas-de-Calais,50.5024,-0.15155,21.3,20,En route au moteur,Saint-Nazaire,177.9,6.5,0,Normale
2026-09-28 08:02:00,319540831,EVER GIVEN,Cargo,France,Mer d Iroise / Brest,48.15831,-5.00236,20.2,115,En route au moteur,Marseille,343.1,11.6,0,Normale
2026-09-28 08:03:00,790907304,SMIT ROTTERDAM,Remorqueur,France,Manche / Pas-de-Calais,50.79434,0.36758,9.8,338,En route au moteur,Marseille,37.3,6.5,0,Normale
2026-09-28 08:03:00,710330567,MONT ST MICHEL,Passagers,Danemark,Méditerranée / Rade de Toulon,43.13489,5.64939,21.6,5,En route au moteur,Rotterdam,143.2,6.6,0,Normale
2026-09-28 08:03:00,308449460,FRONT ALTAIR,Pétrolier,Russie,Golfe de Gascogne,45.51651,-2.27736,14.6,350,En route au moteur,Brest,207.3,16.7,0,Normale
2026-09-28 08:04:00,268212356,MARIE-JEANNE,Pêcheur,Singapour,Golfe de Gascogne,46.17634,-2.89634,0.2,176,Au mouillage,Cherbourg,28.3,5.0,0,Normale
2026-09-28 08:04:00,249203558,TI EUROPE,Pétrolier,Grèce,Manche / Pas-de-Calais,50.64193,-0.59442,12.6,356,En route au moteur,Rotterdam,198.7,13.6,0,Normale
2026-09-28 08:04:00,376777762,VB PROVENCE,Remorqueur,Singapour,Méditerranée / Rade de Toulon,43.05404,5.53197,0.1,336,Au mouillage,Anvers,35.1,5.0,0,Normale
2026-09-28 08:06:00,249203558,TI EUROPE,Pétrolier,Grèce,Manche / Pas-de-Calais,50.48436,-0.23269,11.6,71,Capacité de manœuvre restreinte,Rotterdam,198.7,13.6,0,Normale
2026-09-28 08:06:00,597478786,NORDIC FREEDOM,Pétrolier,Malte,Manche / Pas-de-Calais,50.14989,0.64678,14.4,130,En route au moteur,Gênes,195.6,13.4,0,Normale
2026-09-28 08:06:00,652991960,ABEILLE FLANDRE,Remorqueur,Panama,Manche / Pas-de-Calais,50.75822,-0.01333,13.6,68,En route au moteur,Dunkerque,47.5,4.6,0,Normale
2026-09-28 08:06:00,227690993,FS SOMME,Militaire,France,Méditerranée / Rade de Toulon,42.7106,5.44898,13.6,212,En route au moteur,Le Havre,131.7,6.5,0,Normale
2026-09-28 08:06:00,250590821,LE MORGAT,Pétrolier,France,Méditerranée / Rade de Toulon,43.1065,5.81564,7.7,138,En route au moteur,Gênes,22.1,2.9,0,Normale
2026-09-28 08:07:00,600957212,CORSICA VERA,Passagers,Royaume-Uni,Mer d Iroise / Brest,48.33435,-4.85673,18.0,276,En route au moteur,Rotterdam,202.0,6.4,0,Normale
2026-09-28 08:07:00,785582861,CMA CGM ANTOINE,Cargo,France,Manche / Pas-de-Calais,50.99415,-0.97865,20.9,219,En route au moteur,Rotterdam,309.9,10.2,0,Normale
2026-09-28 08:07:00,530190783,PONT AVEN,Passagers,Liberia,Manche / Pas-de-Calais,50.01514,-0.3709,20.3,344,En route au moteur,Marseille,134.6,7.3,0,Normale
2026-09-28 08:07:00,299585092,COSCO SHIPPING GLORY,Pétrolier,Russie,Golfe de Gascogne,46.01476,-3.32746,15.8,336,En route au moteur,Le Havre,201.3,15.5,0,Normale
2026-09-28 08:07:00,212327652,CAP FINISTERE,Pêcheur,Grèce,Golfe de Gascogne,46.09902,-2.73591,8.2,174,En route au moteur,Portsmouth,37.5,4.2,0,Normale
2026-09-28 08:09:00,798020238,PACIFIC JEWEL,Pétrolier,Liberia,Manche / Pas-de-Calais,49.66401,-1.24138,11.0,321,En route au moteur,Rotterdam,276.4,18.6,0,Normale
2026-09-28 08:09:00,530190783,PONT AVEN,Passagers,Liberia,Manche / Pas-de-Calais,50.3807,0.28461,20.6,159,En route au moteur,Marseille,134.6,7.3,0,Normale
2026-09-28 08:09:00,693303705,ATLANTIC CONVEYOR,Cargo,Danemark,Manche / Pas-de-Calais,50.90419,1.25173,13.5,37,En route au moteur,Cherbourg,207.5,16.0,0,Normale
2026-09-28 08:09:00,227822733,FS FORBIN,Militaire,Russie,Manche / Pas-de-Calais,50.84656,-0.52669,23.3,61,En route au moteur,Marseille,136.8,6.4,0,Normale
2026-09-28 08:09:00,693303705,ATLANTIC CONVEYOR,Cargo,Danemark,Manche / Pas-de-Calais,50.79533,0.43815,15.0,303,En route au moteur,Cherbourg,207.5,16.0,0,Normale
2026-09-28 08:10:00,565341213,ONE APUS,Cargo,Îles Marshall,Golfe de Gascogne,44.94881,-2.27427,17.5,221,En route au moteur,Marseille,214.2,16.2,0,Normale
2026-09-28 08:11:00,745098869,LE CONQUERANT,Pétrolier,Chine,Mer d Iroise / Brest,48.53898,-4.47579,3.3,66,En route au moteur,Cherbourg,23.4,3.4,0,Normale
2026-09-28 08:11:00,600957212,CORSICA VERA,Passagers,Royaume-Uni,Mer d Iroise / Brest,48.14599,-4.42218,0.1,236,Au mouillage,Rotterdam,202.0,6.4,0,Normale
2026-09-28 08:11:00,227074441,FS CHEVALIER PAUL,Pétrolier,France,Manche / Pas-de-Calais,50.71138,0.89312,26.6,348,En route au moteur,Le Havre,164.9,5.2,0,Normale
2026-09-28 08:11:00,736045484,TOTAL ENERGIES SPIRIT,Pétrolier,Singapour,Mer d Iroise / Brest,48.52841,-4.98611,10.6,66,En route au moteur,Anvers,310.4,16.8,0,Normale
2026-09-28 08:11:00,628853029,PETIT JEAN,Pêcheur,Russie,Méditerranée / Rade de Toulon,42.86144,5.99398,6.7,49,Capacité de manœuvre restreinte,Marseille,23.9,5.0,0,Normale
2026-09-28 08:12:00,721828280,BARFLEUR,Passagers,France,Mer d Iroise / Brest,48.39752,-4.3496,19.1,168,En route au moteur,Brest,208.2,6.6,0,Normale
2026-09-28 08:12:00,212327652,CAP FINISTERE,Pêcheur,Grèce,Golfe de Gascogne,45.0465,-2.99199,2.5,23,En route au moteur,Portsmouth,37.5,4.2,0,Normale
2026-09-28 08:12:00,745098869,LE CONQUERANT,Pétrolier,Chine,Mer d Iroise / Brest,48.45133,-5.0221,7.2,51,En route au moteur,Cherbourg,23.4,3.4,0,Normale
2026-09-28 08:12:00,227074441,FS CHEVALIER PAUL,Pétrolier,France,Manche / Pas-de-Calais,50.00576,-1.36225,20.1,332,En route au moteur,Le Havre,164.9,5.2,0,Normale
2026-09-28 08:13:00,721828280,BARFLEUR,Passagers,France,Mer d Iroise / Brest,48.48033,-4.68802,17.7,62,En route au moteur,Brest,208.2,6.6,0,Normale
2026-09-28 08:13:00,736045484,TOTAL ENERGIES SPIRIT,Pétrolier,Singapour,Mer d Iroise / Brest,48.19907,-4.77953,14.7,43,En route au moteur,Anvers,310.4,16.8,0,Normale
2026-09-28 08:13:00,693303705,ATLANTIC CONVEYOR,Cargo,Danemark,Manche / Pas-de-Calais,50.54434,0.48606,20.7,335,En route au moteur,Cherbourg,207.5,16.0,0,Normale
2026-09-28 08:14:00,514797776,HAMBURG EXPRESS,Cargo,Grèce,Mer d Iroise / Brest,48.5617,-4.71639,15.3,226,En route au moteur,Marseille,316.1,15.6,0,Normale
2026-09-28 08:14:00,790907304,SMIT ROTTERDAM,Remorqueur,France,Manche / Pas-de-Calais,50.13857,-1.18283,6.8,228,En route au moteur,Marseille,37.3,6.5,0,Normale
2026-09-28 08:15:00,565260635,OCEAN VOYAGER,Pêcheur,France,Manche / Pas-de-Calais,50.18026,1.26861,5.8,88,En route au moteur,Anvers,25.9,2.9,0,Normale
2026-09-28 08:15:00,514797776,HAMBURG EXPRESS,Cargo,Grèce,Mer d Iroise / Brest,48.44808,-5.05308,13.4,213,Capacité de manœuvre restreinte,Marseille,316.1,15.6,0,Normale
2026-09-28 08:15:00,628853029,PETIT JEAN,Pêcheur,Russie,Méditerranée / Rade de Toulon,43.0079,5.70274,7.2,309,En route au moteur,Marseille,23.9,5.0,0,Normale
2026-09-28 08:15:00,790907304,SMIT ROTTERDAM,Remorqueur,France,Manche / Pas-de-Calais,50.74293,0.16572,9.0,229,En route au moteur,Marseille,37.3,6.5,0,Normale
2026-09-28 08:15:00,514797776,HAMBURG EXPRESS,Cargo,Grèce,Mer d Iroise / Brest,48.30064,-4.88091,13.3,9,En route au moteur,Marseille,316.1,15.6,0,Normale
2026-09-28 08:16:00,227690993,FS SOMME,Militaire,France,Méditerranée / Rade de Toulon,43.02677,5.78255,20.6,270,En route au moteur,Le Havre,131.7,6.5,0,Normale
2026-09-28 08:16:00,227074441,FS CHEVALIER PAUL,Pétrolier,France,Manche / Pas-de-Calais,50.90717,1.71552,15.4,196,En route au moteur,Le Havre,164.9,5.2,0,Normale
2026-09-28 08:17:00,597478786,NORDIC FREEDOM,Pétrolier,Malte,Manche / Pas-de-Calais,50.54431,-1.37067,10.3,132,En route au moteur,Gênes,195.6,13.4,0,Normale
2026-09-28 08:17:00,779064766,MEGA EXPRESS,Passagers,Russie,Méditerranée / Rade de Toulon,42.82726,6.24244,0.0,306,Au mouillage,Portsmouth,185.2,6.9,0,Normale
2026-09-28 08:17:00,249203558,TI EUROPE,Pétrolier,Grèce,Manche / Pas-de-Calais,49.6174,0.63968,14.4,336,En route au moteur,Rotterdam,198.7,13.6,0,Normale
2026-09-28 08:18:00,779064766,MEGA EXPRESS,Passagers,Russie,Méditerranée / Rade de Toulon,43.13343,5.5999,18.6,232,En route au moteur,Portsmouth,185.2,6.9,0,Normale
2026-09-28 08:18:00,227690993,FS SOMME,Militaire,France,Méditerranée / Rade de Toulon,42.89432,5.80811,23.1,276,Capacité de manœuvre restreinte,Le Havre,131.7,6.5,0,Normale
2026-09-28 08:18:00,721828280,BARFLEUR,Passagers,France,Mer d Iroise / Brest,48.49026,-4.68057,16.9,102,En route au moteur,Brest,208.2,6.6,0,Normale
2026-09-28 08:18:00,227690993,FS SOMME,Militaire,France,Méditerranée / Rade de Toulon,42.89653,5.75581,19.3,103,En route au moteur,Le Havre,131.7,6.5,0,Normale
2026-09-28 08:19:00,227508993,FS DIXMUDE,Militaire,France,Méditerranée / Rade de Toulon,43.13201,5.70387,18.6,259,En route au moteur,Rotterdam,105.7,5.5,0,Normale
2026-09-28 08:19:00,790907304,SMIT ROTTERDAM,Remorqueur,France,Manche / Pas-de-Calais,50.05065,0.4906,9.3,90,En route au moteur,Marseille,37.3,6.5,0,Normale
2026-09-28 08:19:00,565260635,OCEAN VOYAGER,Pêcheur,France,Manche / Pas-de-Calais,51.06379,0.91676,6.5,249,En route au moteur,Anvers,25.9,2.9,0,Normale
2026-09-28 08:19:00,383758720,ENERGY TRIUMPH,Pétrolier,Danemark,Méditerranée / Rade de Toulon,42.8448,6.10058,11.4,318,En route au moteur,Anvers,284.0,12.5,0,Normale
2026-09-28 08:19:00,779064766,MEGA EXPRESS,Passagers,Russie,Méditerranée / Rade de Toulon,42.74233,6.10647,20.0,356,En route au moteur,Portsmouth,185.2,6.9,0,Normale
2026-09-28 08:19:00,250590821,LE MORGAT,Pétrolier,France,Méditerranée / Rade de Toulon,42.71457,6.26864,5.9,329,En route au moteur,Gênes,22.1,2.9,0,Normale
2026-09-28 08:19:00,227508993,FS DIXMUDE,Militaire,France,Méditerranée / Rade de Toulon,42.93983,5.96651,0.4,357,Amarré,Rotterdam,105.7,5.5,0,Normale
2026-09-28 08:20:00,710330567,MONT ST MICHEL,Passagers,Danemark,Méditerranée / Rade de Toulon,43.12127,5.65458,15.1,258,En route au moteur,Rotterdam,143.2,6.6,0,Normale
2026-09-28 08:20:00,319540831,EVER GIVEN,Cargo,France,Mer d Iroise / Brest,48.35909,-4.80159,15.1,83,En route au moteur,Marseille,343.1,11.6,0,Normale
2026-09-28 08:20:00,227822733,FS FORBIN,Militaire,Russie,Manche / Pas-de-Calais,50.69015,1.16638,18.0,10,En route au moteur,Marseille,136.8,6.4,0,Normale
2026-09-28 08:21:00,682334538,MSC OSCAR,Cargo,Chine,Mer d Iroise / Brest,48.35934,-4.65129,0.2,192,Amarré,Toulon,241.2,15.7,0,Normale
2026-09-28 08:21:00,319540831,EVER GIVEN,Cargo,France,Mer d Iroise / Brest,48.43168,-4.96359,15.9,318,En route au moteur,Marseille,343.1,11.6,0,Normale
2026-09-28 08:21:00,721828280,BARFLEUR,Passagers,France,Mer d Iroise / Brest,48.5275,-4.57257,19.9,358,En route au moteur,Brest,208.2,6.6,0,Normale
2026-09-28 08:21:00,693303705,ATLANTIC CONVEYOR,Cargo,Danemark,Manche / Pas-de-Calais,50.38986,0.79064,18.2,183,En route au moteur,Cherbourg,207.5,16.0,0,Normale
2026-09-28 08:22:00,227901393,FS AQUITAINE,Militaire,France,Golfe de Gascogne,46.32001,-3.61915,23.4,193,En route au moteur,Portsmouth,119.7,6.8,0,Normale
2026-09-28 08:22:00,449817734,MAERSK MC-KINNEY,Cargo,Danemark,Méditerranée / Rade de Toulon,43.039,5.52856,17.6,112,En route au moteur,Rotterdam,312.4,13.6,0,Normale
2026-09-28 08:23:00,514797776,HAMBURG EXPRESS,Cargo,Grèce,Mer d Iroise / Brest,48.12267,-5.07023,0.1,120,Amarré,Marseille,316.1,15.6,0,Normale
2026-09-28 08:23:00,514797776,HAMBURG EXPRESS,Cargo,Grèce,Mer d Iroise / Brest,48.46254,-4.30094,0.1,258,Au mouillage,Marseille,316.1,15.6,0,Normale
2026-09-28 08:23:00,597478786,NORDIC FREEDOM,Pétrolier,Malte,Manche / Pas-de-Calais,50.13061,-0.06793,14.4,101,En route au moteur,Gênes,195.6,13.4,0,Normale
2026-09-28 08:24:00,212327652,CAP FINISTERE,Pêcheur,Grèce,Golfe de Gascogne,46.72358,-3.09909,2.0,75,En route au moteur,Portsmouth,37.5,4.2,0,Normale
2026-09-28 08:24:00,769462919,ARMORIQUE,Passagers,France,Manche / Pas-de-Calais,49.95918,1.19803,19.4,183,En route au moteur,Saint-Nazaire,177.9,6.5,0,Normale
2026-09-28 08:25:00,514797776,HAMBURG EXPRESS,Cargo,Grèce,Mer d Iroise / Brest,48.27416,-4.82555,16.7,178,En route au moteur,Marseille,316.1,15.6,0,Normale
2026-09-28 08:25:00,564323393,ABEILLE BOURBON,Remorqueur,Russie,Méditerranée / Rade de Toulon,42.98155,5.60706,0.4,252,Amarré,Brest,46.2,4.5,0,Normale
2026-09-28 08:25:00,308449460,FRONT ALTAIR,Pétrolier,Russie,Golfe de Gascogne,46.6811,-3.18778,11.5,145,Capacité de manœuvre restreinte,Brest,207.3,16.7,0,Normale
2026-09-28 08:25:00,798020238,PACIFIC JEWEL,Pétrolier,Liberia,Manche / Pas-de-Calais,50.04956,1.24767,13.0,110,Capacité de manœuvre restreinte,Rotterdam,276.4,18.6,0,Normale
2026-09-28 08:26:00,565341213,ONE APUS,Cargo,Îles Marshall,Golfe de Gascogne,44.97292,-3.61139,0.5,51,Au mouillage,Marseille,214.2,16.2,0,Normale
2026-09-28 08:26:00,250590821,LE MORGAT,Pétrolier,France,Méditerranée / Rade de Toulon,43.1693,6.0596,2.1,54,En route au moteur,Gênes,22.1,2.9,0,Normale
2026-09-28 08:26:00,250590821,LE MORGAT,Pétrolier,France,Méditerranée / Rade de Toulon,43.11994,6.01653,7.5,350,En route au moteur,Gênes,22.1,2.9,0,Normale
2026-09-28 08:26:00,597478786,NORDIC FREEDOM,Pétrolier,Malte,Manche / Pas-de-Calais,50.42069,-0.45207,10.3,265,En route au moteur,Gênes,195.6,13.4,0,Normale
2026-09-28 08:27:00,597478786,NORDIC FREEDOM,Pétrolier,Malte,Manche / Pas-de-Calais,50.35868,0.09972,14.8,262,En route au moteur,Gênes,195.6,13.4,0,Normale
2026-09-28 08:27:00,737500247,L ARMAGNAC,Pêcheur,Panama,Golfe de Gascogne,46.74323,-1.85804,3.2,250,En route au moteur,Portsmouth,31.7,2.8,0,Normale
2026-09-28 08:28:00,376777762,VB PROVENCE,Remorqueur,Singapour,Méditerranée / Rade de Toulon,43.13413,6.10464,8.8,313,Capacité de manœuvre restreinte,Anvers,35.1,5.0,0,Normale
2026-09-28 08:28:00,565260635,OCEAN VOYAGER,Pêcheur,France,Manche / Pas-de-Calais,50.82422,-0.52048,6.8,75,En route au moteur,Anvers,25.9,2.9,0,Normale
2026-09-28 08:29:00,737500247,L ARMAGNAC,Pêcheur,Panama,Golfe de Gascogne,45.13024,-3.51149,0.3,71,Au mouillage,Portsmouth,31.7,2.8,0,Normale
2026-09-28 08:29:00,250590821,LE MORGAT,Pétrolier,France,Méditerranée / Rade de Toulon,43.13443,5.64834,4.6,113,En route au moteur,Gênes,22.1,2.9,0,Normale
2026-09-28 08:30:00,453810544,VB CROISIC,Remorqueur,Panama,Méditerranée / Rade de Toulon,42.76014,6.23291,13.9,108,En route au moteur,Le Havre,53.3,5.2,0,Normale
2026-09-28 08:31:00,737500247,L ARMAGNAC,Pêcheur,Panama,Golfe de Gascogne,46.69275,-2.76964,8.9,66,En route au moteur,Portsmouth,31.7,2.8,0,Normale
2026-09-28 08:31:00,565260635,OCEAN VOYAGER,Pêcheur,France,Manche / Pas-de-Calais,49.73682,-0.68088,5.6,346,En route au moteur,Anvers,25.9,2.9,0,Normale
2026-09-28 08:31:00,376777762,VB PROVENCE,Remorqueur,Russie,Méditerranée / Rade de Toulon,43.17102,5.70553,12.9,26,En route au moteur,Anvers,35.1,5.0,0,Normale
2026-09-28 08:32:00,227901393,FS AQUITAINE,Militaire,France,Golfe de Gascogne,47.07867,-2.32914,23.6,131,En route au moteur,Portsmouth,119.7,6.8,0,Normale
2026-09-28 08:32:00,530190783,PONT AVEN,Passagers,Liberia,Manche / Pas-de-Calais,50.85855,0.34254,0.0,329,Amarré,Marseille,134.6,7.3,0,Normale
2026-09-28 08:32:00,628853029,PETIT JEAN,Pêcheur,Russie,Méditerranée / Rade de Toulon,42.74453,5.80471,2.8,269,Capacité de manœuvre restreinte,Marseille,23.9,5.0,0,Normale
2026-09-28 08:32:00,227508993,FS DIXMUDE,Militaire,France,Méditerranée / Rade de Toulon,43.10718,5.88962,27.0,61,En route au moteur,Rotterdam,105.7,5.5,0,Normale
2026-09-28 08:33:00,790907304,SMIT ROTTERDAM,Remorqueur,France,Manche / Pas-de-Calais,50.10004,0.42304,8.1,335,En route au moteur,Marseille,37.3,6.5,0,Normale
2026-09-28 08:33:00,798020238,PACIFIC JEWEL,Pétrolier,Liberia,Manche / Pas-de-Calais,50.37594,-0.707,14.3,307,En route au moteur,Rotterdam,276.4,18.6,0,Normale
2026-09-28 08:33:00,710330567,MONT ST MICHEL,Passagers,Danemark,Méditerranée / Rade de Toulon,43.00276,5.59516,0.3,272,Au mouillage,Rotterdam,143.2,6.6,0,Normale
2026-09-28 08:33:00,308449460,FRONT ALTAIR,Pétrolier,Russie,Golfe de Gascogne,45.93517,-4.17662,10.7,322,En route au moteur,Brest,207.3,16.7,0,Normale
2026-09-28 08:33:00,227508993,FS DIXMUDE,Militaire,France,Méditerranée / Rade de Toulon,42.71184,6.27568,25.9,19,En route au moteur,Rotterdam,105.7,5.5,0,Normale
2026-09-28 08:34:00,349926919,LA BELLE POULE,Pêcheur,Liberia,Méditerranée / Rade de Toulon,42.70319,5.85104,4.4,355,En route au moteur,Gênes,38.1,3.8,0,Normale
2026-09-28 08:34:00,319540831,EVER GIVEN,Cargo,France,Mer d Iroise / Brest,48.54825,-4.35294,14.8,345,En route au moteur,Marseille,343.1,11.6,0,Normale
2026-09-28 08:34:00,308449460,FRONT ALTAIR,Pétrolier,Russie,Golfe de Gascogne,46.21554,-2.82219,12.2,167,En route au moteur,Brest,207.3,16.7,0,Normale
2026-09-28 08:34:00,779064766,MEGA EXPRESS,Passagers,Russie,Méditerranée / Rade de Toulon,42.82943,5.64518,18.6,234,En route au moteur,Portsmouth,185.2,6.9,0,Normale
2026-09-28 08:35:00,376777762,VB PROVENCE,Remorqueur,Singapour,Méditerranée / Rade de Toulon,43.15995,6.07768,7.0,51,En route au moteur,Anvers,35.1,5.0,0,Normale
2026-09-28 08:35:00,250590821,LE MORGAT,Pétrolier,France,Méditerranée / Rade de Toulon,43.08955,5.51745,7.3,313,En route au moteur,Gênes,22.1,2.9,0,Normale
2026-09-28 08:36:00,227074441,FS CHEVALIER PAUL,Pétrolier,France,Manche / Pas-de-Calais,50.28247,1.76317,23.2,241,En route au moteur,Le Havre,164.9,5.2,0,Normale
2026-09-28 08:36:00,268212356,MARIE-JEANNE,Pêcheur,Singapour,Golfe de Gascogne,45.27086,-3.64796,3.7,281,En route au moteur,Cherbourg,28.3,5.0,0,Normale
2026-09-28 08:36:00,227822733,FS FORBIN,Militaire,Russie,Manche / Pas-de-Calais,49.77661,-0.49375,16.7,14,En route au moteur,Marseille,136.8,6.4,0,Normale
2026-09-28 08:36:00,530190783,PONT AVEN,Passagers,Liberia,Manche / Pas-de-Calais,51.02023,0.16846,21.9,171,En route au moteur,Marseille,134.6,7.3,0,Normale
2026-09-28 08:37:00,790907304,SMIT ROTTERDAM,Remorqueur,France,Manche / Pas-de-Calais,50.85642,0.98411,8.4,338,En route au moteur,Marseille,37.3,6.5,0,Normale
2026-09-28 08:37:00,349926919,LA BELLE POULE,Pétrolier,Liberia,Méditerranée / Rade de Toulon,43.04236,6.33024,5.3,176,En route au moteur,Gênes,38.1,3.8,0,Normale
2026-09-28 08:38:00,693303705,ATLANTIC CONVEYOR,Cargo,Danemark,Manche / Pas-de-Calais,50.23911,0.43172,16.8,289,En route au moteur,Cherbourg,207.5,16.0,0,Normale
2026-09-28 08:38:00,227822733,FS FORBIN,Militaire,Russie,Manche / Pas-de-Calais,50.27408,1.20408,19.3,326,En route au moteur,Marseille,136.8,6.4,0,Normale
2026-09-28 08:38:00,319540831,EVER GIVEN,Cargo,France,Mer d Iroise / Brest,48.52653,-4.86747,15.6,37,En route au moteur,Marseille,343.1,11.6,0,Normale
2026-09-28 08:38:00,376777762,VB PROVENCE,Remorqueur,Russie,Méditerranée / Rade de Toulon,42.85045,5.74198,0.0,248,Amarré,Anvers,35.1,5.0,0,Normale
2026-09-28 08:39:00,234467368,SEAWAYS KILIMANJARO,Pétrolier,Malte,Golfe de Gascogne,46.08734,-3.26224,14.2,348,En route au moteur,Rotterdam,228.2,11.6,0,Normale
2026-09-28 08:39:00,453810544,VB CROISIC,Remorqueur,Panama,Méditerranée / Rade de Toulon,42.74216,6.42475,7.1,145,En route au moteur,Le Havre,53.3,5.2,0,Normale
2026-09-28 08:39:00,227508993,FS DIXMUDE,Militaire,France,Méditerranée / Rade de Toulon,43.02878,5.55694,16.3,327,En route au moteur,Rotterdam,105.7,5.5,0,Normale
2026-09-28 08:39:00,319540831,EVER GIVEN,Cargo,France,Mer d Iroise / Brest,48.48472,-4.89989,15.4,186,En route au moteur,Marseille,343.1,11.6,0,Normale
2026-09-28 08:40:00,798020238,PACIFIC JEWEL,Pétrolier,Liberia,Manche / Pas-de-Calais,50.50862,-1.16702,15.0,155,En route au moteur,Rotterdam,276.4,18.6,0,Normale
2026-09-28 08:40:00,449817734,MAERSK MC-KINNEY,Cargo,Danemark,Méditerranée / Rade de Toulon,42.84154,5.42667,18.2,17,En route au moteur,Rotterdam,312.4,13.6,0,Normale
2026-09-28 08:40:00,600957212,CORSICA VERA,Pétrolier,Russie,Mer d Iroise / Brest,48.56196,-4.9579,20.9,171,En route au moteur,Rotterdam,202.0,6.4,0,Normale
2026-09-28 08:41:00,227690993,FS SOMME,Militaire,France,Méditerranée / Rade de Toulon,42.73693,6.43976,0.1,217,Amarré,Le Havre,131.7,6.5,0,Normale
2026-09-28 08:41:00,769462919,ARMORIQUE,Passagers,France,Manche / Pas-de-Calais,49.98267,-1.16041,23.0,116,En route au moteur,Saint-Nazaire,177.9,6.5,0,Normale
2026-09-28 08:41:00,299585092,COSCO SHIPPING GLORY,Cargo,Singapour,Golfe de Gascogne,46.73823,-3.46988,17.4,110,En route au moteur,Le Havre,201.3,15.5,0,Normale
2026-09-28 08:42:00,565260635,OCEAN VOYAGER,Pêcheur,France,Manche / Pas-de-Calais,50.54375,-1.36079,5.6,129,Capacité de manœuvre restreinte,Anvers,25.9,2.9,0,Normale
2026-09-28 08:42:00,785582861,CMA CGM ANTOINE,Cargo,France,Manche / Pas-de-Calais,49.94756,0.69536,18.1,165,En route au moteur,Rotterdam,309.9,10.2,0,Normale
2026-09-28 08:43:00,250590821,LE MORGAT,Pêcheur,France,Méditerranée / Rade de Toulon,43.09369,5.51891,0.4,113,Au mouillage,Gênes,22.1,2.9,0,Normale
2026-09-28 08:43:00,798020238,PACIFIC JEWEL,Pétrolier,Liberia,Manche / Pas-de-Calais,50.3474,0.19859,11.5,11,En route au moteur,Rotterdam,276.4,18.6,0,Normale
2026-09-28 08:43:00,453810544,VB CROISIC,Remorqueur,Panama,Méditerranée / Rade de Toulon,42.88934,5.81867,13.2,289,En route au moteur,Le Havre,53.3,5.2,0,Normale
2026-09-28 08:43:00,721828280,BARFLEUR,Passagers,France,Mer d Iroise / Brest,48.42304,-4.7872,24.2,36,En route au moteur,Brest,208.2,6.6,0,Normale
2026-09-28 08:44:00,682334538,MSC OSCAR,Cargo,Chine,Mer d Iroise / Brest,48.29455,-4.5913,0.4,241,Au mouillage,Toulon,241.2,15.7,0,Normale
2026-09-28 08:44:00,227508993,FS DIXMUDE,Militaire,France,Méditerranée / Rade de Toulon,42.70543,6.31595,26.0,283,En route au moteur,Rotterdam,105.7,5.5,0,Normale
2026-09-28 08:44:00,628853029,PETIT JEAN,Pêcheur,Russie,Méditerranée / Rade de Toulon,42.88404,5.42303,0.1,235,Au mouillage,Marseille,23.9,5.0,0,Normale
2026-09-28 08:45:00,628853029,PETIT JEAN,Pêcheur,Malte,Méditerranée / Rade de Toulon,43.07062,6.00685,2.1,38,En route au moteur,Marseille,23.9,5.0,0,Normale
2026-09-28 08:45:00,652991960,ABEILLE FLANDRE,Remorqueur,Panama,Manche / Pas-de-Calais,50.57089,-0.14403,6.2,303,En route au moteur,Dunkerque,47.5,4.6,0,Normale
2026-09-28 08:45:00,628853029,PETIT JEAN,Pêcheur,Russie,Méditerranée / Rade de Toulon,43.09037,5.70502,4.7,30,En route au moteur,Marseille,23.9,5.0,0,Normale
2026-09-28 08:45:00,785582861,CMA CGM ANTOINE,Cargo,France,Manche / Pas-de-Calais,50.03202,-0.86574,14.1,112,En route au moteur,Rotterdam,309.9,10.2,0,Normale
2026-09-28 08:45:00,268212356,MARIE-JEANNE,Pêcheur,Singapour,Golfe de Gascogne,45.16369,-3.08855,0.0,118,Au mouillage,Cherbourg,28.3,5.0,0,Normale
2026-09-28 08:46:00,308449460,FRONT ALTAIR,Pétrolier,Singapour,Golfe de Gascogne,45.23403,-2.53717,14.5,224,En route au moteur,Brest,207.3,16.7,0,Normale
2026-09-28 08:46:00,736045484,TOTAL ENERGIES SPIRIT,Pétrolier,Singapour,Mer d Iroise / Brest,48.32564,-4.46064,24.8,133,En route au moteur,Anvers,310.4,16.8,1,Vitesse excessive suspecte pour petrolier (> 24 noeuds)
2026-09-28 08:46:00,308449460,FRONT ALTAIR,Pétrolier,Russie,Golfe de Gascogne,46.88516,-3.77072,12.1,158,En route au moteur,Brest,207.3,16.7,0,Normale
2026-09-28 08:48:00,693303705,ATLANTIC CONVEYOR,Cargo,Danemark,Manche / Pas-de-Calais,50.01391,0.80037,19.9,266,En route au moteur,Cherbourg,207.5,16.0,0,Normale
2026-09-28 08:48:00,212327652,CAP FINISTERE,Pêcheur,Grèce,Golfe de Gascogne,45.97955,-3.87723,5.4,56,En route au moteur,Portsmouth,37.5,4.2,0,Normale
2026-09-28 08:48:00,779064766,MEGA EXPRESS,Passagers,Russie,Méditerranée / Rade de Toulon,43.04313,6.44664,16.1,236,En route au moteur,Portsmouth,185.2,6.9,0,Normale
2026-09-28 08:48:00,308449460,FRONT ALTAIR,Pétrolier,Russie,Golfe de Gascogne,45.94111,-4.19941,14.8,70,En route au moteur,Brest,207.3,16.7,0,Normale
2026-09-28 08:49:00,779064766,MEGA EXPRESS,Passagers,Russie,Méditerranée / Rade de Toulon,43.00808,6.26333,0.4,291,Au mouillage,Portsmouth,185.2,6.9,0,Normale
2026-09-28 08:50:00,227706073,FS JACQUES CHEVALLIER,Militaire,France,Manche / Pas-de-Calais,50.33446,-1.03702,19.2,27,En route au moteur,Toulon,158.4,7.3,0,Normale
2026-09-28 08:50:00,565341213,ONE APUS,Cargo,Îles Marshall,Golfe de Gascogne,45.24963,-2.04031,12.1,242,En route au moteur,Marseille,214.2,16.2,0,Normale
2026-09-28 08:50:00,652991960,ABEILLE FLANDRE,Pétrolier,Panama,Manche / Pas-de-Calais,50.5364,0.36415,11.9,145,En route au moteur,Dunkerque,47.5,4.6,0,Normale
2026-09-28 08:51:00,693303705,ATLANTIC CONVEYOR,Cargo,Danemark,Manche / Pas-de-Calais,51.05744,1.05195,17.6,107,En route au moteur,Cherbourg,207.5,16.0,0,Normale
2026-09-28 08:51:00,628853029,PETIT JEAN,Pêcheur,Malte,Méditerranée / Rade de Toulon,43.06209,5.77694,6.1,117,En route au moteur,Marseille,23.9,5.0,0,Normale
2026-09-28 08:51:00,790907304,SMIT ROTTERDAM,Remorqueur,France,Manche / Pas-de-Calais,50.41557,1.37906,0.3,154,Au mouillage,Marseille,37.3,6.5,0,Normale
2026-09-28 08:51:00,693303705,ATLANTIC CONVEYOR,Cargo,Danemark,Manche / Pas-de-Calais,50.54489,1.37387,0.1,149,Au mouillage,Cherbourg,207.5,16.0,0,Normale
2026-09-28 08:51:00,597478786,NORDIC FREEDOM,Pétrolier,Malte,Manche / Pas-de-Calais,49.66602,0.19125,0.2,320,Au mouillage,Gênes,195.6,13.4,0,Normale
2026-09-28 08:51:00,600957212,CORSICA VERA,Pétrolier,Royaume-Uni,Mer d Iroise / Brest,48.54472,-4.33352,19.5,309,En route au moteur,Rotterdam,202.0,6.4,0,Normale
2026-09-28 08:52:00,682334538,MSC OSCAR,Cargo,Chine,Mer d Iroise / Brest,48.56207,-4.75347,16.5,195,En route au moteur,Toulon,241.2,15.7,0,Normale
2026-09-28 08:52:00,693303705,ATLANTIC CONVEYOR,Cargo,Danemark,Manche / Pas-de-Calais,49.69707,1.71818,17.4,206,En route au moteur,Cherbourg,207.5,16.0,0,Normale
2026-09-28 08:52:00,268747287,PASCAL PAOLI,Passagers,Malte,Mer d Iroise / Brest,48.5482,-4.33596,20.9,124,En route au moteur,Le Havre,131.7,6.6,0,Normale
2026-09-28 08:53:00,227901393,FS AQUITAINE,Militaire,France,Golfe de Gascogne,47.17784,-3.66115,16.5,39,Capacité de manœuvre restreinte,Portsmouth,119.7,6.8,0,Normale
2026-09-28 08:53:00,514797776,HAMBURG EXPRESS,Cargo,Grèce,Mer d Iroise / Brest,48.28323,-4.57477,14.2,247,En route au moteur,Marseille,316.1,15.6,0,Normale
2026-09-28 08:54:00,453810544,VB CROISIC,Remorqueur,Panama,Méditerranée / Rade de Toulon,42.98906,6.00803,8.7,267,En route au moteur,Le Havre,53.3,5.2,0,Normale
2026-09-28 08:54:00,234467368,SEAWAYS KILIMANJARO,Pétrolier,Malte,Golfe de Gascogne,46.60781,-2.61661,12.2,14,En route au moteur,Rotterdam,228.2,11.6,0,Normale
2026-09-28 08:55:00,212327652,CAP FINISTERE,Pêcheur,Grèce,Golfe de Gascogne,46.69424,-3.65572,4.0,24,En route au moteur,Portsmouth,37.5,4.2,0,Normale
2026-09-28 08:55:00,268212356,MARIE-JEANNE,Pêcheur,Singapour,Golfe de Gascogne,46.96398,-2.9109,0.0,109,Amarré,Cherbourg,28.3,5.0,0,Normale
2026-09-28 08:55:00,319540831,EVER GIVEN,Cargo,France,Mer d Iroise / Brest,48.26339,-4.37215,20.9,66,En route au moteur,Marseille,343.1,11.6,0,Normale
2026-09-28 08:55:00,564323393,ABEILLE BOURBON,Remorqueur,Russie,Méditerranée / Rade de Toulon,42.82597,5.50422,10.7,198,En route au moteur,Brest,46.2,4.5,0,Normale
2026-09-28 08:56:00,779064766,MEGA EXPRESS,Passagers,Russie,Méditerranée / Rade de Toulon,42.87697,6.39913,19.9,76,En route au moteur,Portsmouth,185.2,6.9,0,Normale
2026-09-28 08:56:00,798020238,PACIFIC JEWEL,Pétrolier,Liberia,Manche / Pas-de-Calais,50.05192,-1.23476,11.0,46,En route au moteur,Rotterdam,276.4,18.6,0,Normale
2026-09-28 08:56:00,710330567,MONT ST MICHEL,Passagers,Danemark,Méditerranée / Rade de Toulon,42.78732,5.97046,23.9,342,En route au moteur,Rotterdam,143.2,6.6,0,Normale
2026-09-28 08:57:00,565260635,OCEAN VOYAGER,Pêcheur,France,Manche / Pas-de-Calais,50.2895,0.25932,6.7,348,En route au moteur,Anvers,25.9,2.9,0,Normale
2026-09-28 08:57:00,227690993,FS SOMME,Militaire,France,Méditerranée / Rade de Toulon,43.02047,6.21318,12.8,155,En route au moteur,Le Havre,131.7,6.5,0,Normale
2026-09-28 08:58:00,227822733,FS FORBIN,Militaire,France,Manche / Pas-de-Calais,50.42787,-0.40773,19.4,207,En route au moteur,Marseille,136.8,6.4,0,Normale
2026-09-28 08:58:00,565260635,OCEAN VOYAGER,Pêcheur,France,Manche / Pas-de-Calais,50.66077,0.35453,0.3,182,Au mouillage,Anvers,25.9,2.9,0,Normale
2026-09-28 08:58:00,597478786,NORDIC FREEDOM,Pétrolier,Malte,Manche / Pas-de-Calais,50.84192,1.45171,10.3,220,En route au moteur,Gênes,195.6,13.4,0,Normale
2026-09-28 08:59:00,736045484,TOTAL ENERGIES SPIRIT,Pétrolier,Singapour,Mer d Iroise / Brest,48.13756,-4.42847,14.8,216,En route au moteur,Anvers,310.4,16.8,0,Normale
2026-09-28 08:59:00,227074441,FS CHEVALIER PAUL,Pétrolier,France,Manche / Pas-de-Calais,50.326,-0.24642,13.0,115,En route au moteur,Le Havre,164.9,5.2,0,Normale
2026-09-28 09:00:00,710330567,MONT ST MICHEL,Passagers,Danemark,Méditerranée / Rade de Toulon,43.16696,5.43997,0.4,95,Au mouillage,Rotterdam,143.2,6.6,0,Normale
2026-09-28 09:00:00,227901393,FS AQUITAINE,Militaire,France,Golfe de Gascogne,45.18342,-1.98558,17.8,107,En route au moteur,Portsmouth,119.7,6.8,0,Normale
2026-09-28 09:00:00,227690993,FS SOMME,Militaire,France,Méditerranée / Rade de Toulon,42.77902,5.43197,13.1,120,En route au moteur,Le Havre,131.7,6.5,0,Normale
2026-09-28 09:00:00,779064766,MEGA EXPRESS,Passagers,Russie,Méditerranée / Rade de Toulon,43.00293,5.73341,25.6,103,En route au moteur,Portsmouth,185.2,6.9,0,Normale
2026-09-28 09:01:00,227508993,FS DIXMUDE,Militaire,France,Méditerranée / Rade de Toulon,43.04591,5.59102,0.1,336,Au mouillage,Rotterdam,105.7,5.5,0,Normale
2026-09-28 09:01:00,227690993,FS SOMME,Militaire,France,Méditerranée / Rade de Toulon,42.99542,5.9022,26.0,222,En route au moteur,Le Havre,131.7,6.5,0,Normale
2026-09-28 09:02:00,268747287,PASCAL PAOLI,Passagers,Malte,Mer d Iroise / Brest,48.29367,-4.99088,22.0,138,En route au moteur,Le Havre,131.7,6.6,0,Normale
2026-09-28 09:02:00,308449460,FRONT ALTAIR,Pétrolier,Russie,Golfe de Gascogne,45.82871,-3.39637,12.1,341,En route au moteur,Brest,207.3,16.7,0,Normale
2026-09-28 09:03:00,308449460,FRONT ALTAIR,Pétrolier,Russie,Golfe de Gascogne,47.03478,-2.14204,14.6,335,En route au moteur,Brest,207.3,16.7,0,Normale
2026-09-28 09:03:00,227074441,FS CHEVALIER PAUL,Pétrolier,France,Manche / Pas-de-Calais,50.15532,0.33121,16.9,176,En route au moteur,Le Havre,164.9,5.2,0,Normale
2026-09-28 09:03:00,721828280,BARFLEUR,Passagers,France,Mer d Iroise / Brest,48.45234,-4.38698,22.6,228,En route au moteur,Brest,208.2,6.6,0,Normale
2026-09-28 09:03:00,628853029,PETIT JEAN,Pêcheur,Russie,Méditerranée / Rade de Toulon,42.9219,5.41899,2.3,183,En route au moteur,Marseille,23.9,5.0,0,Normale
2026-09-28 09:03:00,769462919,ARMORIQUE,Passagers,France,Manche / Pas-de-Calais,50.99979,1.78495,19.0,99,En route au moteur,Saint-Nazaire,177.9,6.5,0,Normale
2026-09-28 09:03:00,514797776,HAMBURG EXPRESS,Cargo,Grèce,Mer d Iroise / Brest,48.59037,-4.67463,18.1,76,En route au moteur,Marseille,316.1,15.6,0,Normale
2026-09-28 09:04:00,785582861,CMA CGM ANTOINE,Cargo,France,Manche / Pas-de-Calais,50.00991,1.01595,15.2,92,Capacité de manœuvre restreinte,Rotterdam,309.9,10.2,0,Normale
2026-09-28 09:04:00,227706073,FS JACQUES CHEVALLIER,Militaire,France,Manche / Pas-de-Calais,50.92134,0.57188,15.0,255,En route au moteur,Toulon,158.4,7.3,0,Normale
2026-09-28 09:05:00,514797776,HAMBURG EXPRESS,Cargo,Grèce,Mer d Iroise / Brest,48.531,-4.54383,16.0,160,En route au moteur,Marseille,316.1,15.6,0,Normale
2026-09-28 09:05:00,227901393,FS AQUITAINE,Militaire,France,Golfe de Gascogne,45.90254,-2.24256,21.1,92,En route au moteur,Portsmouth,119.7,6.8,0,Normale
2026-09-28 09:05:00,383758720,ENERGY TRIUMPH,Pétrolier,Danemark,Méditerranée / Rade de Toulon,42.71474,6.42171,11.7,48,En route au moteur,Anvers,284.0,12.5,0,Normale
2026-09-28 09:06:00,449817734,MAERSK MC-KINNEY,Cargo,Danemark,Méditerranée / Rade de Toulon,43.00119,6.41314,14.0,289,Capacité de manœuvre restreinte,Rotterdam,312.4,13.6,0,Normale
2026-09-28 09:06:00,268212356,MARIE-JEANNE,Pêcheur,Singapour,Golfe de Gascogne,47.13569,-2.1856,6.7,78,En route au moteur,Cherbourg,28.3,5.0,0,Normale
2026-09-28 09:06:00,383758720,ENERGY TRIUMPH,Pétrolier,Danemark,Méditerranée / Rade de Toulon,43.12145,5.44978,13.5,160,En route au moteur,Anvers,284.0,12.5,0,Normale
2026-09-28 09:06:00,779064766,MEGA EXPRESS,Passagers,Russie,Méditerranée / Rade de Toulon,42.96821,5.69643,0.3,224,Amarré,Portsmouth,185.2,6.9,0,Normale
2026-09-28 09:07:00,234467368,SEAWAYS KILIMANJARO,Pétrolier,Malte,Golfe de Gascogne,46.7659,-3.0269,11.7,22,En route au moteur,Rotterdam,228.2,11.6,0,Normale
2026-09-28 09:08:00,376777762,VB PROVENCE,Remorqueur,Singapour,Méditerranée / Rade de Toulon,42.79319,6.12304,11.6,101,En route au moteur,Anvers,35.1,5.0,0,Normale
2026-09-28 09:08:00,769462919,ARMORIQUE,Passagers,France,Manche / Pas-de-Calais,50.87819,0.12177,17.1,16,En route au moteur,Saint-Nazaire,177.9,6.5,0,Normale
2026-09-28 09:08:00,721828280,BARFLEUR,Passagers,France,Mer d Iroise / Brest,48.51125,-4.31921,15.8,354,En route au moteur,Brest,208.2,6.6,0,Normale
2026-09-28 09:09:00,682334538,MSC OSCAR,Cargo,Chine,Mer d Iroise / Brest,48.17413,-4.57738,19.7,341,En route au moteur,Toulon,241.2,15.7,0,Normale
2026-09-28 09:09:00,564323393,ABEILLE BOURBON,Remorqueur,Russie,Méditerranée / Rade de Toulon,43.148,6.16522,9.2,38,En route au moteur,Brest,46.2,4.5,0,Normale
2026-09-28 09:09:00,234467368,SEAWAYS KILIMANJARO,Pétrolier,Malte,Golfe de Gascogne,44.98773,-1.84275,13.4,222,En route au moteur,Rotterdam,228.2,11.6,0,Normale
2026-09-28 09:09:00,785582861,CMA CGM ANTOINE,Cargo,France,Manche / Pas-de-Calais,49.81253,0.95718,16.6,358,En route au moteur,Rotterdam,309.9,10.2,0,Normale
2026-09-28 09:10:00,299585092,COSCO SHIPPING GLORY,Cargo,Singapour,Golfe de Gascogne,44.96445,-4.03689,0.2,291,Au mouillage,Le Havre,201.3,15.5,0,Normale
2026-09-28 09:10:00,779064766,MEGA EXPRESS,Passagers,Russie,Méditerranée / Rade de Toulon,42.94334,5.99112,0.5,88,Au mouillage,Portsmouth,185.2,6.9,0,Normale
2026-09-28 09:10:00,453810544,VB CROISIC,Remorqueur,Panama,Méditerranée / Rade de Toulon,42.91705,5.86862,8.1,237,En route au moteur,Le Havre,53.3,5.2,0,Normale
2026-09-28 09:10:00,376777762,VB PROVENCE,Remorqueur,Russie,Méditerranée / Rade de Toulon,42.9376,5.91397,10.1,337,En route au moteur,Anvers,35.1,5.0,0,Normale
2026-09-28 09:10:00,376777762,VB PROVENCE,Remorqueur,Russie,Méditerranée / Rade de Toulon,43.07828,5.62236,0.2,172,Au mouillage,Anvers,35.1,5.0,0,Normale
2026-09-28 09:12:00,227901393,FS AQUITAINE,Militaire,France,Golfe de Gascogne,45.56954,-3.83484,12.4,52,Capacité de manœuvre restreinte,Portsmouth,119.7,6.8,0,Normale
2026-09-28 09:12:00,530190783,PONT AVEN,Passagers,Liberia,Manche / Pas-de-Calais,50.12765,0.27462,0.3,222,Au mouillage,Marseille,134.6,7.3,0,Normale
2026-09-28 09:13:00,565260635,OCEAN VOYAGER,Pêcheur,France,Manche / Pas-de-Calais,51.07116,-0.71194,8.0,210,En route au moteur,Anvers,25.9,2.9,0,Normale
2026-09-28 09:13:00,769462919,ARMORIQUE,Passagers,France,Manche / Pas-de-Calais,50.2176,0.34983,16.8,330,En route au moteur,Saint-Nazaire,177.9,6.5,0,Normale
2026-09-28 09:13:00,682334538,MSC OSCAR,Cargo,Chine,Mer d Iroise / Brest,48.17431,-4.91611,14.3,239,En route au moteur,Toulon,241.2,15.7,0,Normale
2026-09-28 09:13:00,227822733,FS FORBIN,Militaire,Russie,Manche / Pas-de-Calais,50.72584,0.15871,22.5,272,En route au moteur,Marseille,136.8,6.4,0,Normale
2026-09-28 09:13:00,710330567,MONT ST MICHEL,Passagers,Danemark,Méditerranée / Rade de Toulon,43.01821,6.08076,21.8,41,En route au moteur,Rotterdam,143.2,6.6,0,Normale
2026-09-28 09:13:00,383758720,ENERGY TRIUMPH,Pétrolier,Danemark,Manche / Pas-de-Calais,50.85,1.35,0.2,49,En route au moteur,Anvers,284.0,12.5,1,Arret anormal en plein chenal de navigation
2026-09-28 09:13:00,227508993,FS DIXMUDE,Militaire,France,Méditerranée / Rade de Toulon,43.08427,6.1974,12.2,78,En route au moteur,Rotterdam,105.7,5.5,0,Normale
2026-09-28 09:14:00,234467368,SEAWAYS KILIMANJARO,Pétrolier,Malte,Golfe de Gascogne,47.10899,-3.91844,0.2,124,Amarré,Rotterdam,228.2,11.6,0,Normale
2026-09-28 09:14:00,514797776,HAMBURG EXPRESS,Cargo,Grèce,Mer d Iroise / Brest,48.24245,-4.99306,15.0,16,En route au moteur,Marseille,316.1,15.6,0,Normale
2026-09-28 09:15:00,268747287,PASCAL PAOLI,Passagers,Malte,Mer d Iroise / Brest,48.45839,-5.01379,25.2,344,En route au moteur,Le Havre,131.7,6.6,0,Normale
2026-09-28 09:16:00,249203558,TI EUROPE,Pétrolier,Grèce,Manche / Pas-de-Calais,50.23067,1.6032,14.5,315,En route au moteur,Rotterdam,198.7,13.6,0,Normale
2026-09-28 09:16:00,383758720,ENERGY TRIUMPH,Pétrolier,Danemark,Méditerranée / Rade de Toulon,42.80819,5.93262,14.9,268,En route au moteur,Anvers,284.0,12.5,0,Normale
2026-09-28 09:16:00,745098869,LE CONQUERANT,Pétrolier,Chine,Mer d Iroise / Brest,48.14498,-4.60925,7.0,119,En route au moteur,Cherbourg,23.4,3.4,0,Normale
2026-09-28 09:16:00,737500247,L ARMAGNAC,Pêcheur,Panama,Golfe de Gascogne,46.4319,-4.04839,2.7,340,Capacité de manœuvre restreinte,Portsmouth,31.7,2.8,0,Normale
2026-09-28 09:17:00,250590821,LE MORGAT,Pêcheur,France,Méditerranée / Rade de Toulon,43.10441,5.76375,6.5,95,En route au moteur,Gênes,22.1,2.9,0,Normale
2026-09-28 09:17:00,449817734,MAERSK MC-KINNEY,Cargo,Danemark,Méditerranée / Rade de Toulon,42.71268,6.49602,15.5,276,En route au moteur,Rotterdam,312.4,13.6,0,Normale
2026-09-28 09:17:00,652991960,ABEILLE FLANDRE,Remorqueur,Panama,Manche / Pas-de-Calais,50.83426,-0.30782,11.4,210,En route au moteur,Dunkerque,47.5,4.6,0,Normale
2026-09-28 09:17:00,798020238,PACIFIC JEWEL,Pétrolier,Liberia,Manche / Pas-de-Calais,50.65699,1.55415,12.7,175,En route au moteur,Rotterdam,276.4,18.6,0,Normale
2026-09-28 09:17:00,721828280,BARFLEUR,Passagers,France,Mer d Iroise / Brest,48.40813,-4.78535,25.3,219,En route au moteur,Brest,208.2,6.6,0,Normale
2026-09-28 09:17:00,565341213,ONE APUS,Cargo,Îles Marshall,Golfe de Gascogne,46.78011,-2.99634,12.8,227,En route au moteur,Marseille,214.2,16.2,0,Normale
2026-09-28 09:17:00,227901393,FS AQUITAINE,Pétrolier,France,Golfe de Gascogne,46.24841,-1.80638,0.5,337,Au mouillage,Portsmouth,119.7,6.8,0,Normale
2026-09-28 09:18:00,628853029,PETIT JEAN,Pêcheur,Malte,Méditerranée / Rade de Toulon,42.75731,6.13808,2.4,281,En route au moteur,Marseille,23.9,5.0,0,Normale
2026-09-28 09:18:00,383758720,ENERGY TRIUMPH,Pétrolier,Danemark,Méditerranée / Rade de Toulon,42.86526,5.77173,14.6,18,En route au moteur,Anvers,284.0,12.5,0,Normale
2026-09-28 09:18:00,652991960,ABEILLE FLANDRE,Remorqueur,Panama,Manche / Pas-de-Calais,50.95655,-1.08426,8.2,246,En route au moteur,Dunkerque,47.5,4.6,0,Normale
2026-09-28 09:19:00,779064766,MEGA EXPRESS,Passagers,Russie,Méditerranée / Rade de Toulon,42.83496,5.51484,23.6,171,En route au moteur,Portsmouth,185.2,6.9,0,Normale
2026-09-28 09:20:00,250590821,LE MORGAT,Pétrolier,France,Méditerranée / Rade de Toulon,42.71127,5.99225,6.7,44,En route au moteur,Gênes,22.1,2.9,0,Normale
2026-09-28 09:20:00,785582861,CMA CGM ANTOINE,Cargo,France,Manche / Pas-de-Calais,50.40128,1.33897,18.6,282,En route au moteur,Rotterdam,309.9,10.2,0,Normale
2026-09-28 09:21:00,449817734,MAERSK MC-KINNEY,Cargo,Danemark,Méditerranée / Rade de Toulon,42.75391,6.27236,12.5,60,En route au moteur,Rotterdam,312.4,13.6,0,Normale
2026-09-28 09:22:00,628853029,PETIT JEAN,Pêcheur,Malte,Méditerranée / Rade de Toulon,42.78675,5.56816,2.5,321,En route au moteur,Marseille,23.9,5.0,0,Normale
2026-09-28 09:22:00,249203558,TI EUROPE,Pétrolier,Grèce,Manche / Pas-de-Calais,50.32971,0.15863,12.8,108,En route au moteur,Rotterdam,198.7,13.6,0,Normale
2026-09-28 09:23:00,721828280,BARFLEUR,Passagers,France,Mer d Iroise / Brest,48.138,-4.54751,16.1,154,En route au moteur,Brest,208.2,6.6,0,Normale
2026-09-28 09:23:00,268747287,PASCAL PAOLI,Passagers,Malte,Mer d Iroise / Brest,48.23089,-4.41854,21.8,307,En route au moteur,Le Havre,131.7,6.6,0,Normale
2026-09-28 09:23:00,721828280,BARFLEUR,Passagers,France,Mer d Iroise / Brest,48.20282,-4.7956,0.0,89,Au mouillage,Brest,208.2,6.6,0,Normale
2026-09-28 09:24:00,227901393,FS AQUITAINE,Militaire,France,Golfe de Gascogne,45.09433,-2.15322,26.4,227,En route au moteur,Portsmouth,119.7,6.8,0,Normale
2026-09-28 09:24:00,682334538,MSC OSCAR,Cargo,Chine,Mer d Iroise / Brest,48.23349,-4.47157,0.3,74,Amarré,Toulon,241.2,15.7,0,Normale
2026-09-28 09:24:00,736045484,TOTAL ENERGIES SPIRIT,Pétrolier,Singapour,Mer d Iroise / Brest,48.44268,-4.97521,10.4,27,En route au moteur,Anvers,310.4,16.8,0,Normale
2026-09-28 09:24:00,453810544,VB CROISIC,Remorqueur,Panama,Méditerranée / Rade de Toulon,42.74547,5.45605,7.8,324,En route au moteur,Le Havre,53.3,5.2,0,Normale
2026-09-28 09:25:00,798020238,PACIFIC JEWEL,Pétrolier,Liberia,Manche / Pas-de-Calais,50.56083,-0.83584,10.9,243,En route au moteur,Rotterdam,276.4,18.6,0,Normale
2026-09-28 09:25:00,383758720,ENERGY TRIUMPH,Pétrolier,Danemark,Méditerranée / Rade de Toulon,42.72949,5.601,11.3,209,En route au moteur,Anvers,284.0,12.5,0,Normale
2026-09-28 09:25:00,227690993,FS SOMME,Militaire,France,Méditerranée / Rade de Toulon,42.93808,5.71904,27.3,252,En route au moteur,Le Havre,131.7,6.5,0,Normale
2026-09-28 09:26:00,227822733,FS FORBIN,Militaire,Russie,Méditerranée / Rade de Toulon,43.08,6.02,0.3,106,Au mouillage,Marseille,136.8,6.4,1,Stationnement prolonge suspect pres base navale
2026-09-28 09:26:00,376777762,VB PROVENCE,Remorqueur,Singapour,Méditerranée / Rade de Toulon,43.04501,5.67986,7.7,281,En route au moteur,Anvers,35.1,5.0,0,Normale
2026-09-28 09:26:00,268747287,PASCAL PAOLI,Passagers,Malte,Mer d Iroise / Brest,48.24678,-4.70168,21.0,276,En route au moteur,Le Havre,131.7,6.6,0,Normale
2026-09-28 09:26:00,514797776,HAMBURG EXPRESS,Cargo,Grèce,Mer d Iroise / Brest,48.31955,-4.7674,14.2,242,En route au moteur,Marseille,316.1,15.6,0,Normale
2026-09-28 09:26:00,736045484,TOTAL ENERGIES SPIRIT,Pétrolier,Singapour,Mer d Iroise / Brest,48.47108,-4.75275,14.0,44,En route au moteur,Anvers,310.4,16.8,0,Normale
2026-09-28 09:26:00,234467368,SEAWAYS KILIMANJARO,Pétrolier,Malte,Golfe de Gascogne,45.52703,-3.18172,14.7,111,En route au moteur,Rotterdam,228.2,11.6,0,Normale
2026-09-28 09:26:00,721828280,BARFLEUR,Passagers,France,Mer d Iroise / Brest,48.5751,-4.6562,16.4,18,En route au moteur,Brest,208.2,6.6,0,Normale
2026-09-28 09:27:00,227508993,FS DIXMUDE,Militaire,France,Méditerranée / Rade de Toulon,42.98635,5.56484,20.3,59,En route au moteur,Rotterdam,105.7,5.5,0,Normale
2026-09-28 09:27:00,682334538,MSC OSCAR,Cargo,Chine,Mer d Iroise / Brest,48.21981,-4.6224,16.6,258,En route au moteur,Toulon,241.2,15.7,0,Normale
2026-09-28 09:27:00,652991960,ABEILLE FLANDRE,Remorqueur,Panama,Manche / Pas-de-Calais,50.35371,0.75996,5.1,73,En route au moteur,Dunkerque,47.5,4.6,0,Normale
2026-09-28 09:27:00,736045484,TOTAL ENERGIES SPIRIT,Pétrolier,Singapour,Mer d Iroise / Brest,48.28178,-5.07373,14.8,259,En route au moteur,Anvers,310.4,16.8,0,Normale
2026-09-28 09:28:00,737500247,L ARMAGNAC,Pêcheur,Panama,Golfe de Gascogne,46.44999,-2.15301,3.8,26,En route au moteur,Portsmouth,31.7,2.8,0,Normale
2026-09-28 09:29:00,530190783,PONT AVEN,Passagers,Liberia,Manche / Pas-de-Calais,51.02304,-1.28976,20.2,168,En route au moteur,Marseille,134.6,7.3,0,Normale
2026-09-28 09:29:00,308449460,FRONT ALTAIR,Pétrolier,Russie,Golfe de Gascogne,45.10135,-3.78318,14.0,104,En route au moteur,Brest,207.3,16.7,0,Normale
2026-09-28 09:29:00,212327652,CAP FINISTERE,Pêcheur,Grèce,Golfe de Gascogne,47.05665,-2.63199,0.2,5,Au mouillage,Portsmouth,37.5,4.2,0,Normale
2026-09-28 09:30:00,564323393,ABEILLE BOURBON,Remorqueur,Russie,Méditerranée / Rade de Toulon,43.08,6.02,0.3,119,Au mouillage,Brest,46.2,4.5,1,Stationnement prolonge suspect pres base navale
2026-09-28 09:30:00,308449460,FRONT ALTAIR,Pétrolier,Russie,Golfe de Gascogne,46.46846,-2.68725,13.3,339,En route au moteur,Brest,207.3,16.7,0,Normale
2026-09-28 09:30:00,249203558,TI EUROPE,Pétrolier,Grèce,Manche / Pas-de-Calais,50.68686,0.01592,12.6,2,En route au moteur,Rotterdam,198.7,13.6,0,Normale
2026-09-28 09:30:00,383758720,ENERGY TRIUMPH,Pétrolier,Danemark,Méditerranée / Rade de Toulon,42.98124,5.43816,11.7,190,En route au moteur,Anvers,284.0,12.5,0,Normale
2026-09-28 09:30:00,530190783,PONT AVEN,Passagers,Liberia,Manche / Pas-de-Calais,50.20047,1.22608,15.1,183,En route au moteur,Marseille,134.6,7.3,0,Normale
2026-09-28 09:30:00,268212356,MARIE-JEANNE,Pêcheur,Singapour,Golfe de Gascogne,45.35929,-2.61703,2.4,265,En route au moteur,Cherbourg,28.3,5.0,0,Normale
2026-09-28 09:30:00,308449460,FRONT ALTAIR,Pétrolier,Russie,Golfe de Gascogne,45.86412,-2.58663,10.1,60,En route au moteur,Brest,207.3,16.7,0,Normale
2026-09-28 09:31:00,349926919,LA BELLE POULE,Pêcheur,Liberia,Méditerranée / Rade de Toulon,42.73365,6.05334,6.7,24,En route au moteur,Gênes,38.1,3.8,0,Normale
2026-09-28 09:31:00,785582861,CMA CGM ANTOINE,Cargo,France,Manche / Pas-de-Calais,49.85625,-0.53702,19.6,157,En route au moteur,Rotterdam,309.9,10.2,0,Normale
2026-09-28 09:31:00,693303705,ATLANTIC CONVEYOR,Cargo,Danemark,Manche / Pas-de-Calais,50.41379,0.31291,20.5,145,En route au moteur,Cherbourg,207.5,16.0,0,Normale
2026-09-28 09:31:00,249203558,TI EUROPE,Pétrolier,Grèce,Manche / Pas-de-Calais,49.81463,-0.60587,11.2,89,En route au moteur,Rotterdam,198.7,13.6,0,Normale
2026-09-28 09:31:00,212327652,CAP FINISTERE,Pêcheur,Grèce,Golfe de Gascogne,45.33834,-3.53204,7.5,332,En route au moteur,Portsmouth,37.5,4.2,0,Normale
2026-09-28 09:31:00,308449460,FRONT ALTAIR,Pétrolier,Russie,Golfe de Gascogne,45.54036,-3.95785,14.7,20,En route au moteur,Brest,207.3,16.7,0,Normale
2026-09-28 09:31:00,227901393,FS AQUITAINE,Pétrolier,France,Golfe de Gascogne,46.17075,-2.72876,18.1,352,En route au moteur,Portsmouth,119.7,6.8,0,Normale
2026-09-28 09:32:00,268212356,MARIE-JEANNE,Pêcheur,Singapour,Golfe de Gascogne,46.45658,-3.02639,5.9,140,En route au moteur,Cherbourg,28.3,5.0,0,Normale
2026-09-28 09:32:00,564323393,ABEILLE BOURBON,Remorqueur,Russie,Méditerranée / Rade de Toulon,43.09385,5.48905,0.4,28,Au mouillage,Brest,46.2,4.5,0,Normale
2026-09-28 09:32:00,449817734,MAERSK MC-KINNEY,Cargo,Danemark,Méditerranée / Rade de Toulon,42.80976,5.6233,0.2,156,Au mouillage,Rotterdam,312.4,13.6,0,Normale
2026-09-28 09:33:00,319540831,EVER GIVEN,Cargo,France,Mer d Iroise / Brest,48.42787,-4.35728,0.2,327,Au mouillage,Marseille,343.1,11.6,0,Normale
2026-09-28 09:33:00,785582861,CMA CGM ANTOINE,Cargo,France,Manche / Pas-de-Calais,50.4661,-0.40533,0.4,33,Au mouillage,Rotterdam,309.9,10.2,0,Normale
2026-09-28 09:33:00,349926919,LA BELLE POULE,Pétrolier,Liberia,Méditerranée / Rade de Toulon,43.1985,6.06756,6.0,254,Capacité de manœuvre restreinte,Gênes,38.1,3.8,0,Normale
2026-09-28 09:34:00,349926919,LA BELLE POULE,Pêcheur,Liberia,Méditerranée / Rade de Toulon,43.10535,6.04672,7.0,323,En route au moteur,Gênes,38.1,3.8,0,Normale
2026-09-28 09:34:00,628853029,PETIT JEAN,Pêcheur,Malte,Méditerranée / Rade de Toulon,42.82477,5.47457,2.8,0,En route au moteur,Marseille,23.9,5.0,0,Normale
2026-09-28 09:34:00,250590821,LE MORGAT,Pêcheur,France,Méditerranée / Rade de Toulon,43.0806,5.58547,5.4,45,En route au moteur,Gênes,22.1,2.9,0,Normale
2026-09-28 09:34:00,779064766,MEGA EXPRESS,Passagers,Russie,Méditerranée / Rade de Toulon,42.87366,5.48433,0.3,153,Au mouillage,Portsmouth,185.2,6.9,0,Normale
2026-09-28 09:34:00,349926919,LA BELLE POULE,Pétrolier,Liberia,Méditerranée / Rade de Toulon,42.97842,6.49919,3.8,346,En route au moteur,Gênes,38.1,3.8,0,Normale
2026-09-28 09:34:00,710330567,MONT ST MICHEL,Passagers,Danemark,Méditerranée / Rade de Toulon,42.91934,6.33824,16.5,65,En route au moteur,Rotterdam,143.2,6.6,0,Normale
2026-09-28 09:34:00,790907304,SMIT ROTTERDAM,Remorqueur,France,Manche / Pas-de-Calais,50.89952,0.68114,8.7,80,En route au moteur,Marseille,37.3,6.5,0,Normale
2026-09-28 09:35:00,308449460,FRONT ALTAIR,Pétrolier,Russie,Golfe de Gascogne,46.83537,-1.95736,13.7,91,En route au moteur,Brest,207.3,16.7,0,Normale
2026-09-28 09:35:00,349926919,LA BELLE POULE,Pétrolier,Liberia,Méditerranée / Rade de Toulon,42.9673,5.40154,6.2,188,En route au moteur,Gênes,38.1,3.8,0,Normale
2026-09-28 09:35:00,227706073,FS JACQUES CHEVALLIER,Militaire,France,Manche / Pas-de-Calais,49.78412,0.89221,12.6,120,En route au moteur,Toulon,158.4,7.3,0,Normale
2026-09-28 09:35:00,227508993,FS DIXMUDE,Militaire,France,Méditerranée / Rade de Toulon,42.82911,5.91446,13.8,337,En route au moteur,Rotterdam,105.7,5.5,0,Normale
2026-09-28 09:35:00,453810544,VB CROISIC,Remorqueur,Panama,Méditerranée / Rade de Toulon,42.9855,5.57006,11.9,87,En route au moteur,Le Havre,53.3,5.2,0,Normale
2026-09-28 09:36:00,249203558,TI EUROPE,Pétrolier,Grèce,Manche / Pas-de-Calais,50.89492,1.14514,14.0,36,En route au moteur,Rotterdam,198.7,13.6,0,Normale
2026-09-28 09:36:00,693303705,ATLANTIC CONVEYOR,Cargo,Danemark,Manche / Pas-de-Calais,50.3835,-1.47604,20.9,136,En route au moteur,Cherbourg,207.5,16.0,0,Normale
2026-09-28 09:37:00,227901393,FS AQUITAINE,Militaire,France,Golfe de Gascogne,45.65158,-3.57995,21.5,141,En route au moteur,Portsmouth,119.7,6.8,0,Normale
2026-09-28 09:37:00,652991960,ABEILLE FLANDRE,Remorqueur,Panama,Manche / Pas-de-Calais,50.47532,1.70637,10.1,213,En route au moteur,Dunkerque,47.5,4.6,0,Normale
2026-09-28 09:38:00,319540831,EVER GIVEN,Cargo,France,Mer d Iroise / Brest,48.3384,-4.99384,18.1,4,En route au moteur,Marseille,343.1,11.6,0,Normale
2026-09-28 09:38:00,376777762,VB PROVENCE,Remorqueur,Singapour,Méditerranée / Rade de Toulon,43.13248,5.86663,9.8,359,En route au moteur,Anvers,35.1,5.0,0,Normale
2026-09-28 09:39:00,600957212,CORSICA VERA,Pétrolier,Russie,Mer d Iroise / Brest,48.19207,-4.72534,18.7,346,En route au moteur,Rotterdam,202.0,6.4,0,Normale
2026-09-28 09:40:00,227822733,FS FORBIN,Militaire,France,Manche / Pas-de-Calais,50.16429,-0.00297,17.0,166,En route au moteur,Marseille,136.8,6.4,0,Normale
2026-09-28 09:40:00,721828280,BARFLEUR,Passagers,France,Mer d Iroise / Brest,48.4309,-4.85214,18.4,119,En route au moteur,Brest,208.2,6.6,0,Normale
2026-09-28 09:41:00,227901393,FS AQUITAINE,Militaire,France,Golfe de Gascogne,46.21979,-2.19123,23.7,126,En route au moteur,Portsmouth,119.7,6.8,0,Normale
2026-09-28 09:41:00,785582861,CMA CGM ANTOINE,Cargo,France,Manche / Pas-de-Calais,50.45039,-1.42032,12.9,211,Capacité de manœuvre restreinte,Rotterdam,309.9,10.2,0,Normale
2026-09-28 09:42:00,227706073,FS JACQUES CHEVALLIER,Militaire,France,Manche / Pas-de-Calais,50.31909,1.36926,27.3,7,En route au moteur,Toulon,158.4,7.3,0,Normale
2026-09-28 09:42:00,227901393,FS AQUITAINE,Militaire,France,Golfe de Gascogne,45.62059,-3.45222,28.0,237,En route au moteur,Portsmouth,119.7,6.8,0,Normale
2026-09-28 09:42:00,349926919,LA BELLE POULE,Pêcheur,Liberia,Méditerranée / Rade de Toulon,42.99443,5.92328,2.6,307,En route au moteur,Gênes,38.1,3.8,0,Normale
2026-09-28 09:42:00,721828280,BARFLEUR,Passagers,France,Mer d Iroise / Brest,48.56153,-4.35671,20.7,18,Capacité de manœuvre restreinte,Brest,208.2,6.6,0,Normale
2026-09-28 09:42:00,514797776,HAMBURG EXPRESS,Cargo,Grèce,Mer d Iroise / Brest,48.11475,-4.98915,18.2,64,En route au moteur,Marseille,316.1,15.6,0,Normale
2026-09-28 09:43:00,693303705,ATLANTIC CONVEYOR,Cargo,Danemark,Manche / Pas-de-Calais,49.83183,-0.77033,20.1,314,En route au moteur,Cherbourg,207.5,16.0,0,Normale
2026-09-28 09:43:00,234467368,SEAWAYS KILIMANJARO,Pétrolier,Malte,Golfe de Gascogne,46.73046,-3.73043,11.8,294,En route au moteur,Rotterdam,228.2,11.6,0,Normale
2026-09-28 09:44:00,779064766,MEGA EXPRESS,Passagers,Russie,Méditerranée / Rade de Toulon,42.78794,6.45376,15.6,127,En route au moteur,Portsmouth,185.2,6.9,0,Normale
2026-09-28 09:45:00,268747287,PASCAL PAOLI,Passagers,Malte,Mer d Iroise / Brest,48.13301,-4.44793,19.1,34,En route au moteur,Le Havre,131.7,6.6,0,Normale
2026-09-28 09:45:00,693303705,ATLANTIC CONVEYOR,Cargo,Danemark,Manche / Pas-de-Calais,50.70089,1.40244,13.9,104,En route au moteur,Cherbourg,207.5,16.0,0,Normale
2026-09-28 09:46:00,564323393,ABEILLE BOURBON,Remorqueur,Russie,Méditerranée / Rade de Toulon,43.07063,5.41784,10.3,213,En route au moteur,Brest,46.2,4.5,0,Normale
2026-09-28 09:46:00,564323393,ABEILLE BOURBON,Remorqueur,Russie,Méditerranée / Rade de Toulon,42.92289,5.83025,10.3,256,En route au moteur,Brest,46.2,4.5,0,Normale
2026-09-28 09:46:00,565260635,OCEAN VOYAGER,Pêcheur,France,Manche / Pas-de-Calais,49.69558,-0.55016,7.8,301,En route au moteur,Anvers,25.9,2.9,0,Normale
2026-09-28 09:47:00,299585092,COSCO SHIPPING GLORY,Cargo,Singapour,Golfe de Gascogne,46.76009,-2.07689,15.7,202,Capacité de manœuvre restreinte,Le Havre,201.3,15.5,0,Normale
2026-09-28 09:47:00,737500247,L ARMAGNAC,Pêcheur,Panama,Golfe de Gascogne,46.44716,-2.66805,8.6,183,En route au moteur,Portsmouth,31.7,2.8,0,Normale
2026-09-28 09:47:00,736045484,TOTAL ENERGIES SPIRIT,Pétrolier,Singapour,Mer d Iroise / Brest,48.26809,-4.71664,13.2,155,En route au moteur,Anvers,310.4,16.8,0,Normale
2026-09-28 09:48:00,249203558,TI EUROPE,Pétrolier,Grèce,Manche / Pas-de-Calais,50.85223,0.99539,0.2,278,Amarré,Rotterdam,198.7,13.6,0,Normale
2026-09-28 09:48:00,234467368,SEAWAYS KILIMANJARO,Pétrolier,Malte,Golfe de Gascogne,46.66451,-2.87619,14.3,63,En route au moteur,Rotterdam,228.2,11.6,0,Normale
2026-09-28 09:49:00,710330567,MONT ST MICHEL,Passagers,Danemark,Méditerranée / Rade de Toulon,42.8609,5.85788,18.0,39,En route au moteur,Rotterdam,143.2,6.6,0,Normale
2026-09-28 09:49:00,737500247,L ARMAGNAC,Pêcheur,Panama,Golfe de Gascogne,47.03627,-2.36079,6.5,193,En route au moteur,Portsmouth,31.7,2.8,0,Normale
2026-09-28 09:49:00,234467368,SEAWAYS KILIMANJARO,Pétrolier,Malte,Golfe de Gascogne,44.93408,-3.86928,13.5,193,Capacité de manœuvre restreinte,Rotterdam,228.2,11.6,0,Normale
2026-09-28 09:49:00,769462919,ARMORIQUE,Passagers,France,Manche / Pas-de-Calais,50.36134,-0.61689,18.4,212,En route au moteur,Saint-Nazaire,177.9,6.5,0,Normale
2026-09-28 09:49:00,227706073,FS JACQUES CHEVALLIER,Militaire,France,Manche / Pas-de-Calais,50.29793,0.39506,21.9,254,En route au moteur,Toulon,158.4,7.3,0,Normale
2026-09-28 09:49:00,514797776,HAMBURG EXPRESS,Pétrolier,Grèce,Mer d Iroise / Brest,48.48109,-5.07184,12.2,243,En route au moteur,Marseille,316.1,15.6,0,Normale
2026-09-28 09:50:00,212327652,CAP FINISTERE,Pêcheur,Grèce,Golfe de Gascogne,46.73575,-3.84635,8.9,312,En route au moteur,Portsmouth,37.5,4.2,0,Normale
2026-09-28 09:50:00,234467368,SEAWAYS KILIMANJARO,Pétrolier,Malte,Golfe de Gascogne,45.56911,-2.04496,12.1,27,En route au moteur,Rotterdam,228.2,11.6,0,Normale
2026-09-28 09:50:00,308449460,FRONT ALTAIR,Pétrolier,Russie,Golfe de Gascogne,46.3821,-2.41636,11.4,314,En route au moteur,Brest,207.3,16.7,0,Normale
2026-09-28 09:51:00,798020238,PACIFIC JEWEL,Pétrolier,Liberia,Manche / Pas-de-Calais,51.09996,-0.98868,13.9,259,En route au moteur,Rotterdam,276.4,18.6,0,Normale
2026-09-28 09:51:00,745098869,LE CONQUERANT,Pétrolier,Chine,Mer d Iroise / Brest,48.1929,-4.61634,7.9,121,En route au moteur,Cherbourg,23.4,3.4,0,Normale
2026-09-28 09:51:00,600957212,CORSICA VERA,Passagers,Royaume-Uni,Mer d Iroise / Brest,48.37696,-4.86753,0.1,35,Au mouillage,Rotterdam,202.0,6.4,0,Normale
2026-09-28 09:51:00,268212356,MARIE-JEANNE,Pêcheur,Singapour,Golfe de Gascogne,47.01206,-2.5574,7.0,57,En route au moteur,Cherbourg,28.3,5.0,0,Normale
2026-09-28 09:51:00,779064766,MEGA EXPRESS,Passagers,Russie,Méditerranée / Rade de Toulon,42.7851,5.61028,0.2,275,Au mouillage,Portsmouth,185.2,6.9,0,Normale
2026-09-28 09:51:00,710330567,MONT ST MICHEL,Passagers,Danemark,Méditerranée / Rade de Toulon,43.11764,5.70008,25.8,132,En route au moteur,Rotterdam,143.2,6.6,0,Normale
2026-09-28 09:52:00,736045484,TOTAL ENERGIES SPIRIT,Pétrolier,Singapour,Mer d Iroise / Brest,48.46167,-4.9321,12.9,282,En route au moteur,Anvers,310.4,16.8,0,Normale
2026-09-28 09:53:00,227901393,FS AQUITAINE,Militaire,France,Golfe de Gascogne,45.65395,-1.94126,22.9,338,En route au moteur,Portsmouth,119.7,6.8,0,Normale
2026-09-28 09:53:00,785582861,CMA CGM ANTOINE,Cargo,France,Manche / Pas-de-Calais,49.93648,1.7501,12.2,258,En route au moteur,Rotterdam,309.9,10.2,0,Normale
2026-09-28 09:53:00,349926919,LA BELLE POULE,Pétrolier,Liberia,Méditerranée / Rade de Toulon,43.04482,5.90167,6.3,282,En route au moteur,Gênes,38.1,3.8,0,Normale
2026-09-28 09:53:00,530190783,PONT AVEN,Passagers,Liberia,Manche / Pas-de-Calais,50.15768,1.2647,16.6,126,En route au moteur,Marseille,134.6,7.3,0,Normale
2026-09-28 09:54:00,565341213,ONE APUS,Cargo,Îles Marshall,Golfe de Gascogne,45.71937,-2.44617,14.8,153,En route au moteur,Marseille,214.2,16.2,0,Normale
2026-09-28 09:54:00,212327652,CAP FINISTERE,Pêcheur,Grèce,Golfe de Gascogne,47.1993,-3.99732,4.7,241,En route au moteur,Portsmouth,37.5,4.2,0,Normale
2026-09-28 09:56:00,628853029,PETIT JEAN,Pêcheur,Malte,Méditerranée / Rade de Toulon,42.76033,5.61184,5.8,353,En route au moteur,Marseille,23.9,5.0,0,Normale
2026-09-28 09:56:00,530190783,PONT AVEN,Passagers,Liberia,Manche / Pas-de-Calais,51.06969,0.17818,24.9,248,En route au moteur,Marseille,134.6,7.3,0,Normale
2026-09-28 09:56:00,779064766,MEGA EXPRESS,Passagers,Russie,Méditerranée / Rade de Toulon,42.74979,6.28129,21.9,200,En route au moteur,Portsmouth,185.2,6.9,0,Normale
2026-09-28 09:57:00,564323393,ABEILLE BOURBON,Remorqueur,Russie,Méditerranée / Rade de Toulon,42.96758,6.19543,13.2,89,Capacité de manœuvre restreinte,Brest,46.2,4.5,0,Normale
2026-09-28 09:57:00,693303705,ATLANTIC CONVEYOR,Cargo,Danemark,Manche / Pas-de-Calais,50.59965,-1.03469,19.5,86,En route au moteur,Cherbourg,207.5,16.0,0,Normale
2026-09-28 09:58:00,514797776,HAMBURG EXPRESS,Cargo,Grèce,Mer d Iroise / Brest,48.51905,-4.51984,18.4,297,En route au moteur,Marseille,316.1,15.6,0,Normale
2026-09-28 09:59:00,769462919,ARMORIQUE,Passagers,France,Manche / Pas-de-Calais,49.66421,-0.81765,0.2,240,Au mouillage,Saint-Nazaire,177.9,6.5,0,Normale
2026-09-28 10:00:00,721828280,BARFLEUR,Passagers,France,Mer d Iroise / Brest,48.13942,-4.74465,16.0,255,En route au moteur,Brest,208.2,6.6,0,Normale
2026-09-28 10:00:00,383758720,ENERGY TRIUMPH,Pétrolier,Danemark,Méditerranée / Rade de Toulon,42.88457,5.77384,0.3,203,Au mouillage,Anvers,284.0,12.5,0,Normale
2026-09-28 10:01:00,790907304,SMIT ROTTERDAM,Remorqueur,France,Manche / Pas-de-Calais,50.2088,-1.12526,7.2,158,En route au moteur,Marseille,37.3,6.5,0,Normale
2026-09-28 10:02:00,308449460,FRONT ALTAIR,Pétrolier,Singapour,Golfe de Gascogne,46.87505,-1.85711,0.4,12,Au mouillage,Brest,207.3,16.7,0,Normale
2026-09-28 10:02:00,227822733,FS FORBIN,Militaire,Russie,Manche / Pas-de-Calais,51.01532,1.05997,24.2,320,En route au moteur,Marseille,136.8,6.4,0,Normale
2026-09-28 10:02:00,212327652,CAP FINISTERE,Pêcheur,Grèce,Golfe de Gascogne,46.57099,-2.38261,2.4,191,En route au moteur,Portsmouth,37.5,4.2,0,Normale
2026-09-28 10:02:00,736045484,TOTAL ENERGIES SPIRIT,Pétrolier,Singapour,Mer d Iroise / Brest,48.15272,-4.3954,11.9,215,En route au moteur,Anvers,310.4,16.8,0,Normale
2026-09-28 10:03:00,530190783,PONT AVEN,Passagers,Liberia,Manche / Pas-de-Calais,50.36638,1.12955,22.6,24,En route au moteur,Marseille,134.6,7.3,0,Normale
2026-09-28 10:03:00,597478786,NORDIC FREEDOM,Pétrolier,Malte,Manche / Pas-de-Calais,49.77538,1.77945,12.2,189,En route au moteur,Gênes,195.6,13.4,0,Normale
2026-09-28 10:03:00,268747287,PASCAL PAOLI,Passagers,Malte,Mer d Iroise / Brest,48.16594,-5.08785,25.5,43,En route au moteur,Le Havre,131.7,6.6,0,Normale
2026-09-28 10:04:00,308449460,FRONT ALTAIR,Pétrolier,Singapour,Golfe de Gascogne,45.10293,-2.5933,11.1,358,En route au moteur,Brest,207.3,16.7,0,Normale
2026-09-28 10:05:00,565260635,OCEAN VOYAGER,Pêcheur,France,Manche / Pas-de-Calais,51.01149,0.69476,2.4,182,En route au moteur,Anvers,25.9,2.9,0,Normale
2026-09-28 10:05:00,785582861,CMA CGM ANTOINE,Cargo,France,Manche / Pas-de-Calais,50.02331,0.28717,17.4,158,En route au moteur,Rotterdam,309.9,10.2,0,Normale
2026-09-28 10:05:00,383758720,ENERGY TRIUMPH,Pétrolier,Danemark,Méditerranée / Rade de Toulon,43.02626,5.64393,14.2,193,En route au moteur,Anvers,284.0,12.5,0,Normale
2026-09-28 10:06:00,227074441,FS CHEVALIER PAUL,Pétrolier,France,Manche / Pas-de-Calais,50.87401,-0.50757,24.9,29,En route au moteur,Le Havre,164.9,5.2,0,Normale
2026-09-28 10:06:00,565260635,OCEAN VOYAGER,Pêcheur,France,Manche / Pas-de-Calais,50.09634,-0.58208,5.9,193,En route au moteur,Anvers,25.9,2.9,0,Normale
2026-09-28 10:06:00,308449460,FRONT ALTAIR,Pétrolier,Russie,Golfe de Gascogne,45.16113,-2.55526,12.2,163,En route au moteur,Brest,207.3,16.7,0,Normale
2026-09-28 10:07:00,628853029,PETIT JEAN,Pêcheur,Russie,Méditerranée / Rade de Toulon,43.11611,5.73434,5.5,30,En route au moteur,Marseille,23.9,5.0,0,Normale
2026-09-28 10:07:00,564323393,ABEILLE BOURBON,Remorqueur,Russie,Méditerranée / Rade de Toulon,43.1266,6.42499,8.6,29,En route au moteur,Brest,46.2,4.5,0,Normale
2026-09-28 10:07:00,227706073,FS JACQUES CHEVALLIER,Militaire,France,Manche / Pas-de-Calais,50.66798,-1.1072,0.4,302,Au mouillage,Toulon,158.4,7.3,0,Normale
2026-09-28 10:07:00,565341213,ONE APUS,Cargo,Îles Marshall,Golfe de Gascogne,45.84628,-3.30984,16.0,21,En route au moteur,Marseille,214.2,16.2,0,Normale
2026-09-28 10:08:00,449817734,MAERSK MC-KINNEY,Cargo,Danemark,Méditerranée / Rade de Toulon,43.05065,5.54359,12.4,157,En route au moteur,Rotterdam,312.4,13.6,0,Normale
2026-09-28 10:08:00,349926919,LA BELLE POULE,Pétrolier,Liberia,Méditerranée / Rade de Toulon,42.93886,6.41362,6.9,14,En route au moteur,Gênes,38.1,3.8,0,Normale
2026-09-28 10:08:00,268747287,PASCAL PAOLI,Passagers,Malte,Mer d Iroise / Brest,48.48153,-5.02334,23.4,68,En route au moteur,Le Havre,131.7,6.6,0,Normale
2026-09-28 10:09:00,721828280,BARFLEUR,Passagers,France,Mer d Iroise / Brest,48.17379,-4.5499,0.4,54,Au mouillage,Brest,208.2,6.6,0,Normale
2026-09-28 10:09:00,227074441,FS CHEVALIER PAUL,Pétrolier,France,Manche / Pas-de-Calais,50.73621,1.67209,19.4,300,En route au moteur,Le Havre,164.9,5.2,0,Normale
2026-09-28 10:09:00,268212356,MARIE-JEANNE,Pêcheur,Singapour,Golfe de Gascogne,45.58884,-2.28239,0.1,161,Amarré,Cherbourg,28.3,5.0,0,Normale
2026-09-28 10:10:00,319540831,EVER GIVEN,Cargo,France,Mer d Iroise / Brest,48.54108,-4.87751,19.4,106,En route au moteur,Marseille,343.1,11.6,0,Normale
2026-09-28 10:10:00,564323393,ABEILLE BOURBON,Remorqueur,Russie,Méditerranée / Rade de Toulon,42.78564,5.74252,0.3,25,Au mouillage,Brest,46.2,4.5,0,Normale
2026-09-28 10:11:00,745098869,LE CONQUERANT,Pétrolier,Chine,Mer d Iroise / Brest,48.13632,-4.57444,7.5,62,En route au moteur,Cherbourg,23.4,3.4,0,Normale
2026-09-28 10:11:00,736045484,TOTAL ENERGIES SPIRIT,Pétrolier,Singapour,Mer d Iroise / Brest,48.53757,-4.74772,0.1,151,Au mouillage,Anvers,310.4,16.8,0,Normale
2026-09-28 10:12:00,565341213,ONE APUS,Cargo,Îles Marshall,Golfe de Gascogne,46.64381,-2.57542,0.0,348,Au mouillage,Marseille,214.2,16.2,0,Normale
2026-09-28 10:12:00,693303705,ATLANTIC CONVEYOR,Cargo,Danemark,Manche / Pas-de-Calais,50.74447,0.65012,17.1,228,En route au moteur,Cherbourg,207.5,16.0,0,Normale
2026-09-28 10:13:00,449817734,MAERSK MC-KINNEY,Cargo,Danemark,Méditerranée / Rade de Toulon,43.16114,5.73542,18.7,9,En route au moteur,Rotterdam,312.4,13.6,0,Normale
2026-09-28 10:13:00,628853029,PETIT JEAN,Pêcheur,Russie,Méditerranée / Rade de Toulon,42.75392,5.6622,2.4,170,En route au moteur,Marseille,23.9,5.0,0,Normale
2026-09-28 10:13:00,693303705,ATLANTIC CONVEYOR,Cargo,Danemark,Manche / Pas-de-Calais,49.90644,0.06335,0.2,28,Au mouillage,Cherbourg,207.5,16.0,0,Normale
2026-09-28 10:14:00,299585092,COSCO SHIPPING GLORY,Cargo,Singapour,Golfe de Gascogne,45.08428,-2.36534,19.1,115,En route au moteur,Le Havre,201.3,15.5,0,Normale
2026-09-28 10:14:00,710330567,MONT ST MICHEL,Passagers,Danemark,Méditerranée / Rade de Toulon,43.18134,6.39254,0.5,160,Au mouillage,Rotterdam,143.2,6.6,0,Normale
2026-09-28 10:14:00,514797776,HAMBURG EXPRESS,Cargo,Grèce,Mer d Iroise / Brest,48.2924,-4.32002,21.0,101,En route au moteur,Marseille,316.1,15.6,0,Normale
2026-09-28 10:14:00,212327652,CAP FINISTERE,Pêcheur,Grèce,Golfe de Gascogne,46.05542,-3.49084,2.5,23,En route au moteur,Portsmouth,37.5,4.2,0,Normale
2026-09-28 10:14:00,319540831,EVER GIVEN,Cargo,France,Mer d Iroise / Brest,48.2503,-4.34303,19.0,337,En route au moteur,Marseille,343.1,11.6,0,Normale
2026-09-28 10:15:00,250590821,LE MORGAT,Pêcheur,France,Méditerranée / Rade de Toulon,43.18026,5.4285,5.6,287,En route au moteur,Gênes,22.1,2.9,0,Normale
2026-09-28 10:15:00,227706073,FS JACQUES CHEVALLIER,Militaire,France,Manche / Pas-de-Calais,49.74209,-1.16371,13.9,31,En route au moteur,Toulon,158.4,7.3,0,Normale
2026-09-28 10:15:00,682334538,MSC OSCAR,Cargo,Chine,Mer d Iroise / Brest,48.11654,-5.05955,13.8,188,En route au moteur,Toulon,241.2,15.7,0,Normale
2026-09-28 10:15:00,798020238,PACIFIC JEWEL,Pétrolier,Liberia,Manche / Pas-de-Calais,50.8545,-0.32511,10.6,40,En route au moteur,Rotterdam,276.4,18.6,0,Normale
2026-09-28 10:15:00,710330567,MONT ST MICHEL,Passagers,Danemark,Méditerranée / Rade de Toulon,42.78979,6.07951,19.2,337,En route au moteur,Rotterdam,143.2,6.6,0,Normale
2026-09-28 10:15:00,798020238,PACIFIC JEWEL,Pétrolier,Liberia,Manche / Pas-de-Calais,50.16197,-0.71282,12.1,7,En route au moteur,Rotterdam,276.4,18.6,0,Normale
2026-09-28 10:15:00,769462919,ARMORIQUE,Passagers,France,Manche / Pas-de-Calais,50.61732,-0.1198,19.8,181,En route au moteur,Saint-Nazaire,177.9,6.5,0,Normale
2026-09-28 10:15:00,652991960,ABEILLE FLANDRE,Pétrolier,Panama,Manche / Pas-de-Calais,49.72583,-0.16946,0.3,290,Au mouillage,Dunkerque,47.5,4.6,0,Normale
2026-09-28 10:15:00,693303705,ATLANTIC CONVEYOR,Cargo,Danemark,Manche / Pas-de-Calais,49.93934,-0.89073,15.0,236,En route au moteur,Cherbourg,207.5,16.0,0,Normale
2026-09-28 10:16:00,453810544,VB CROISIC,Remorqueur,Panama,Méditerranée / Rade de Toulon,43.03888,6.19302,12.5,321,En route au moteur,Le Havre,53.3,5.2,0,Normale
2026-09-28 10:16:00,227690993,FS SOMME,Militaire,France,Méditerranée / Rade de Toulon,43.09926,5.52092,0.1,183,Au mouillage,Le Havre,131.7,6.5,0,Normale
2026-09-28 10:16:00,299585092,COSCO SHIPPING GLORY,Cargo,Singapour,Golfe de Gascogne,45.27112,-1.90476,17.6,314,En route au moteur,Le Havre,201.3,15.5,0,Normale
2026-09-28 10:16:00,790907304,SMIT ROTTERDAM,Remorqueur,France,Manche / Pas-de-Calais,50.85923,-0.24549,10.7,299,En route au moteur,Marseille,37.3,6.5,0,Normale
2026-09-28 10:16:00,737500247,L ARMAGNAC,Pêcheur,Panama,Golfe de Gascogne,47.01242,-3.35972,6.5,200,En route au moteur,Portsmouth,31.7,2.8,0,Normale
2026-09-28 10:17:00,319540831,EVER GIVEN,Cargo,France,Mer d Iroise / Brest,48.20154,-4.40492,0.2,115,Au mouillage,Marseille,343.1,11.6,0,Normale
2026-09-28 10:17:00,779064766,MEGA EXPRESS,Passagers,Russie,Méditerranée / Rade de Toulon,42.86715,6.28567,15.5,26,En route au moteur,Portsmouth,185.2,6.9,0,Normale
2026-09-28 10:17:00,227822733,FS FORBIN,Militaire,Russie,Manche / Pas-de-Calais,50.34468,-1.20218,24.4,160,En route au moteur,Marseille,136.8,6.4,0,Normale
2026-09-28 10:18:00,268747287,PASCAL PAOLI,Passagers,Malte,Mer d Iroise / Brest,48.2091,-4.85828,21.9,299,En route au moteur,Le Havre,131.7,6.6,0,Normale
2026-09-28 10:18:00,250590821,LE MORGAT,Pétrolier,France,Méditerranée / Rade de Toulon,43.01784,5.49195,4.8,152,En route au moteur,Gênes,22.1,2.9,0,Normale
2026-09-28 10:18:00,564323393,ABEILLE BOURBON,Remorqueur,Russie,Méditerranée / Rade de Toulon,43.17368,6.20054,9.4,68,En route au moteur,Brest,46.2,4.5,0,Normale
2026-09-28 10:19:00,349926919,LA BELLE POULE,Pétrolier,Liberia,Méditerranée / Rade de Toulon,42.97636,5.7402,4.5,350,Capacité de manœuvre restreinte,Gênes,38.1,3.8,0,Normale
2026-09-28 10:19:00,319540831,EVER GIVEN,Cargo,France,Mer d Iroise / Brest,48.35227,-4.79525,0.3,67,Amarré,Marseille,343.1,11.6,0,Normale
2026-09-28 10:20:00,721828280,BARFLEUR,Passagers,France,Mer d Iroise / Brest,48.50823,-4.50336,15.5,176,En route au moteur,Brest,208.2,6.6,0,Normale
2026-09-28 10:20:00,745098869,LE CONQUERANT,Pétrolier,Chine,Mer d Iroise / Brest,48.39278,-4.48508,7.2,236,En route au moteur,Cherbourg,23.4,3.4,0,Normale
2026-09-28 10:21:00,249203558,TI EUROPE,Pétrolier,Grèce,Manche / Pas-de-Calais,50.03417,-1.10405,12.2,66,En route au moteur,Rotterdam,198.7,13.6,0,Normale
2026-09-28 10:21:00,628853029,PETIT JEAN,Pêcheur,Russie,Méditerranée / Rade de Toulon,43.00181,6.42595,6.5,218,En route au moteur,Marseille,23.9,5.0,0,Normale
2026-09-28 10:22:00,383758720,ENERGY TRIUMPH,Pétrolier,Danemark,Méditerranée / Rade de Toulon,43.1858,5.99113,0.4,298,Amarré,Anvers,284.0,12.5,0,Normale
2026-09-28 10:23:00,737500247,L ARMAGNAC,Pêcheur,Panama,Golfe de Gascogne,46.63207,-3.02731,7.2,235,En route au moteur,Portsmouth,31.7,2.8,0,Normale
2026-09-28 10:23:00,227690993,FS SOMME,Militaire,France,Méditerranée / Rade de Toulon,43.0317,5.67889,25.2,154,En route au moteur,Le Havre,131.7,6.5,0,Normale
2026-09-28 10:25:00,227822733,FS FORBIN,Militaire,France,Manche / Pas-de-Calais,49.85044,-1.08113,16.3,60,En route au moteur,Marseille,136.8,6.4,0,Normale
2026-09-28 10:25:00,769462919,ARMORIQUE,Passagers,France,Manche / Pas-de-Calais,50.54048,-0.33024,22.2,63,En route au moteur,Saint-Nazaire,177.9,6.5,0,Normale
2026-09-28 10:26:00,212327652,CAP FINISTERE,Pêcheur,Grèce,Golfe de Gascogne,46.76822,-3.78272,8.0,284,Capacité de manœuvre restreinte,Portsmouth,37.5,4.2,0,Normale
2026-09-28 10:26:00,769462919,ARMORIQUE,Passagers,France,Manche / Pas-de-Calais,50.47836,0.03041,15.6,324,En route au moteur,Saint-Nazaire,177.9,6.5,0,Normale
2026-09-28 10:26:00,376777762,VB PROVENCE,Remorqueur,Russie,Méditerranée / Rade de Toulon,43.11867,5.57496,5.8,13,En route au moteur,Anvers,35.1,5.0,0,Normale
2026-09-28 10:26:00,349926919,LA BELLE POULE,Pétrolier,Liberia,Méditerranée / Rade de Toulon,42.87122,6.15811,5.2,132,En route au moteur,Gênes,38.1,3.8,0,Normale
2026-09-28 10:27:00,565260635,OCEAN VOYAGER,Pêcheur,France,Manche / Pas-de-Calais,49.90639,0.86343,4.8,343,En route au moteur,Anvers,25.9,2.9,0,Normale
2026-09-28 10:27:00,308449460,FRONT ALTAIR,Pétrolier,Russie,Golfe de Gascogne,46.25305,-1.93376,11.2,296,En route au moteur,Brest,207.3,16.7,0,Normale
2026-09-28 10:27:00,449817734,MAERSK MC-KINNEY,Cargo,Danemark,Méditerranée / Rade de Toulon,43.17926,5.86391,18.1,54,En route au moteur,Rotterdam,312.4,13.6,0,Normale
2026-09-28 10:28:00,514797776,HAMBURG EXPRESS,Cargo,Grèce,Mer d Iroise / Brest,48.48748,-4.53677,17.5,355,En route au moteur,Marseille,316.1,15.6,0,Normale
2026-09-28 10:29:00,250590821,LE MORGAT,Pêcheur,France,Méditerranée / Rade de Toulon,42.98932,6.02718,4.6,300,En route au moteur,Gênes,22.1,2.9,0,Normale
2026-09-28 10:29:00,710330567,MONT ST MICHEL,Passagers,Danemark,Méditerranée / Rade de Toulon,42.96035,5.40404,24.2,64,En route au moteur,Rotterdam,143.2,6.6,0,Normale
2026-09-28 10:29:00,721828280,BARFLEUR,Passagers,France,Mer d Iroise / Brest,48.17288,-4.82787,16.5,197,En route au moteur,Brest,208.2,6.6,0,Normale
2026-09-28 10:30:00,234467368,SEAWAYS KILIMANJARO,Pétrolier,Malte,Golfe de Gascogne,46.38503,-3.82306,10.4,1,En route au moteur,Rotterdam,228.2,11.6,0,Normale
2026-09-28 10:30:00,565341213,ONE APUS,Cargo,Îles Marshall,Golfe de Gascogne,45.59039,-2.7294,0.1,87,Au mouillage,Marseille,214.2,16.2,0,Normale
2026-09-28 10:30:00,600957212,CORSICA VERA,Pétrolier,Russie,Mer d Iroise / Brest,48.14621,-4.81588,23.5,267,En route au moteur,Rotterdam,202.0,6.4,0,Normale
2026-09-28 10:30:00,234467368,SEAWAYS KILIMANJARO,Pétrolier,Malte,Golfe de Gascogne,45.0331,-2.65911,14.5,251,En route au moteur,Rotterdam,228.2,11.6,0,Normale
2026-09-28 10:30:00,212327652,CAP FINISTERE,Pêcheur,Grèce,Golfe de Gascogne,46.88143,-3.60235,5.9,158,En route au moteur,Portsmouth,37.5,4.2,0,Normale
2026-09-28 10:31:00,628853029,PETIT JEAN,Pêcheur,Russie,Méditerranée / Rade de Toulon,42.78896,5.47634,0.1,201,Amarré,Marseille,23.9,5.0,0,Normale
2026-09-28 10:31:00,769462919,ARMORIQUE,Passagers,France,Manche / Pas-de-Calais,50.81608,0.84731,15.0,76,En route au moteur,Saint-Nazaire,177.9,6.5,0,Normale
2026-09-28 10:31:00,798020238,PACIFIC JEWEL,Pétrolier,Liberia,Manche / Pas-de-Calais,50.30517,0.09887,12.5,67,En route au moteur,Rotterdam,276.4,18.6,0,Normale
2026-09-28 10:32:00,349926919,LA BELLE POULE,Pêcheur,Liberia,Méditerranée / Rade de Toulon,42.96684,6.27036,7.3,112,En route au moteur,Gênes,38.1,3.8,0,Normale
2026-09-28 10:32:00,453810544,VB CROISIC,Remorqueur,Panama,Méditerranée / Rade de Toulon,42.96451,6.20773,0.0,110,Au mouillage,Le Havre,53.3,5.2,0,Normale
2026-09-28 10:32:00,565341213,ONE APUS,Cargo,Îles Marshall,Golfe de Gascogne,46.66425,-3.42381,12.8,343,Capacité de manœuvre restreinte,Marseille,214.2,16.2,0,Normale
2026-09-28 10:32:00,530190783,PONT AVEN,Passagers,Liberia,Manche / Pas-de-Calais,49.82741,-0.41156,15.0,251,En route au moteur,Marseille,134.6,7.3,0,Normale
2026-09-28 10:33:00,564323393,ABEILLE BOURBON,Remorqueur,Russie,Méditerranée / Rade de Toulon,43.1762,5.96586,0.4,69,Au mouillage,Brest,46.2,4.5,0,Normale
2026-09-28 10:33:00,268212356,MARIE-JEANNE,Pêcheur,Singapour,Golfe de Gascogne,46.25292,-3.25091,0.4,185,Au mouillage,Cherbourg,28.3,5.0,0,Normale
2026-09-28 10:33:00,453810544,VB CROISIC,Remorqueur,Panama,Méditerranée / Rade de Toulon,43.0028,6.0736,7.1,13,En route au moteur,Le Havre,53.3,5.2,0,Normale
2026-09-28 10:33:00,227690993,FS SOMME,Militaire,France,Méditerranée / Rade de Toulon,42.78936,5.79257,17.2,325,En route au moteur,Le Havre,131.7,6.5,0,Normale
2026-09-28 10:34:00,682334538,MSC OSCAR,Cargo,Chine,Mer d Iroise / Brest,48.28858,-4.61602,12.7,300,En route au moteur,Toulon,241.2,15.7,0,Normale
2026-09-28 10:34:00,514797776,HAMBURG EXPRESS,Cargo,Grèce,Mer d Iroise / Brest,48.48756,-4.44137,19.4,21,En route au moteur,Marseille,316.1,15.6,0,Normale
2026-09-28 10:34:00,268212356,MARIE-JEANNE,Pêcheur,Singapour,Golfe de Gascogne,46.12516,-3.78934,3.7,20,En route au moteur,Cherbourg,28.3,5.0,0,Normale
2026-09-28 10:35:00,376777762,VB PROVENCE,Remorqueur,Singapour,Méditerranée / Rade de Toulon,43.01391,5.81269,12.2,47,En route au moteur,Anvers,35.1,5.0,0,Normale
2026-09-28 10:35:00,268212356,MARIE-JEANNE,Pêcheur,Singapour,Golfe de Gascogne,45.10009,-3.1478,2.6,7,En route au moteur,Cherbourg,28.3,5.0,0,Normale
2026-09-28 10:35:00,227508993,FS DIXMUDE,Militaire,France,Méditerranée / Rade de Toulon,42.90542,6.00078,27.7,290,En route au moteur,Rotterdam,105.7,5.5,0,Normale
2026-09-28 10:35:00,514797776,HAMBURG EXPRESS,Cargo,Grèce,Mer d Iroise / Brest,48.28179,-4.3456,14.2,24,En route au moteur,Marseille,316.1,15.6,0,Normale
2026-09-28 10:35:00,710330567,MONT ST MICHEL,Passagers,Danemark,Méditerranée / Rade de Toulon,42.81436,5.68914,24.2,189,Capacité de manœuvre restreinte,Rotterdam,143.2,6.6,0,Normale
2026-09-28 10:36:00,227822733,FS FORBIN,Militaire,France,Manche / Pas-de-Calais,50.5342,0.8124,26.4,261,En route au moteur,Marseille,136.8,6.4,0,Normale
2026-09-28 10:37:00,565341213,ONE APUS,Cargo,Îles Marshall,Golfe de Gascogne,46.12788,-2.91659,19.9,28,En route au moteur,Marseille,214.2,16.2,0,Normale
2026-09-28 10:37:00,790907304,SMIT ROTTERDAM,Remorqueur,France,Manche / Pas-de-Calais,50.33891,-0.91744,9.6,330,En route au moteur,Marseille,37.3,6.5,0,Normale
2026-09-28 10:38:00,299585092,COSCO SHIPPING GLORY,Cargo,Singapour,Golfe de Gascogne,45.86347,-3.18236,15.7,110,En route au moteur,Le Havre,201.3,15.5,0,Normale
2026-09-28 10:38:00,449817734,MAERSK MC-KINNEY,Cargo,Danemark,Méditerranée / Rade de Toulon,42.90693,5.94676,16.1,154,En route au moteur,Rotterdam,312.4,13.6,0,Normale
2026-09-28 10:39:00,514797776,HAMBURG EXPRESS,Cargo,Grèce,Mer d Iroise / Brest,48.17466,-4.88109,17.6,263,En route au moteur,Marseille,316.1,15.6,0,Normale
2026-09-28 10:39:00,682334538,MSC OSCAR,Cargo,Chine,Mer d Iroise / Brest,48.28058,-4.591,12.4,149,Capacité de manœuvre restreinte,Toulon,241.2,15.7,0,Normale
2026-09-28 10:39:00,652991960,ABEILLE FLANDRE,Remorqueur,Panama,Manche / Pas-de-Calais,50.73445,1.14325,8.2,341,Capacité de manœuvre restreinte,Dunkerque,47.5,4.6,0,Normale
2026-09-28 10:39:00,790907304,SMIT ROTTERDAM,Remorqueur,France,Manche / Pas-de-Calais,49.65029,-0.59266,5.4,356,En route au moteur,Marseille,37.3,6.5,0,Normale
2026-09-28 10:39:00,268212356,MARIE-JEANNE,Pêcheur,Singapour,Golfe de Gascogne,44.81212,-3.70287,6.6,140,En route au moteur,Cherbourg,28.3,5.0,0,Normale
2026-09-28 10:40:00,349926919,LA BELLE POULE,Pêcheur,Liberia,Méditerranée / Rade de Toulon,42.89893,5.77714,7.6,70,En route au moteur,Gênes,38.1,3.8,0,Normale
2026-09-28 10:40:00,250590821,LE MORGAT,Pétrolier,France,Méditerranée / Rade de Toulon,42.94079,6.44855,5.9,150,En route au moteur,Gênes,22.1,2.9,0,Normale
2026-09-28 10:40:00,628853029,PETIT JEAN,Pêcheur,Russie,Méditerranée / Rade de Toulon,43.01264,6.46825,0.4,241,Au mouillage,Marseille,23.9,5.0,0,Normale
2026-09-28 10:40:00,212327652,CAP FINISTERE,Pêcheur,Grèce,Golfe de Gascogne,46.14534,-3.91749,7.9,44,En route au moteur,Portsmouth,37.5,4.2,0,Normale
2026-09-28 10:41:00,721828280,BARFLEUR,Passagers,France,Mer d Iroise / Brest,48.10405,-4.40795,25.7,310,En route au moteur,Brest,208.2,6.6,0,Normale
2026-09-28 10:41:00,564323393,ABEILLE BOURBON,Remorqueur,Russie,Méditerranée / Rade de Toulon,42.99721,6.23746,7.6,113,En route au moteur,Brest,46.2,4.5,0,Normale
2026-09-28 10:41:00,785582861,CMA CGM ANTOINE,Cargo,France,Manche / Pas-de-Calais,50.69444,1.46119,19.6,90,En route au moteur,Rotterdam,309.9,10.2,0,Normale
2026-09-28 10:42:00,790907304,SMIT ROTTERDAM,Remorqueur,France,Manche / Pas-de-Calais,50.39434,0.12893,11.1,330,En route au moteur,Marseille,37.3,6.5,0,Normale
2026-09-28 10:42:00,449817734,MAERSK MC-KINNEY,Cargo,Danemark,Méditerranée / Rade de Toulon,43.00426,6.15759,17.7,1,En route au moteur,Rotterdam,312.4,13.6,0,Normale
2026-09-28 10:42:00,736045484,TOTAL ENERGIES SPIRIT,Pétrolier,Singapour,Mer d Iroise / Brest,48.17022,-4.77885,12.9,344,En route au moteur,Anvers,310.4,16.8,0,Normale
2026-09-28 10:43:00,349926919,LA BELLE POULE,Pêcheur,Liberia,Manche / Pas-de-Calais,50.85,1.35,0.2,145,En route au moteur,Gênes,38.1,3.8,1,Arret anormal en plein chenal de navigation
2026-09-28 10:43:00,234467368,SEAWAYS KILIMANJARO,Pétrolier,Malte,Golfe de Gascogne,44.92737,-3.92957,14.2,242,En route au moteur,Rotterdam,228.2,11.6,0,Normale
2026-09-28 10:43:00,790907304,SMIT ROTTERDAM,Remorqueur,France,Manche / Pas-de-Calais,51.04999,0.93298,13.2,107,En route au moteur,Marseille,37.3,6.5,0,Normale
2026-09-28 10:44:00,349926919,LA BELLE POULE,Pétrolier,Liberia,Méditerranée / Rade de Toulon,43.13972,6.43067,7.0,157,En route au moteur,Gênes,38.1,3.8,0,Normale
2026-09-28 10:45:00,227074441,FS CHEVALIER PAUL,Pétrolier,France,Manche / Pas-de-Calais,50.86234,-0.93706,13.6,150,En route au moteur,Le Havre,164.9,5.2,0,Normale
2026-09-28 10:45:00,227706073,FS JACQUES CHEVALLIER,Militaire,France,Manche / Pas-de-Calais,50.32502,1.4953,15.9,8,En route au moteur,Toulon,158.4,7.3,0,Normale
2026-09-28 10:46:00,227706073,FS JACQUES CHEVALLIER,Militaire,France,Manche / Pas-de-Calais,49.93837,-0.37211,14.2,195,En route au moteur,Toulon,158.4,7.3,0,Normale
2026-09-28 10:46:00,376777762,VB PROVENCE,Remorqueur,Russie,Méditerranée / Rade de Toulon,43.13643,6.33665,13.0,107,Capacité de manœuvre restreinte,Anvers,35.1,5.0,0,Normale
2026-09-28 10:46:00,227901393,FS AQUITAINE,Pétrolier,France,Golfe de Gascogne,44.98827,-2.01108,0.3,156,Au mouillage,Portsmouth,119.7,6.8,0,Normale
2026-09-28 10:47:00,212327652,CAP FINISTERE,Pêcheur,Grèce,Golfe de Gascogne,46.82283,-2.14024,8.8,116,En route au moteur,Portsmouth,37.5,4.2,0,Normale
2026-09-28 10:47:00,299585092,COSCO SHIPPING GLORY,Cargo,Singapour,Golfe de Gascogne,46.86091,-3.864,14.4,320,En route au moteur,Le Havre,201.3,15.5,0,Normale
2026-09-28 10:47:00,308449460,FRONT ALTAIR,Pétrolier,Russie,Golfe de Gascogne,46.81777,-3.38603,12.7,84,En route au moteur,Brest,207.3,16.7,0,Normale
2026-09-28 10:48:00,514797776,HAMBURG EXPRESS,Cargo,Grèce,Mer d Iroise / Brest,48.53284,-4.91181,15.5,162,En route au moteur,Marseille,316.1,15.6,0,Normale
2026-09-28 10:48:00,565260635,OCEAN VOYAGER,Pêcheur,France,Manche / Pas-de-Calais,49.898,-0.13216,8.1,292,En route au moteur,Anvers,25.9,2.9,0,Normale
2026-09-28 10:48:00,227508993,FS DIXMUDE,Militaire,France,Méditerranée / Rade de Toulon,42.72274,6.2131,16.8,202,En route au moteur,Rotterdam,105.7,5.5,0,Normale
2026-09-28 10:49:00,790907304,SMIT ROTTERDAM,Remorqueur,France,Manche / Pas-de-Calais,51.07077,1.24767,8.2,154,En route au moteur,Marseille,37.3,6.5,0,Normale
2026-09-28 10:49:00,227901393,FS AQUITAINE,Pétrolier,France,Golfe de Gascogne,46.17956,-2.6775,21.0,285,En route au moteur,Portsmouth,119.7,6.8,0,Normale
2026-09-28 10:50:00,299585092,COSCO SHIPPING GLORY,Cargo,Singapour,Golfe de Gascogne,46.03708,-2.68094,19.4,120,En route au moteur,Le Havre,201.3,15.5,0,Normale
2026-09-28 10:50:00,234467368,SEAWAYS KILIMANJARO,Pétrolier,Malte,Golfe de Gascogne,45.23357,-3.79609,11.4,339,En route au moteur,Rotterdam,228.2,11.6,0,Normale
2026-09-28 10:50:00,790907304,SMIT ROTTERDAM,Remorqueur,France,Manche / Pas-de-Calais,49.81881,0.69566,0.4,306,Au mouillage,Marseille,37.3,6.5,0,Normale
2026-09-28 10:51:00,514797776,HAMBURG EXPRESS,Cargo,Grèce,Mer d Iroise / Brest,48.14194,-4.97175,16.6,223,En route au moteur,Marseille,316.1,15.6,0,Normale
2026-09-28 10:51:00,250590821,LE MORGAT,Pétrolier,France,Méditerranée / Rade de Toulon,43.02423,5.98514,3.3,35,En route au moteur,Gênes,22.1,2.9,0,Normale
2026-09-28 10:51:00,745098869,LE CONQUERANT,Pétrolier,Chine,Mer d Iroise / Brest,48.26024,-5.07748,7.9,178,En route au moteur,Cherbourg,23.4,3.4,0,Normale
2026-09-28 10:51:00,721828280,BARFLEUR,Passagers,France,Mer d Iroise / Brest,48.36813,-4.87224,16.2,61,En route au moteur,Brest,208.2,6.6,0,Normale
2026-09-28 10:53:00,227901393,FS AQUITAINE,Militaire,France,Golfe de Gascogne,46.66178,-3.64772,0.1,97,Au mouillage,Portsmouth,119.7,6.8,0,Normale
2026-09-28 10:53:00,227690993,FS SOMME,Militaire,France,Méditerranée / Rade de Toulon,42.70857,6.29447,24.9,91,En route au moteur,Le Havre,131.7,6.5,0,Normale
2026-09-28 10:53:00,745098869,LE CONQUERANT,Pétrolier,Chine,Mer d Iroise / Brest,48.3346,-5.09335,8.6,244,Capacité de manœuvre restreinte,Cherbourg,23.4,3.4,0,Normale
2026-09-28 10:53:00,737500247,L ARMAGNAC,Pêcheur,Panama,Golfe de Gascogne,46.01205,-3.99544,7.3,184,En route au moteur,Portsmouth,31.7,2.8,0,Normale
2026-09-28 10:53:00,319540831,EVER GIVEN,Cargo,France,Mer d Iroise / Brest,48.15563,-5.052,17.4,88,En route au moteur,Marseille,343.1,11.6,0,Normale
2026-09-28 10:53:00,769462919,ARMORIQUE,Passagers,France,Manche / Pas-de-Calais,50.20141,1.3281,0.1,187,Au mouillage,Saint-Nazaire,177.9,6.5,0,Normale
2026-09-28 10:54:00,349926919,LA BELLE POULE,Pêcheur,Liberia,Méditerranée / Rade de Toulon,42.7465,6.14107,0.0,91,Au mouillage,Gênes,38.1,3.8,0,Normale
2026-09-28 10:54:00,234467368,SEAWAYS KILIMANJARO,Pétrolier,Malte,Golfe de Gascogne,45.43637,-3.48643,14.0,319,En route au moteur,Rotterdam,228.2,11.6,0,Normale
2026-09-28 10:55:00,600957212,CORSICA VERA,Passagers,Royaume-Uni,Mer d Iroise / Brest,48.41323,-5.00596,17.2,318,En route au moteur,Rotterdam,202.0,6.4,0,Normale
2026-09-28 10:55:00,319540831,EVER GIVEN,Cargo,France,Mer d Iroise / Brest,48.56361,-4.74094,20.7,349,En route au moteur,Marseille,343.1,11.6,0,Normale
2026-09-28 10:56:00,453810544,VB CROISIC,Remorqueur,Panama,Méditerranée / Rade de Toulon,43.02653,5.58412,13.3,139,En route au moteur,Le Havre,53.3,5.2,0,Normale
2026-09-28 10:56:00,227822733,FS FORBIN,Militaire,Russie,Manche / Pas-de-Calais,50.53569,0.69226,16.6,150,En route au moteur,Marseille,136.8,6.4,0,Normale
2026-09-28 10:57:00,227690993,FS SOMME,Militaire,France,Méditerranée / Rade de Toulon,43.14567,6.3365,26.8,326,En route au moteur,Le Havre,131.7,6.5,0,Normale
2026-09-28 10:57:00,308449460,FRONT ALTAIR,Pétrolier,Singapour,Golfe de Gascogne,44.90096,-1.90725,14.6,335,En route au moteur,Brest,207.3,16.7,0,Normale
2026-09-28 10:57:00,212327652,CAP FINISTERE,Pêcheur,Grèce,Golfe de Gascogne,45.89422,-2.95131,5.0,351,En route au moteur,Portsmouth,37.5,4.2,0,Normale
2026-09-28 10:57:00,449817734,MAERSK MC-KINNEY,Cargo,Danemark,Méditerranée / Rade de Toulon,42.88011,6.14444,13.0,23,En route au moteur,Rotterdam,312.4,13.6,0,Normale
2026-09-28 10:57:00,299585092,COSCO SHIPPING GLORY,Pétrolier,Singapour,Golfe de Gascogne,45.92373,-4.00996,0.2,65,Au mouillage,Le Havre,201.3,15.5,0,Normale
2026-09-28 10:57:00,514797776,HAMBURG EXPRESS,Cargo,Grèce,Mer d Iroise / Brest,48.24959,-4.86516,18.6,291,En route au moteur,Marseille,316.1,15.6,0,Normale
2026-09-28 10:57:00,736045484,TOTAL ENERGIES SPIRIT,Pétrolier,Singapour,Mer d Iroise / Brest,48.50064,-4.37148,11.1,127,En route au moteur,Anvers,310.4,16.8,0,Normale
2026-09-28 10:57:00,514797776,HAMBURG EXPRESS,Pétrolier,Grèce,Mer d Iroise / Brest,48.10237,-4.90769,0.4,90,Au mouillage,Marseille,316.1,15.6,0,Normale
2026-09-28 10:58:00,600957212,CORSICA VERA,Passagers,Royaume-Uni,Mer d Iroise / Brest,48.51564,-5.04467,0.4,344,Au mouillage,Rotterdam,202.0,6.4,0,Normale
2026-09-28 10:58:00,798020238,PACIFIC JEWEL,Pétrolier,Liberia,Manche / Pas-de-Calais,50.25933,1.41851,11.4,85,En route au moteur,Rotterdam,276.4,18.6,0,Normale
2026-09-28 10:58:00,212327652,CAP FINISTERE,Pêcheur,Grèce,Golfe de Gascogne,45.05866,-2.56072,3.2,51,En route au moteur,Portsmouth,37.5,4.2,0,Normale
2026-09-28 10:59:00,227690993,FS SOMME,Militaire,France,Méditerranée / Rade de Toulon,42.92599,5.80496,23.1,33,En route au moteur,Le Havre,131.7,6.5,0,Normale
2026-09-28 10:59:00,349926919,LA BELLE POULE,Pétrolier,Liberia,Méditerranée / Rade de Toulon,42.76486,5.8376,6.6,39,En route au moteur,Gênes,38.1,3.8,0,Normale
2026-09-28 11:00:00,449817734,MAERSK MC-KINNEY,Cargo,Danemark,Méditerranée / Rade de Toulon,42.8008,6.27022,0.2,158,Au mouillage,Rotterdam,312.4,13.6,0,Normale
2026-09-28 11:00:00,693303705,ATLANTIC CONVEYOR,Cargo,Danemark,Manche / Pas-de-Calais,50.52013,1.70346,14.0,20,En route au moteur,Cherbourg,207.5,16.0,0,Normale
2026-09-28 11:01:00,779064766,MEGA EXPRESS,Passagers,Russie,Méditerranée / Rade de Toulon,43.00657,5.46,16.6,330,En route au moteur,Portsmouth,185.2,6.9,0,Normale
2026-09-28 11:01:00,745098869,LE CONQUERANT,Pétrolier,Chine,Mer d Iroise / Brest,48.2446,-5.07174,7.2,288,Capacité de manœuvre restreinte,Cherbourg,23.4,3.4,0,Normale
2026-09-28 11:01:00,798020238,PACIFIC JEWEL,Pétrolier,Liberia,Manche / Pas-de-Calais,50.45415,1.25167,10.0,322,En route au moteur,Rotterdam,276.4,18.6,0,Normale
2026-09-28 11:02:00,299585092,COSCO SHIPPING GLORY,Cargo,Singapour,Golfe de Gascogne,45.58413,-3.20279,19.1,187,En route au moteur,Le Havre,201.3,15.5,0,Normale
2026-09-28 11:02:00,745098869,LE CONQUERANT,Pétrolier,Chine,Mer d Iroise / Brest,48.21953,-4.30084,6.7,82,En route au moteur,Cherbourg,23.4,3.4,0,Normale
2026-09-28 11:02:00,299585092,COSCO SHIPPING GLORY,Pétrolier,Singapour,Golfe de Gascogne,45.86681,-3.35622,16.2,318,En route au moteur,Le Havre,201.3,15.5,0,Normale
2026-09-28 11:03:00,798020238,PACIFIC JEWEL,Pétrolier,Liberia,Manche / Pas-de-Calais,49.92655,-1.30701,10.3,160,En route au moteur,Rotterdam,276.4,18.6,0,Normale
2026-09-28 11:03:00,227901393,FS AQUITAINE,Militaire,France,Golfe de Gascogne,45.28483,-3.2982,15.8,306,En route au moteur,Portsmouth,119.7,6.8,0,Normale
2026-09-28 11:04:00,299585092,COSCO SHIPPING GLORY,Pétrolier,Russie,Golfe de Gascogne,46.16,-2.69203,15.4,223,En route au moteur,Le Havre,201.3,15.5,0,Normale
2026-09-28 11:05:00,600957212,CORSICA VERA,Passagers,Royaume-Uni,Mer d Iroise / Brest,48.38622,-5.09583,17.6,297,En route au moteur,Rotterdam,202.0,6.4,0,Normale
2026-09-28 11:06:00,565341213,ONE APUS,Cargo,Îles Marshall,Golfe de Gascogne,45.18988,-3.62287,0.2,276,Au mouillage,Marseille,214.2,16.2,0,Normale
2026-09-28 11:07:00,514797776,HAMBURG EXPRESS,Cargo,Grèce,Mer d Iroise / Brest,48.35356,-4.56649,18.3,283,En route au moteur,Marseille,316.1,15.6,0,Normale
2026-09-28 11:07:00,736045484,TOTAL ENERGIES SPIRIT,Pétrolier,Singapour,Mer d Iroise / Brest,48.44202,-4.42171,14.3,16,En route au moteur,Anvers,310.4,16.8,0,Normale
2026-09-28 11:07:00,249203558,TI EUROPE,Pétrolier,Grèce,Manche / Pas-de-Calais,51.06133,-0.03773,0.1,213,Au mouillage,Rotterdam,198.7,13.6,0,Normale
2026-09-28 11:07:00,227508993,FS DIXMUDE,Militaire,France,Méditerranée / Rade de Toulon,43.12271,6.3247,0.1,49,Au mouillage,Rotterdam,105.7,5.5,0,Normale
2026-09-28 11:07:00,514797776,HAMBURG EXPRESS,Cargo,Grèce,Mer d Iroise / Brest,48.30228,-4.31384,0.4,279,Au mouillage,Marseille,316.1,15.6,0,Normale
2026-09-28 11:07:00,383758720,ENERGY TRIUMPH,Pétrolier,Danemark,Méditerranée / Rade de Toulon,43.12035,6.36254,12.5,322,En route au moteur,Anvers,284.0,12.5,0,Normale
2026-09-28 11:07:00,600957212,CORSICA VERA,Pétrolier,Russie,Mer d Iroise / Brest,48.55234,-4.33541,0.2,102,Au mouillage,Rotterdam,202.0,6.4,0,Normale
2026-09-28 11:08:00,564323393,ABEILLE BOURBON,Remorqueur,France,Méditerranée / Rade de Toulon,42.90304,6.3171,6.9,296,En route au moteur,Brest,46.2,4.5,0,Normale
2026-09-28 11:08:00,628853029,PETIT JEAN,Pêcheur,Russie,Méditerranée / Rade de Toulon,42.74513,6.30498,3.5,82,En route au moteur,Marseille,23.9,5.0,0,Normale
2026-09-28 11:09:00,737500247,L ARMAGNAC,Pêcheur,Panama,Golfe de Gascogne,46.19791,-2.82509,4.5,120,En route au moteur,Portsmouth,31.7,2.8,0,Normale
2026-09-28 11:09:00,600957212,CORSICA VERA,Pétrolier,Royaume-Uni,Mer d Iroise / Brest,48.57071,-4.47583,22.2,269,En route au moteur,Rotterdam,202.0,6.4,0,Normale
2026-09-28 11:10:00,652991960,ABEILLE FLANDRE,Pétrolier,Panama,Manche / Pas-de-Calais,49.82255,-1.46018,9.6,264,En route au moteur,Dunkerque,47.5,4.6,0,Normale
2026-09-28 11:10:00,227822733,FS FORBIN,Militaire,Russie,Manche / Pas-de-Calais,49.6913,-0.74897,21.3,237,En route au moteur,Marseille,136.8,6.4,0,Normale
2026-09-28 11:11:00,769462919,ARMORIQUE,Passagers,France,Manche / Pas-de-Calais,50.03773,-0.45938,15.3,319,En route au moteur,Saint-Nazaire,177.9,6.5,0,Normale
2026-09-28 11:12:00,790907304,SMIT ROTTERDAM,Remorqueur,France,Manche / Pas-de-Calais,50.66911,0.84092,13.1,178,En route au moteur,Marseille,37.3,6.5,0,Normale
2026-09-28 11:12:00,514797776,HAMBURG EXPRESS,Cargo,Grèce,Mer d Iroise / Brest,48.32503,-5.0818,16.8,104,En route au moteur,Marseille,316.1,15.6,0,Normale
2026-09-28 11:12:00,565341213,ONE APUS,Cargo,Îles Marshall,Golfe de Gascogne,45.07473,-3.79253,12.3,336,En route au moteur,Marseille,214.2,16.2,0,Normale
2026-09-28 11:13:00,268212356,MARIE-JEANNE,Pêcheur,Singapour,Golfe de Gascogne,45.8702,-2.47761,5.1,228,En route au moteur,Cherbourg,28.3,5.0,0,Normale
2026-09-28 11:13:00,652991960,ABEILLE FLANDRE,Pétrolier,Panama,Manche / Pas-de-Calais,50.15091,1.03106,10.1,328,Capacité de manœuvre restreinte,Dunkerque,47.5,4.6,0,Normale
2026-09-28 11:13:00,308449460,FRONT ALTAIR,Pétrolier,Russie,Golfe de Gascogne,45.60093,-3.35056,12.2,217,En route au moteur,Brest,207.3,16.7,0,Normale
2026-09-28 11:13:00,565260635,OCEAN VOYAGER,Pêcheur,France,Manche / Pas-de-Calais,49.75195,0.8824,4.2,254,En route au moteur,Anvers,25.9,2.9,0,Normale
2026-09-28 11:14:00,597478786,NORDIC FREEDOM,Pétrolier,Malte,Manche / Pas-de-Calais,50.09763,-0.99011,13.5,321,En route au moteur,Gênes,195.6,13.4,0,Normale
2026-09-28 11:14:00,234467368,SEAWAYS KILIMANJARO,Pétrolier,Malte,Golfe de Gascogne,46.00427,-3.43196,10.5,153,En route au moteur,Rotterdam,228.2,11.6,0,Normale
2026-09-28 11:15:00,600957212,CORSICA VERA,Passagers,Royaume-Uni,Mer d Iroise / Brest,48.28289,-4.89215,15.0,69,En route au moteur,Rotterdam,202.0,6.4,0,Normale
2026-09-28 11:15:00,449817734,MAERSK MC-KINNEY,Cargo,Danemark,Méditerranée / Rade de Toulon,42.92382,5.64344,0.3,320,Au mouillage,Rotterdam,312.4,13.6,0,Normale
2026-09-28 11:16:00,227690993,FS SOMME,Militaire,France,Méditerranée / Rade de Toulon,42.78778,5.44176,21.6,10,En route au moteur,Le Havre,131.7,6.5,0,Normale
2026-09-28 11:16:00,565260635,OCEAN VOYAGER,Pêcheur,France,Manche / Pas-de-Calais,50.35357,0.77238,7.9,293,En route au moteur,Anvers,25.9,2.9,0,Normale
2026-09-28 11:17:00,565341213,ONE APUS,Cargo,Îles Marshall,Golfe de Gascogne,46.47682,-2.4481,0.0,44,Au mouillage,Marseille,214.2,16.2,0,Normale
2026-09-28 11:17:00,227822733,FS FORBIN,Militaire,Russie,Manche / Pas-de-Calais,50.7633,-1.02713,0.4,264,Au mouillage,Marseille,136.8,6.4,0,Normale
2026-09-28 11:17:00,268747287,PASCAL PAOLI,Passagers,Malte,Mer d Iroise / Brest,48.44224,-4.53183,17.5,114,En route au moteur,Le Havre,131.7,6.6,0,Normale
2026-09-28 11:17:00,234467368,SEAWAYS KILIMANJARO,Pétrolier,Malte,Golfe de Gascogne,45.83728,-2.49679,13.0,158,En route au moteur,Rotterdam,228.2,11.6,0,Normale
2026-09-28 11:17:00,249203558,TI EUROPE,Pétrolier,Grèce,Manche / Pas-de-Calais,49.68,0.82952,10.7,161,En route au moteur,Rotterdam,198.7,13.6,0,Normale
2026-09-28 11:18:00,227822733,FS FORBIN,Militaire,Russie,Manche / Pas-de-Calais,50.38636,1.04647,15.7,224,En route au moteur,Marseille,136.8,6.4,0,Normale
2026-09-28 11:19:00,779064766,MEGA EXPRESS,Passagers,Russie,Méditerranée / Rade de Toulon,43.15487,5.76221,17.3,70,En route au moteur,Portsmouth,185.2,6.9,0,Normale
2026-09-28 11:21:00,227074441,FS CHEVALIER PAUL,Pétrolier,France,Manche / Pas-de-Calais,50.13031,1.45124,27.2,349,En route au moteur,Le Havre,164.9,5.2,0,Normale
2026-09-28 11:21:00,227690993,FS SOMME,Militaire,France,Méditerranée / Rade de Toulon,42.7524,6.30892,17.6,359,En route au moteur,Le Havre,131.7,6.5,0,Normale
2026-09-28 11:22:00,453810544,VB CROISIC,Remorqueur,Panama,Méditerranée / Rade de Toulon,42.94617,6.4839,0.4,251,Au mouillage,Le Havre,53.3,5.2,0,Normale
2026-09-28 11:22:00,745098869,LE CONQUERANT,Pétrolier,Chine,Mer d Iroise / Brest,48.37504,-4.30252,0.2,324,Au mouillage,Cherbourg,23.4,3.4,0,Normale
2026-09-28 11:22:00,600957212,CORSICA VERA,Passagers,Royaume-Uni,Mer d Iroise / Brest,48.52644,-4.74596,16.9,337,En route au moteur,Rotterdam,202.0,6.4,0,Normale
2026-09-28 11:23:00,600957212,CORSICA VERA,Passagers,Royaume-Uni,Mer d Iroise / Brest,48.15935,-4.7021,16.1,211,En route au moteur,Rotterdam,202.0,6.4,0,Normale
2026-09-28 11:23:00,736045484,TOTAL ENERGIES SPIRIT,Pétrolier,Singapour,Mer d Iroise / Brest,48.30621,-4.81752,13.5,134,En route au moteur,Anvers,310.4,16.8,0,Normale
2026-09-28 11:24:00,736045484,TOTAL ENERGIES SPIRIT,Pétrolier,Singapour,Mer d Iroise / Brest,48.59084,-4.46915,14.0,224,En route au moteur,Anvers,310.4,16.8,0,Normale
2026-09-28 11:24:00,250590821,LE MORGAT,Pétrolier,France,Méditerranée / Rade de Toulon,43.07685,5.84038,4.2,313,En route au moteur,Gênes,22.1,2.9,0,Normale
2026-09-28 11:25:00,449817734,MAERSK MC-KINNEY,Cargo,Danemark,Méditerranée / Rade de Toulon,43.07235,6.17575,0.2,339,Au mouillage,Rotterdam,312.4,13.6,0,Normale
2026-09-28 11:25:00,565341213,ONE APUS,Cargo,Îles Marshall,Golfe de Gascogne,46.06095,-1.90323,19.1,81,En route au moteur,Marseille,214.2,16.2,0,Normale
2026-09-28 11:25:00,798020238,PACIFIC JEWEL,Pétrolier,Liberia,Manche / Pas-de-Calais,50.32879,-0.41646,13.5,78,En route au moteur,Rotterdam,276.4,18.6,0,Normale
2026-09-28 11:26:00,721828280,BARFLEUR,Passagers,France,Mer d Iroise / Brest,48.24572,-4.54403,21.3,124,En route au moteur,Brest,208.2,6.6,0,Normale
2026-09-28 11:26:00,785582861,CMA CGM ANTOINE,Cargo,France,Manche / Pas-de-Calais,50.9202,-0.13367,16.0,326,En route au moteur,Rotterdam,309.9,10.2,0,Normale
2026-09-28 11:26:00,319540831,EVER GIVEN,Cargo,France,Mer d Iroise / Brest,48.44415,-4.52656,17.1,164,En route au moteur,Marseille,343.1,11.6,0,Normale
2026-09-28 11:26:00,250590821,LE MORGAT,Pétrolier,France,Méditerranée / Rade de Toulon,43.04889,5.95379,8.3,318,En route au moteur,Gênes,22.1,2.9,0,Normale
2026-09-28 11:26:00,597478786,NORDIC FREEDOM,Pétrolier,Malte,Manche / Pas-de-Calais,50.85,1.35,0.2,334,En route au moteur,Gênes,195.6,13.4,1,Arret anormal en plein chenal de navigation
2026-09-28 11:27:00,710330567,MONT ST MICHEL,Passagers,Danemark,Méditerranée / Rade de Toulon,42.92574,6.36086,16.9,303,En route au moteur,Rotterdam,143.2,6.6,0,Normale
2026-09-28 11:27:00,308449460,FRONT ALTAIR,Pétrolier,Russie,Golfe de Gascogne,45.15467,-3.12793,14.9,34,En route au moteur,Brest,207.3,16.7,0,Normale
2026-09-28 11:27:00,234467368,SEAWAYS KILIMANJARO,Pétrolier,Malte,Golfe de Gascogne,46.1637,-1.82925,10.3,185,En route au moteur,Rotterdam,228.2,11.6,0,Normale
2026-09-28 11:27:00,737500247,L ARMAGNAC,Pêcheur,Panama,Golfe de Gascogne,45.63128,-3.13348,7.2,107,En route au moteur,Portsmouth,31.7,2.8,0,Normale
2026-09-28 11:28:00,737500247,L ARMAGNAC,Pêcheur,Panama,Golfe de Gascogne,46.40832,-2.14144,6.9,147,En route au moteur,Portsmouth,31.7,2.8,0,Normale
2026-09-28 11:28:00,349926919,LA BELLE POULE,Pêcheur,Liberia,Méditerranée / Rade de Toulon,43.0605,6.12412,4.7,268,En route au moteur,Gênes,38.1,3.8,0,Normale
2026-09-28 11:28:00,234467368,SEAWAYS KILIMANJARO,Pétrolier,Malte,Golfe de Gascogne,45.28133,-3.51224,13.9,343,En route au moteur,Rotterdam,228.2,11.6,0,Normale
2026-09-28 11:29:00,308449460,FRONT ALTAIR,Pétrolier,Russie,Golfe de Gascogne,46.78836,-2.37246,12.4,295,En route au moteur,Brest,207.3,16.7,0,Normale
2026-09-28 11:29:00,250590821,LE MORGAT,Pétrolier,France,Méditerranée / Rade de Toulon,43.08632,5.93098,7.4,42,En route au moteur,Gênes,22.1,2.9,0,Normale
2026-09-28 11:29:00,449817734,MAERSK MC-KINNEY,Cargo,Danemark,Méditerranée / Rade de Toulon,43.0445,6.0586,0.1,107,Au mouillage,Rotterdam,312.4,13.6,0,Normale
2026-09-28 11:30:00,250590821,LE MORGAT,Pêcheur,France,Méditerranée / Rade de Toulon,43.12586,6.3138,8.2,124,En route au moteur,Gênes,22.1,2.9,0,Normale
2026-09-28 11:30:00,597478786,NORDIC FREEDOM,Pétrolier,Malte,Manche / Pas-de-Calais,51.00211,-0.75595,12.6,145,Capacité de manœuvre restreinte,Gênes,195.6,13.4,0,Normale
2026-09-28 11:31:00,227074441,FS CHEVALIER PAUL,Pétrolier,France,Manche / Pas-de-Calais,51.00374,-1.47746,19.1,136,En route au moteur,Le Havre,164.9,5.2,0,Normale
2026-09-28 11:31:00,779064766,MEGA EXPRESS,Passagers,Russie,Méditerranée / Rade de Toulon,43.00421,6.01946,23.4,130,En route au moteur,Portsmouth,185.2,6.9,0,Normale
2026-09-28 11:31:00,212327652,CAP FINISTERE,Pêcheur,Grèce,Golfe de Gascogne,45.82037,-2.41564,5.2,51,En route au moteur,Portsmouth,37.5,4.2,0,Normale
2026-09-28 11:32:00,227706073,FS JACQUES CHEVALLIER,Militaire,France,Manche / Pas-de-Calais,50.17136,0.47139,20.1,220,En route au moteur,Toulon,158.4,7.3,0,Normale
2026-09-28 11:32:00,376777762,VB PROVENCE,Remorqueur,Singapour,Méditerranée / Rade de Toulon,43.13075,5.68726,13.0,152,En route au moteur,Anvers,35.1,5.0,0,Normale
2026-09-28 11:32:00,721828280,BARFLEUR,Passagers,France,Mer d Iroise / Brest,48.1604,-4.55273,18.5,109,En route au moteur,Brest,208.2,6.6,0,Normale
2026-09-28 11:32:00,268212356,MARIE-JEANNE,Pêcheur,Singapour,Golfe de Gascogne,47.16463,-2.69771,4.5,143,En route au moteur,Cherbourg,28.3,5.0,0,Normale
2026-09-28 11:33:00,514797776,HAMBURG EXPRESS,Cargo,Grèce,Mer d Iroise / Brest,48.21389,-4.91031,13.8,112,En route au moteur,Marseille,316.1,15.6,0,Normale
2026-09-28 11:33:00,308449460,FRONT ALTAIR,Pétrolier,Russie,Golfe de Gascogne,45.01436,-2.70055,11.9,202,En route au moteur,Brest,207.3,16.7,0,Normale
2026-09-28 11:33:00,227508993,FS DIXMUDE,Militaire,France,Méditerranée / Rade de Toulon,42.90505,5.58132,12.7,13,En route au moteur,Rotterdam,105.7,5.5,0,Normale
2026-09-28 11:34:00,597478786,NORDIC FREEDOM,Pétrolier,Malte,Manche / Pas-de-Calais,50.95397,1.02882,11.3,243,En route au moteur,Gênes,195.6,13.4,0,Normale
2026-09-28 11:34:00,721828280,BARFLEUR,Passagers,France,Mer d Iroise / Brest,48.54901,-4.44417,19.7,201,En route au moteur,Brest,208.2,6.6,0,Normale
2026-09-28 11:34:00,319540831,EVER GIVEN,Cargo,Russie,Mer d Iroise / Brest,48.29238,-5.07788,0.3,35,Au mouillage,Marseille,343.1,11.6,0,Normale
2026-09-28 11:35:00,349926919,LA BELLE POULE,Pétrolier,Liberia,Méditerranée / Rade de Toulon,42.91712,5.64465,8.6,293,Capacité de manœuvre restreinte,Gênes,38.1,3.8,0,Normale
2026-09-28 11:35:00,227690993,FS SOMME,Militaire,France,Méditerranée / Rade de Toulon,42.78368,6.2141,23.4,355,Capacité de manœuvre restreinte,Le Havre,131.7,6.5,0,Normale
2026-09-28 11:36:00,299585092,COSCO SHIPPING GLORY,Cargo,Singapour,Golfe de Gascogne,46.84562,-2.13758,14.8,249,En route au moteur,Le Havre,201.3,15.5,0,Normale
2026-09-28 11:36:00,710330567,MONT ST MICHEL,Passagers,Danemark,Méditerranée / Rade de Toulon,42.78114,5.89973,15.5,112,En route au moteur,Rotterdam,143.2,6.6,0,Normale
2026-09-28 11:36:00,600957212,CORSICA VERA,Pétrolier,Royaume-Uni,Mer d Iroise / Brest,48.16713,-4.84597,24.8,212,En route au moteur,Rotterdam,202.0,6.4,1,Vitesse excessive suspecte pour petrolier (> 24 noeuds)
2026-09-28 11:37:00,319540831,EVER GIVEN,Cargo,France,Mer d Iroise / Brest,48.58489,-4.57506,14.9,291,Capacité de manœuvre restreinte,Marseille,343.1,11.6,0,Normale
2026-09-28 11:38:00,227074441,FS CHEVALIER PAUL,Pétrolier,France,Manche / Pas-de-Calais,49.95176,-1.45793,13.8,293,En route au moteur,Le Havre,164.9,5.2,0,Normale
2026-09-28 11:38:00,319540831,EVER GIVEN,Cargo,France,Mer d Iroise / Brest,48.33317,-4.35,20.4,305,En route au moteur,Marseille,343.1,11.6,0,Normale
2026-09-28 11:38:00,227901393,FS AQUITAINE,Militaire,France,Golfe de Gascogne,45.65713,-2.58889,16.6,35,En route au moteur,Portsmouth,119.7,6.8,0,Normale
2026-09-28 11:38:00,449817734,MAERSK MC-KINNEY,Cargo,Danemark,Méditerranée / Rade de Toulon,42.74011,6.22563,14.4,200,En route au moteur,Rotterdam,312.4,13.6,0,Normale
2026-09-28 11:38:00,308449460,FRONT ALTAIR,Pétrolier,Russie,Golfe de Gascogne,46.16366,-2.28205,0.3,200,Au mouillage,Brest,207.3,16.7,0,Normale
2026-09-28 11:40:00,383758720,ENERGY TRIUMPH,Pétrolier,Danemark,Méditerranée / Rade de Toulon,43.09119,5.85288,13.7,127,En route au moteur,Anvers,284.0,12.5,0,Normale
2026-09-28 11:40:00,249203558,TI EUROPE,Pétrolier,Grèce,Manche / Pas-de-Calais,49.863,1.01366,14.9,341,En route au moteur,Rotterdam,198.7,13.6,0,Normale
2026-09-28 11:41:00,736045484,TOTAL ENERGIES SPIRIT,Pétrolier,Singapour,Mer d Iroise / Brest,48.48956,-5.0389,12.7,99,En route au moteur,Anvers,310.4,16.8,0,Normale
2026-09-28 11:41:00,453810544,VB CROISIC,Remorqueur,Panama,Méditerranée / Rade de Toulon,42.75918,6.41565,0.4,309,Au mouillage,Le Havre,53.3,5.2,0,Normale
2026-09-28 11:41:00,376777762,VB PROVENCE,Remorqueur,Russie,Méditerranée / Rade de Toulon,42.76911,6.43843,8.4,281,Capacité de manœuvre restreinte,Anvers,35.1,5.0,0,Normale
2026-09-28 11:42:00,249203558,TI EUROPE,Pétrolier,Grèce,Manche / Pas-de-Calais,49.95795,-1.12526,14.7,297,En route au moteur,Rotterdam,198.7,13.6,0,Normale
2026-09-28 11:42:00,779064766,MEGA EXPRESS,Passagers,Russie,Méditerranée / Rade de Toulon,42.71041,6.47181,0.1,4,Au mouillage,Portsmouth,185.2,6.9,0,Normale
2026-09-28 11:43:00,785582861,CMA CGM ANTOINE,Cargo,France,Manche / Pas-de-Calais,50.81066,-0.60246,18.4,295,En route au moteur,Rotterdam,309.9,10.2,0,Normale
2026-09-28 11:43:00,319540831,EVER GIVEN,Cargo,France,Mer d Iroise / Brest,48.10073,-4.57416,0.4,53,Au mouillage,Marseille,343.1,11.6,0,Normale
2026-09-28 11:43:00,250590821,LE MORGAT,Pétrolier,France,Méditerranée / Rade de Toulon,42.83516,6.28255,6.1,236,En route au moteur,Gênes,22.1,2.9,0,Normale
2026-09-28 11:43:00,798020238,PACIFIC JEWEL,Pétrolier,Liberia,Manche / Pas-de-Calais,49.79082,0.78429,10.7,238,En route au moteur,Rotterdam,276.4,18.6,0,Normale
2026-09-28 11:43:00,227822733,FS FORBIN,Militaire,Russie,Manche / Pas-de-Calais,49.77007,-0.91981,14.8,304,En route au moteur,Marseille,136.8,6.4,0,Normale
2026-09-28 11:43:00,227508993,FS DIXMUDE,Militaire,France,Méditerranée / Rade de Toulon,42.83805,6.09369,24.4,352,En route au moteur,Rotterdam,105.7,5.5,0,Normale
2026-09-28 11:44:00,234467368,SEAWAYS KILIMANJARO,Pétrolier,Malte,Golfe de Gascogne,45.99216,-2.2525,10.8,153,En route au moteur,Rotterdam,228.2,11.6,0,Normale
2026-09-28 11:45:00,565260635,OCEAN VOYAGER,Pêcheur,France,Manche / Pas-de-Calais,50.74184,-0.24888,7.8,129,En route au moteur,Anvers,25.9,2.9,0,Normale
2026-09-28 11:45:00,319540831,EVER GIVEN,Cargo,France,Mer d Iroise / Brest,48.49538,-4.64578,13.6,327,En route au moteur,Marseille,343.1,11.6,0,Normale
2026-09-28 11:45:00,449817734,MAERSK MC-KINNEY,Cargo,Danemark,Méditerranée / Rade de Toulon,43.02239,5.4764,19.2,154,En route au moteur,Rotterdam,312.4,13.6,0,Normale
2026-09-28 11:45:00,790907304,SMIT ROTTERDAM,Remorqueur,France,Manche / Pas-de-Calais,50.32384,-0.17619,13.4,119,En route au moteur,Marseille,37.3,6.5,0,Normale
2026-09-28 11:45:00,319540831,EVER GIVEN,Cargo,Russie,Mer d Iroise / Brest,48.5741,-4.53395,16.6,314,En route au moteur,Marseille,343.1,11.6,0,Normale
2026-09-28 11:45:00,769462919,ARMORIQUE,Passagers,France,Manche / Pas-de-Calais,50.08902,-0.18369,17.3,111,En route au moteur,Saint-Nazaire,177.9,6.5,0,Normale
2026-09-28 11:45:00,234467368,SEAWAYS KILIMANJARO,Pétrolier,Malte,Golfe de Gascogne,46.12406,-3.82387,12.6,92,En route au moteur,Rotterdam,228.2,11.6,0,Normale
2026-09-28 11:46:00,268212356,MARIE-JEANNE,Pêcheur,Singapour,Golfe de Gascogne,46.73016,-3.076,7.3,115,En route au moteur,Cherbourg,28.3,5.0,0,Normale
2026-09-28 11:46:00,299585092,COSCO SHIPPING GLORY,Pétrolier,Singapour,Golfe de Gascogne,45.55553,-1.84333,12.6,18,En route au moteur,Le Havre,201.3,15.5,0,Normale
2026-09-28 11:46:00,227690993,FS SOMME,Militaire,France,Méditerranée / Rade de Toulon,43.12636,5.49346,24.2,227,En route au moteur,Le Havre,131.7,6.5,0,Normale
2026-09-28 11:47:00,564323393,ABEILLE BOURBON,Remorqueur,Russie,Méditerranée / Rade de Toulon,42.92702,6.25922,13.5,10,En route au moteur,Brest,46.2,4.5,0,Normale
2026-09-28 11:47:00,299585092,COSCO SHIPPING GLORY,Pétrolier,Russie,Golfe de Gascogne,45.88415,-3.97433,19.9,31,En route au moteur,Le Havre,201.3,15.5,0,Normale
2026-09-28 11:48:00,227690993,FS SOMME,Militaire,France,Méditerranée / Rade de Toulon,42.74023,5.9056,22.4,90,En route au moteur,Le Havre,131.7,6.5,0,Normale
2026-09-28 11:48:00,227822733,FS FORBIN,Militaire,Russie,Manche / Pas-de-Calais,50.73557,-0.97191,24.7,303,En route au moteur,Marseille,136.8,6.4,0,Normale
2026-09-28 11:50:00,249203558,TI EUROPE,Pétrolier,Grèce,Manche / Pas-de-Calais,51.09421,0.11759,10.8,206,En route au moteur,Rotterdam,198.7,13.6,0,Normale
2026-09-28 11:50:00,779064766,MEGA EXPRESS,Passagers,Russie,Méditerranée / Rade de Toulon,43.18168,5.7266,25.4,246,En route au moteur,Portsmouth,185.2,6.9,0,Normale
2026-09-28 11:50:00,234467368,SEAWAYS KILIMANJARO,Pétrolier,Malte,Golfe de Gascogne,46.47917,-2.99096,0.4,46,Au mouillage,Rotterdam,228.2,11.6,0,Normale
2026-09-28 11:51:00,785582861,CMA CGM ANTOINE,Cargo,France,Manche / Pas-de-Calais,50.57195,0.73456,20.9,124,En route au moteur,Rotterdam,309.9,10.2,0,Normale
2026-09-28 11:51:00,227901393,FS AQUITAINE,Militaire,France,Golfe de Gascogne,46.94597,-2.37059,22.0,235,En route au moteur,Portsmouth,119.7,6.8,0,Normale
2026-09-28 11:51:00,249203558,TI EUROPE,Pétrolier,Grèce,Manche / Pas-de-Calais,49.87448,-0.47306,12.2,129,En route au moteur,Rotterdam,198.7,13.6,0,Normale
2026-09-28 11:52:00,652991960,ABEILLE FLANDRE,Pétrolier,Panama,Manche / Pas-de-Calais,51.00991,-0.24983,24.8,76,En route au moteur,Dunkerque,47.5,4.6,1,Vitesse excessive suspecte pour petrolier (> 24 noeuds)
2026-09-28 11:53:00,565341213,ONE APUS,Cargo,Îles Marshall,Golfe de Gascogne,45.3787,-2.62295,17.2,170,En route au moteur,Marseille,214.2,16.2,0,Normale
2026-09-28 11:53:00,308449460,FRONT ALTAIR,Pétrolier,Russie,Golfe de Gascogne,47.19449,-3.04135,14.6,43,En route au moteur,Brest,207.3,16.7,0,Normale
2026-09-28 11:53:00,227690993,FS SOMME,Militaire,France,Méditerranée / Rade de Toulon,42.82211,6.21288,25.2,270,Capacité de manœuvre restreinte,Le Havre,131.7,6.5,0,Normale
2026-09-28 11:55:00,514797776,HAMBURG EXPRESS,Cargo,Grèce,Mer d Iroise / Brest,48.44848,-4.53614,16.4,250,En route au moteur,Marseille,316.1,15.6,0,Normale
2026-09-28 11:55:00,682334538,MSC OSCAR,Cargo,Chine,Mer d Iroise / Brest,48.33831,-4.53495,15.2,141,En route au moteur,Toulon,241.2,15.7,0,Normale
2026-09-28 11:56:00,268212356,MARIE-JEANNE,Pêcheur,Singapour,Golfe de Gascogne,46.25066,-3.89425,7.7,54,En route au moteur,Cherbourg,28.3,5.0,0,Normale
2026-09-28 11:56:00,212327652,CAP FINISTERE,Pêcheur,Grèce,Golfe de Gascogne,45.80509,-2.8615,8.9,48,En route au moteur,Portsmouth,37.5,4.2,0,Normale
2026-09-28 11:56:00,652991960,ABEILLE FLANDRE,Remorqueur,Panama,Manche / Pas-de-Calais,50.1283,1.32196,10.5,258,En route au moteur,Dunkerque,47.5,4.6,0,Normale
2026-09-28 11:58:00,530190783,PONT AVEN,Passagers,Liberia,Manche / Pas-de-Calais,50.48357,0.9466,22.7,50,En route au moteur,Marseille,134.6,7.3,0,Normale
2026-09-28 11:58:00,597478786,NORDIC FREEDOM,Pétrolier,Malte,Manche / Pas-de-Calais,50.52433,1.76753,10.7,22,En route au moteur,Gênes,195.6,13.4,0,Normale
2026-09-28 11:59:00,745098869,LE CONQUERANT,Pétrolier,Chine,Mer d Iroise / Brest,48.46369,-4.44484,0.1,74,Au mouillage,Cherbourg,23.4,3.4,0,Normale
2026-09-28 11:59:00,745098869,LE CONQUERANT,Pétrolier,Chine,Mer d Iroise / Brest,48.25404,-4.74354,3.5,227,En route au moteur,Cherbourg,23.4,3.4,0,Normale
2026-09-28 11:59:00,710330567,MONT ST MICHEL,Passagers,Danemark,Méditerranée / Rade de Toulon,42.72822,5.66865,18.4,43,En route au moteur,Rotterdam,143.2,6.6,0,Normale
2026-09-28 12:00:00,319540831,EVER GIVEN,Cargo,France,Mer d Iroise / Brest,48.24931,-4.78801,0.4,275,Au mouillage,Marseille,343.1,11.6,0,Normale
2026-09-28 12:00:00,597478786,NORDIC FREEDOM,Pétrolier,Malte,Manche / Pas-de-Calais,49.8539,0.87703,14.6,277,En route au moteur,Gênes,195.6,13.4,0,Normale
2026-09-28 12:00:00,227822733,FS FORBIN,Militaire,Russie,Manche / Pas-de-Calais,50.19746,-1.12166,0.2,95,Au mouillage,Marseille,136.8,6.4,0,Normale
2026-09-28 12:00:00,790907304,SMIT ROTTERDAM,Remorqueur,France,Manche / Pas-de-Calais,51.05431,0.42442,7.2,56,En route au moteur,Marseille,37.3,6.5,0,Normale
2026-09-28 12:01:00,449817734,MAERSK MC-KINNEY,Cargo,Danemark,Méditerranée / Rade de Toulon,43.00743,5.87843,19.1,29,En route au moteur,Rotterdam,312.4,13.6,0,Normale
2026-09-28 12:01:00,308449460,FRONT ALTAIR,Pétrolier,Russie,Golfe de Gascogne,45.48252,-1.90509,10.8,274,En route au moteur,Brest,207.3,16.7,0,Normale
2026-09-28 12:01:00,769462919,ARMORIQUE,Passagers,France,Manche / Pas-de-Calais,49.73384,-0.90869,17.8,242,En route au moteur,Saint-Nazaire,177.9,6.5,0,Normale
2026-09-28 12:02:00,227074441,FS CHEVALIER PAUL,Pétrolier,France,Manche / Pas-de-Calais,51.09511,1.59976,21.6,23,Capacité de manœuvre restreinte,Le Havre,164.9,5.2,0,Normale
2026-09-28 12:02:00,268747287,PASCAL PAOLI,Passagers,Malte,Mer d Iroise / Brest,48.31383,-4.7636,15.3,286,En route au moteur,Le Havre,131.7,6.6,0,Normale
2026-09-28 12:02:00,514797776,HAMBURG EXPRESS,Cargo,Grèce,Mer d Iroise / Brest,48.50182,-4.50458,12.7,80,En route au moteur,Marseille,316.1,15.6,0,Normale
2026-09-28 12:04:00,453810544,VB CROISIC,Remorqueur,Panama,Méditerranée / Rade de Toulon,42.85622,6.29919,11.0,273,En route au moteur,Le Havre,53.3,5.2,0,Normale
2026-09-28 12:05:00,268212356,MARIE-JEANNE,Pêcheur,Singapour,Golfe de Gascogne,46.86913,-4.08527,3.9,188,En route au moteur,Cherbourg,28.3,5.0,0,Normale
2026-09-28 12:05:00,600957212,CORSICA VERA,Passagers,Royaume-Uni,Mer d Iroise / Brest,48.14624,-5.05597,21.4,113,En route au moteur,Rotterdam,202.0,6.4,0,Normale
2026-09-28 12:05:00,693303705,ATLANTIC CONVEYOR,Cargo,Danemark,Manche / Pas-de-Calais,50.08505,-1.45052,12.1,108,En route au moteur,Cherbourg,207.5,16.0,0,Normale
2026-09-28 12:05:00,319540831,EVER GIVEN,Cargo,France,Mer d Iroise / Brest,48.47584,-4.33301,14.8,200,En route au moteur,Marseille,343.1,11.6,0,Normale
2026-09-28 12:05:00,308449460,FRONT ALTAIR,Pétrolier,Russie,Golfe de Gascogne,45.9948,-3.61352,14.9,184,En route au moteur,Brest,207.3,16.7,0,Normale
2026-09-28 12:05:00,798020238,PACIFIC JEWEL,Pétrolier,Liberia,Manche / Pas-de-Calais,50.34819,0.37905,10.1,268,En route au moteur,Rotterdam,276.4,18.6,0,Normale
2026-09-28 12:06:00,227690993,FS SOMME,Militaire,France,Méditerranée / Rade de Toulon,43.18232,5.6284,16.2,61,En route au moteur,Le Havre,131.7,6.5,0,Normale
2026-09-28 12:06:00,565341213,ONE APUS,Cargo,Îles Marshall,Golfe de Gascogne,47.02731,-3.94527,14.7,44,En route au moteur,Marseille,214.2,16.2,0,Normale
2026-09-28 12:06:00,790907304,SMIT ROTTERDAM,Remorqueur,France,Manche / Pas-de-Calais,50.72452,-0.4543,13.9,259,En route au moteur,Marseille,37.3,6.5,0,Normale
2026-09-28 12:07:00,652991960,ABEILLE FLANDRE,Remorqueur,Panama,Manche / Pas-de-Calais,50.01609,0.90604,9.9,133,En route au moteur,Dunkerque,47.5,4.6,0,Normale
2026-09-28 12:08:00,449817734,MAERSK MC-KINNEY,Cargo,Danemark,Méditerranée / Rade de Toulon,42.81963,5.40032,21.0,204,En route au moteur,Rotterdam,312.4,13.6,0,Normale
2026-09-28 12:09:00,785582861,CMA CGM ANTOINE,Cargo,France,Manche / Pas-de-Calais,50.43103,-0.28259,0.3,313,Au mouillage,Rotterdam,309.9,10.2,0,Normale
2026-09-28 12:09:00,737500247,L ARMAGNAC,Pêcheur,Panama,Golfe de Gascogne,45.50458,-1.91926,5.3,287,En route au moteur,Portsmouth,31.7,2.8,0,Normale
2026-09-28 12:09:00,682334538,MSC OSCAR,Cargo,Chine,Mer d Iroise / Brest,48.37901,-4.3494,15.3,29,En route au moteur,Toulon,241.2,15.7,0,Normale
2026-09-28 12:10:00,779064766,MEGA EXPRESS,Passagers,Russie,Méditerranée / Rade de Toulon,43.01779,6.31158,19.8,267,En route au moteur,Portsmouth,185.2,6.9,0,Normale
2026-09-28 12:10:00,769462919,ARMORIQUE,Passagers,France,Manche / Pas-de-Calais,50.17428,0.37191,22.5,189,En route au moteur,Saint-Nazaire,177.9,6.5,0,Normale
2026-09-28 12:10:00,383758720,ENERGY TRIUMPH,Pétrolier,Danemark,Méditerranée / Rade de Toulon,42.95438,5.5335,10.7,252,En route au moteur,Anvers,284.0,12.5,0,Normale
2026-09-28 12:10:00,453810544,VB CROISIC,Remorqueur,Panama,Méditerranée / Rade de Toulon,43.13137,6.48546,9.2,320,En route au moteur,Le Havre,53.3,5.2,0,Normale
2026-09-28 12:10:00,600957212,CORSICA VERA,Pétrolier,Russie,Mer d Iroise / Brest,48.47739,-4.33255,16.2,297,En route au moteur,Rotterdam,202.0,6.4,0,Normale
2026-09-28 12:11:00,349926919,LA BELLE POULE,Pêcheur,Liberia,Méditerranée / Rade de Toulon,42.74968,6.15425,8.8,183,En route au moteur,Gênes,38.1,3.8,0,Normale
2026-09-28 12:11:00,227901393,FS AQUITAINE,Militaire,France,Golfe de Gascogne,44.88831,-3.01719,21.7,3,En route au moteur,Portsmouth,119.7,6.8,0,Normale
2026-09-28 12:12:00,798020238,PACIFIC JEWEL,Pétrolier,Liberia,Manche / Pas-de-Calais,50.24695,1.63129,13.1,339,Capacité de manœuvre restreinte,Rotterdam,276.4,18.6,0,Normale
2026-09-28 12:12:00,628853029,PETIT JEAN,Pêcheur,Russie,Méditerranée / Rade de Toulon,43.10171,5.68991,8.3,120,En route au moteur,Marseille,23.9,5.0,0,Normale
2026-09-28 12:13:00,212327652,CAP FINISTERE,Pêcheur,Grèce,Golfe de Gascogne,46.95756,-2.28931,0.4,107,Au mouillage,Portsmouth,37.5,4.2,0,Normale
2026-09-28 12:13:00,769462919,ARMORIQUE,Passagers,France,Manche / Pas-de-Calais,50.88149,-0.57722,16.4,294,En route au moteur,Saint-Nazaire,177.9,6.5,0,Normale
2026-09-28 12:13:00,383758720,ENERGY TRIUMPH,Pétrolier,Danemark,Méditerranée / Rade de Toulon,43.13954,5.52033,12.5,156,En route au moteur,Anvers,284.0,12.5,0,Normale
2026-09-28 12:14:00,745098869,LE CONQUERANT,Pétrolier,Chine,Mer d Iroise / Brest,48.32424,-4.52614,0.0,214,Au mouillage,Cherbourg,23.4,3.4,0,Normale
2026-09-28 12:15:00,628853029,PETIT JEAN,Pêcheur,Russie,Méditerranée / Rade de Toulon,43.08,6.02,0.3,292,Au mouillage,Marseille,23.9,5.0,1,Stationnement prolonge suspect pres base navale
2026-09-28 12:15:00,769462919,ARMORIQUE,Passagers,France,Manche / Pas-de-Calais,49.8629,0.34401,22.8,104,En route au moteur,Saint-Nazaire,177.9,6.5,0,Normale
2026-09-28 12:16:00,227901393,FS AQUITAINE,Militaire,France,Golfe de Gascogne,47.01835,-2.95374,0.4,40,Au mouillage,Portsmouth,119.7,6.8,0,Normale
2026-09-28 12:17:00,628853029,PETIT JEAN,Pêcheur,Malte,Méditerranée / Rade de Toulon,42.78389,6.06797,2.8,83,En route au moteur,Marseille,23.9,5.0,0,Normale
2026-09-28 12:17:00,227074441,FS CHEVALIER PAUL,Pétrolier,France,Manche / Pas-de-Calais,49.76975,0.08906,14.3,269,En route au moteur,Le Havre,164.9,5.2,0,Normale
2026-09-28 12:18:00,349926919,LA BELLE POULE,Pêcheur,Liberia,Méditerranée / Rade de Toulon,42.84249,5.882,4.1,334,En route au moteur,Gênes,38.1,3.8,0,Normale
2026-09-28 12:18:00,682334538,MSC OSCAR,Cargo,Chine,Mer d Iroise / Brest,48.55054,-4.32568,17.0,183,En route au moteur,Toulon,241.2,15.7,0,Normale
2026-09-28 12:18:00,652991960,ABEILLE FLANDRE,Pétrolier,Panama,Manche / Pas-de-Calais,50.61086,-0.00336,6.6,301,En route au moteur,Dunkerque,47.5,4.6,0,Normale
2026-09-28 12:19:00,383758720,ENERGY TRIUMPH,Pétrolier,Danemark,Méditerranée / Rade de Toulon,43.01341,6.17429,13.1,197,En route au moteur,Anvers,284.0,12.5,0,Normale
2026-09-28 12:20:00,564323393,ABEILLE BOURBON,Remorqueur,Russie,Méditerranée / Rade de Toulon,43.11457,6.14912,8.8,144,En route au moteur,Brest,46.2,4.5,0,Normale
2026-09-28 12:21:00,769462919,ARMORIQUE,Passagers,France,Manche / Pas-de-Calais,50.97691,-0.22153,22.5,26,En route au moteur,Saint-Nazaire,177.9,6.5,0,Normale
2026-09-28 12:21:00,564323393,ABEILLE BOURBON,Remorqueur,Russie,Méditerranée / Rade de Toulon,42.7597,6.14066,7.0,264,En route au moteur,Brest,46.2,4.5,0,Normale
2026-09-28 12:21:00,565341213,ONE APUS,Cargo,Îles Marshall,Golfe de Gascogne,45.62854,-3.03306,13.1,272,En route au moteur,Marseille,214.2,16.2,0,Normale
2026-09-28 12:21:00,798020238,PACIFIC JEWEL,Pétrolier,Liberia,Manche / Pas-de-Calais,50.44546,0.63764,10.8,78,En route au moteur,Rotterdam,276.4,18.6,0,Normale
2026-09-28 12:22:00,227508993,FS DIXMUDE,Militaire,France,Méditerranée / Rade de Toulon,42.81789,6.49398,12.5,50,En route au moteur,Rotterdam,105.7,5.5,0,Normale
2026-09-28 12:22:00,721828280,BARFLEUR,Passagers,France,Mer d Iroise / Brest,48.49745,-4.82873,23.3,101,Capacité de manœuvre restreinte,Brest,208.2,6.6,0,Normale
2026-09-28 12:22:00,268747287,PASCAL PAOLI,Passagers,Malte,Mer d Iroise / Brest,48.13023,-4.58982,25.0,337,Capacité de manœuvre restreinte,Le Havre,131.7,6.6,0,Normale
2026-09-28 12:22:00,383758720,ENERGY TRIUMPH,Pétrolier,Danemark,Méditerranée / Rade de Toulon,43.04672,5.96191,10.7,196,En route au moteur,Anvers,284.0,12.5,0,Normale
2026-09-28 12:22:00,227822733,FS FORBIN,Militaire,France,Manche / Pas-de-Calais,50.83153,0.20039,17.0,259,En route au moteur,Marseille,136.8,6.4,0,Normale
2026-09-28 12:22:00,721828280,BARFLEUR,Passagers,France,Mer d Iroise / Brest,48.29202,-4.85375,0.0,19,Amarré,Brest,208.2,6.6,0,Normale
2026-09-28 12:22:00,227508993,FS DIXMUDE,Militaire,France,Méditerranée / Rade de Toulon,42.76364,5.9976,16.7,201,En route au moteur,Rotterdam,105.7,5.5,0,Normale
2026-09-28 12:23:00,227508993,FS DIXMUDE,Militaire,France,Méditerranée / Rade de Toulon,42.94929,5.91069,18.0,355,En route au moteur,Rotterdam,105.7,5.5,0,Normale
2026-09-28 12:23:00,779064766,MEGA EXPRESS,Passagers,Russie,Méditerranée / Rade de Toulon,43.0306,6.03731,15.4,197,Capacité de manœuvre restreinte,Portsmouth,185.2,6.9,0,Normale
2026-09-28 12:23:00,597478786,NORDIC FREEDOM,Pétrolier,Malte,Manche / Pas-de-Calais,49.83812,0.74531,14.3,115,En route au moteur,Gênes,195.6,13.4,0,Normale
2026-09-28 12:24:00,565341213,ONE APUS,Cargo,Îles Marshall,Golfe de Gascogne,45.10548,-4.1673,13.1,101,En route au moteur,Marseille,214.2,16.2,0,Normale
2026-09-28 12:24:00,652991960,ABEILLE FLANDRE,Pétrolier,Panama,Manche / Pas-de-Calais,49.68898,-1.31482,9.8,224,En route au moteur,Dunkerque,47.5,4.6,0,Normale
2026-09-28 12:25:00,565260635,OCEAN VOYAGER,Pêcheur,France,Manche / Pas-de-Calais,50.02045,1.09336,8.5,102,En route au moteur,Anvers,25.9,2.9,0,Normale
2026-09-28 12:25:00,785582861,CMA CGM ANTOINE,Cargo,France,Manche / Pas-de-Calais,50.47451,0.68964,13.5,145,En route au moteur,Rotterdam,309.9,10.2,0,Normale
2026-09-28 12:25:00,453810544,VB CROISIC,Remorqueur,Panama,Méditerranée / Rade de Toulon,43.08883,5.41719,5.1,91,En route au moteur,Le Havre,53.3,5.2,0,Normale
2026-09-28 12:26:00,514797776,HAMBURG EXPRESS,Cargo,Grèce,Mer d Iroise / Brest,48.12032,-4.87671,13.4,130,En route au moteur,Marseille,316.1,15.6,0,Normale
2026-09-28 12:26:00,565260635,OCEAN VOYAGER,Pêcheur,France,Manche / Pas-de-Calais,50.45553,-0.43601,5.4,353,En route au moteur,Anvers,25.9,2.9,0,Normale
2026-09-28 12:26:00,779064766,MEGA EXPRESS,Passagers,Russie,Méditerranée / Rade de Toulon,42.98569,6.42905,21.1,68,En route au moteur,Portsmouth,185.2,6.9,0,Normale
2026-09-28 12:26:00,227822733,FS FORBIN,Militaire,Russie,Manche / Pas-de-Calais,51.06689,-1.08706,21.9,112,En route au moteur,Marseille,136.8,6.4,0,Normale
2026-09-28 12:26:00,227690993,FS SOMME,Militaire,France,Méditerranée / Rade de Toulon,43.08125,6.19477,13.6,178,En route au moteur,Le Havre,131.7,6.5,0,Normale
2026-09-28 12:27:00,530190783,PONT AVEN,Passagers,Liberia,Manche / Pas-de-Calais,49.93089,-1.23861,20.7,313,En route au moteur,Marseille,134.6,7.3,0,Normale
2026-09-28 12:28:00,227508993,FS DIXMUDE,Militaire,France,Méditerranée / Rade de Toulon,43.06683,6.37123,17.8,317,En route au moteur,Rotterdam,105.7,5.5,0,Normale
2026-09-28 12:28:00,769462919,ARMORIQUE,Passagers,France,Manche / Pas-de-Calais,50.8304,1.00286,0.0,241,Au mouillage,Saint-Nazaire,177.9,6.5,0,Normale
2026-09-28 12:28:00,736045484,TOTAL ENERGIES SPIRIT,Pétrolier,Singapour,Mer d Iroise / Brest,48.44175,-4.78794,12.7,222,En route au moteur,Anvers,310.4,16.8,0,Normale
2026-09-28 12:28:00,745098869,LE CONQUERANT,Pétrolier,Chine,Mer d Iroise / Brest,48.31205,-4.6886,7.3,160,En route au moteur,Cherbourg,23.4,3.4,0,Normale
2026-09-28 12:28:00,227901393,FS AQUITAINE,Militaire,France,Golfe de Gascogne,45.20916,-1.87265,22.9,276,En route au moteur,Portsmouth,119.7,6.8,0,Normale
2026-09-28 12:29:00,227822733,FS FORBIN,Militaire,France,Manche / Pas-de-Calais,50.27577,-0.03902,0.5,156,Au mouillage,Marseille,136.8,6.4,0,Normale
2026-09-28 12:29:00,308449460,FRONT ALTAIR,Pétrolier,Russie,Méditerranée / Rade de Toulon,43.08,6.02,0.3,54,Au mouillage,Brest,207.3,16.7,1,Stationnement prolonge suspect pres base navale
2026-09-28 12:30:00,769462919,ARMORIQUE,Passagers,France,Manche / Pas-de-Calais,50.1541,-0.02894,20.1,115,En route au moteur,Saint-Nazaire,177.9,6.5,0,Normale
2026-09-28 12:30:00,564323393,ABEILLE BOURBON,Remorqueur,Russie,Méditerranée / Rade de Toulon,42.73924,5.46151,8.1,222,En route au moteur,Brest,46.2,4.5,0,Normale
2026-09-28 12:30:00,383758720,ENERGY TRIUMPH,Pétrolier,Danemark,Méditerranée / Rade de Toulon,42.84473,5.93964,0.2,299,Au mouillage,Anvers,284.0,12.5,0,Normale
2026-09-28 12:30:00,785582861,CMA CGM ANTOINE,Cargo,France,Manche / Pas-de-Calais,50.2411,-1.22533,0.2,275,Au mouillage,Rotterdam,309.9,10.2,0,Normale
2026-09-28 12:31:00,769462919,ARMORIQUE,Passagers,France,Manche / Pas-de-Calais,50.27281,1.52648,15.9,338,En route au moteur,Saint-Nazaire,177.9,6.5,0,Normale
2026-09-28 12:31:00,249203558,TI EUROPE,Pétrolier,Grèce,Manche / Pas-de-Calais,50.76019,0.98542,15.0,73,En route au moteur,Rotterdam,198.7,13.6,0,Normale
2026-09-28 12:31:00,564323393,ABEILLE BOURBON,Remorqueur,Russie,Méditerranée / Rade de Toulon,42.71264,6.20759,0.3,183,Amarré,Brest,46.2,4.5,0,Normale
2026-09-28 12:31:00,693303705,ATLANTIC CONVEYOR,Cargo,Danemark,Manche / Pas-de-Calais,50.36895,0.89382,17.7,154,En route au moteur,Cherbourg,207.5,16.0,0,Normale
2026-09-28 12:32:00,652991960,ABEILLE FLANDRE,Remorqueur,Panama,Manche / Pas-de-Calais,49.95463,-1.42981,12.0,294,En route au moteur,Dunkerque,47.5,4.6,0,Normale
2026-09-28 12:33:00,737500247,L ARMAGNAC,Pêcheur,Panama,Golfe de Gascogne,46.61346,-3.86412,0.4,256,Amarré,Portsmouth,31.7,2.8,0,Normale
2026-09-28 12:33:00,227706073,FS JACQUES CHEVALLIER,Militaire,France,Manche / Pas-de-Calais,50.86499,-0.31105,16.6,343,En route au moteur,Toulon,158.4,7.3,0,Normale
2026-09-28 12:33:00,319540831,EVER GIVEN,Cargo,France,Mer d Iroise / Brest,48.57708,-4.44562,17.1,183,En route au moteur,Marseille,343.1,11.6,0,Normale
2026-09-28 12:33:00,383758720,ENERGY TRIUMPH,Pétrolier,Danemark,Méditerranée / Rade de Toulon,42.9421,6.10906,12.9,50,En route au moteur,Anvers,284.0,12.5,0,Normale
2026-09-28 12:33:00,737500247,L ARMAGNAC,Pêcheur,Panama,Golfe de Gascogne,46.36971,-3.17829,4.7,246,En route au moteur,Portsmouth,31.7,2.8,0,Normale
2026-09-28 12:34:00,250590821,LE MORGAT,Pêcheur,France,Méditerranée / Rade de Toulon,43.04495,5.92607,8.2,85,En route au moteur,Gênes,22.1,2.9,0,Normale
2026-09-28 12:34:00,530190783,PONT AVEN,Passagers,Liberia,Manche / Pas-de-Calais,49.79832,-1.44534,25.0,350,En route au moteur,Marseille,134.6,7.3,0,Normale
2026-09-28 12:34:00,514797776,HAMBURG EXPRESS,Cargo,Grèce,Mer d Iroise / Brest,48.56606,-4.97011,20.6,178,En route au moteur,Marseille,316.1,15.6,0,Normale
2026-09-28 12:34:00,693303705,ATLANTIC CONVEYOR,Cargo,Danemark,Manche / Pas-de-Calais,50.04079,-0.85625,16.7,292,En route au moteur,Cherbourg,207.5,16.0,0,Normale
2026-09-28 12:34:00,383758720,ENERGY TRIUMPH,Pétrolier,Danemark,Méditerranée / Rade de Toulon,42.8763,5.94363,14.9,308,En route au moteur,Anvers,284.0,12.5,0,Normale
2026-09-28 12:35:00,682334538,MSC OSCAR,Cargo,Chine,Mer d Iroise / Brest,48.31911,-4.76428,15.7,193,En route au moteur,Toulon,241.2,15.7,0,Normale
2026-09-28 12:36:00,530190783,PONT AVEN,Passagers,Liberia,Manche / Pas-de-Calais,50.22485,1.10077,25.6,27,En route au moteur,Marseille,134.6,7.3,0,Normale
2026-09-28 12:37:00,564323393,ABEILLE BOURBON,Remorqueur,Russie,Méditerranée / Rade de Toulon,42.8774,6.32314,0.1,303,Au mouillage,Brest,46.2,4.5,0,Normale
2026-09-28 12:37:00,736045484,TOTAL ENERGIES SPIRIT,Pétrolier,Singapour,Mer d Iroise / Brest,48.53708,-4.56468,12.3,273,En route au moteur,Anvers,310.4,16.8,0,Normale
2026-09-28 12:38:00,227508993,FS DIXMUDE,Militaire,France,Méditerranée / Rade de Toulon,42.76571,6.45345,14.0,176,En route au moteur,Rotterdam,105.7,5.5,0,Normale
2026-09-28 12:38:00,564323393,ABEILLE BOURBON,Remorqueur,Russie,Méditerranée / Rade de Toulon,43.11151,6.017,0.1,341,Au mouillage,Brest,46.2,4.5,0,Normale
2026-09-28 12:38:00,227706073,FS JACQUES CHEVALLIER,Militaire,France,Manche / Pas-de-Calais,50.77609,1.61524,13.0,126,En route au moteur,Toulon,158.4,7.3,0,Normale
2026-09-28 12:39:00,268212356,MARIE-JEANNE,Pêcheur,Singapour,Golfe de Gascogne,47.10353,-2.20061,7.1,241,En route au moteur,Cherbourg,28.3,5.0,0,Normale
2026-09-28 12:39:00,212327652,CAP FINISTERE,Pêcheur,Grèce,Golfe de Gascogne,45.03699,-3.85809,0.1,61,Au mouillage,Portsmouth,37.5,4.2,0,Normale
2026-09-28 12:39:00,693303705,ATLANTIC CONVEYOR,Cargo,Danemark,Manche / Pas-de-Calais,50.63552,-0.03484,12.4,193,En route au moteur,Cherbourg,207.5,16.0,0,Normale
2026-09-28 12:39:00,227822733,FS FORBIN,Militaire,Russie,Manche / Pas-de-Calais,50.36957,-0.92416,22.5,288,En route au moteur,Marseille,136.8,6.4,0,Normale
2026-09-28 12:39:00,268212356,MARIE-JEANNE,Pêcheur,Singapour,Golfe de Gascogne,46.9623,-1.86718,0.2,69,Au mouillage,Cherbourg,28.3,5.0,0,Normale
2026-09-28 12:40:00,249203558,TI EUROPE,Pétrolier,Grèce,Manche / Pas-de-Calais,50.79516,1.30324,13.2,152,En route au moteur,Rotterdam,198.7,13.6,0,Normale
2026-09-28 12:40:00,737500247,L ARMAGNAC,Pêcheur,Panama,Golfe de Gascogne,46.21395,-1.93136,3.3,296,En route au moteur,Portsmouth,31.7,2.8,0,Normale
2026-09-28 12:41:00,227901393,FS AQUITAINE,Militaire,France,Golfe de Gascogne,45.51784,-2.24397,0.1,11,Au mouillage,Portsmouth,119.7,6.8,0,Normale
2026-09-28 12:41:00,227706073,FS JACQUES CHEVALLIER,Militaire,France,Manche / Pas-de-Calais,50.10612,0.73707,0.4,200,Amarré,Toulon,158.4,7.3,0,Normale
2026-09-28 12:42:00,299585092,COSCO SHIPPING GLORY,Cargo,Singapour,Golfe de Gascogne,46.01307,-1.87995,15.2,25,En route au moteur,Le Havre,201.3,15.5,0,Normale
2026-09-28 12:42:00,597478786,NORDIC FREEDOM,Pétrolier,Malte,Manche / Pas-de-Calais,51.08592,0.93975,11.7,260,En route au moteur,Gênes,195.6,13.4,0,Normale
2026-09-28 12:42:00,250590821,LE MORGAT,Pétrolier,France,Méditerranée / Rade de Toulon,42.75145,6.27247,3.2,105,En route au moteur,Gênes,22.1,2.9,0,Normale
2026-09-28 12:42:00,682334538,MSC OSCAR,Cargo,Chine,Mer d Iroise / Brest,48.24922,-4.31283,17.8,62,En route au moteur,Toulon,241.2,15.7,0,Normale
2026-09-28 12:42:00,227706073,FS JACQUES CHEVALLIER,Militaire,France,Manche / Pas-de-Calais,50.16596,-0.22775,17.0,267,En route au moteur,Toulon,158.4,7.3,0,Normale
2026-09-28 12:42:00,564323393,ABEILLE BOURBON,Remorqueur,Russie,Méditerranée / Rade de Toulon,43.08135,5.40624,5.5,209,Capacité de manœuvre restreinte,Brest,46.2,4.5,0,Normale
2026-09-28 12:43:00,565260635,OCEAN VOYAGER,Pêcheur,France,Manche / Pas-de-Calais,50.51726,0.95014,5.7,19,En route au moteur,Anvers,25.9,2.9,0,Normale
2026-09-28 12:43:00,227508993,FS DIXMUDE,Militaire,France,Méditerranée / Rade de Toulon,42.79723,5.74953,27.1,341,En route au moteur,Rotterdam,105.7,5.5,0,Normale
2026-09-28 12:43:00,514797776,HAMBURG EXPRESS,Cargo,Grèce,Mer d Iroise / Brest,48.28678,-4.35668,14.9,14,En route au moteur,Marseille,316.1,15.6,0,Normale
2026-09-28 12:43:00,785582861,CMA CGM ANTOINE,Cargo,France,Manche / Pas-de-Calais,50.43409,0.27018,0.2,265,Au mouillage,Rotterdam,309.9,10.2,0,Normale
2026-09-28 12:43:00,227901393,FS AQUITAINE,Pétrolier,France,Golfe de Gascogne,47.0835,-2.36952,19.2,295,En route au moteur,Portsmouth,119.7,6.8,0,Normale
2026-09-28 12:43:00,710330567,MONT ST MICHEL,Passagers,Danemark,Méditerranée / Rade de Toulon,43.05914,5.44385,19.8,235,En route au moteur,Rotterdam,143.2,6.6,0,Normale
2026-09-28 12:43:00,227822733,FS FORBIN,Militaire,Russie,Manche / Pas-de-Calais,50.73539,0.62256,14.2,101,En route au moteur,Marseille,136.8,6.4,0,Normale
2026-09-28 12:44:00,299585092,COSCO SHIPPING GLORY,Cargo,Singapour,Golfe de Gascogne,46.96667,-2.48567,20.1,292,En route au moteur,Le Havre,201.3,15.5,0,Normale
2026-09-28 12:45:00,227690993,FS SOMME,Militaire,France,Méditerranée / Rade de Toulon,43.19192,5.44318,24.2,25,En route au moteur,Le Havre,131.7,6.5,0,Normale
2026-09-28 12:45:00,693303705,ATLANTIC CONVEYOR,Cargo,Danemark,Manche / Pas-de-Calais,49.92746,1.77403,13.6,81,En route au moteur,Cherbourg,207.5,16.0,0,Normale
2026-09-28 12:46:00,250590821,LE MORGAT,Pêcheur,France,Méditerranée / Rade de Toulon,42.73951,6.45523,3.7,356,En route au moteur,Gênes,22.1,2.9,0,Normale
2026-09-28 12:46:00,790907304,SMIT ROTTERDAM,Remorqueur,France,Manche / Pas-de-Calais,51.05338,-0.42296,12.1,230,En route au moteur,Marseille,37.3,6.5,0,Normale
2026-09-28 12:46:00,227706073,FS JACQUES CHEVALLIER,Militaire,France,Manche / Pas-de-Calais,50.42808,1.32686,26.7,6,En route au moteur,Toulon,158.4,7.3,0,Normale
2026-09-28 12:46:00,349926919,LA BELLE POULE,Pétrolier,Liberia,Méditerranée / Rade de Toulon,42.94431,6.15678,6.6,192,Capacité de manœuvre restreinte,Gênes,38.1,3.8,0,Normale
2026-09-28 12:46:00,308449460,FRONT ALTAIR,Pétrolier,Russie,Golfe de Gascogne,46.00526,-2.98098,11.4,50,En route au moteur,Brest,207.3,16.7,0,Normale
2026-09-28 12:46:00,785582861,CMA CGM ANTOINE,Cargo,France,Manche / Pas-de-Calais,50.75681,-0.02462,13.0,159,En route au moteur,Rotterdam,309.9,10.2,0,Normale
2026-09-28 12:46:00,597478786,NORDIC FREEDOM,Pétrolier,Malte,Manche / Pas-de-Calais,50.0838,0.38789,11.7,321,En route au moteur,Gênes,195.6,13.4,0,Normale
2026-09-28 12:47:00,682334538,MSC OSCAR,Cargo,Chine,Mer d Iroise / Brest,48.23794,-4.32543,19.4,46,Capacité de manœuvre restreinte,Toulon,241.2,15.7,0,Normale
2026-09-28 12:47:00,227508993,FS DIXMUDE,Militaire,France,Méditerranée / Rade de Toulon,43.19456,5.99733,24.1,97,En route au moteur,Rotterdam,105.7,5.5,0,Normale
2026-09-28 12:47:00,682334538,MSC OSCAR,Cargo,Chine,Mer d Iroise / Brest,48.14949,-4.96933,14.3,322,En route au moteur,Toulon,241.2,15.7,0,Normale
2026-09-28 12:47:00,769462919,ARMORIQUE,Passagers,France,Manche / Pas-de-Calais,49.82192,1.31755,19.1,145,En route au moteur,Saint-Nazaire,177.9,6.5,0,Normale
2026-09-28 12:47:00,268212356,MARIE-JEANNE,Pêcheur,Singapour,Golfe de Gascogne,46.78794,-2.45964,4.8,261,En route au moteur,Cherbourg,28.3,5.0,0,Normale
2026-09-28 12:47:00,383758720,ENERGY TRIUMPH,Pétrolier,Danemark,Méditerranée / Rade de Toulon,43.11001,6.37419,10.7,348,En route au moteur,Anvers,284.0,12.5,0,Normale
2026-09-28 12:48:00,798020238,PACIFIC JEWEL,Pétrolier,Liberia,Manche / Pas-de-Calais,50.09239,1.35236,11.4,328,Capacité de manœuvre restreinte,Rotterdam,276.4,18.6,0,Normale
2026-09-28 12:48:00,779064766,MEGA EXPRESS,Passagers,Russie,Méditerranée / Rade de Toulon,42.83035,5.4601,17.4,325,En route au moteur,Portsmouth,185.2,6.9,0,Normale
2026-09-28 12:49:00,227508993,FS DIXMUDE,Militaire,France,Méditerranée / Rade de Toulon,43.03976,6.32803,12.4,133,En route au moteur,Rotterdam,105.7,5.5,0,Normale
2026-09-28 12:49:00,779064766,MEGA EXPRESS,Passagers,Russie,Méditerranée / Rade de Toulon,43.07165,6.3841,25.7,254,En route au moteur,Portsmouth,185.2,6.9,0,Normale
2026-09-28 12:50:00,449817734,MAERSK MC-KINNEY,Cargo,Danemark,Méditerranée / Rade de Toulon,42.73446,5.9116,19.6,167,En route au moteur,Rotterdam,312.4,13.6,0,Normale
2026-09-28 12:50:00,779064766,MEGA EXPRESS,Passagers,Russie,Méditerranée / Rade de Toulon,42.71119,6.44539,22.2,40,En route au moteur,Portsmouth,185.2,6.9,0,Normale
2026-09-28 12:51:00,798020238,PACIFIC JEWEL,Pétrolier,Liberia,Manche / Pas-de-Calais,50.09308,-0.45296,0.2,359,Amarré,Rotterdam,276.4,18.6,0,Normale
2026-09-28 12:52:00,250590821,LE MORGAT,Pêcheur,France,Méditerranée / Rade de Toulon,42.77193,6.06952,2.3,169,En route au moteur,Gênes,22.1,2.9,0,Normale
2026-09-28 12:52:00,227822733,FS FORBIN,Militaire,Russie,Manche / Pas-de-Calais,50.48236,0.21252,16.2,255,En route au moteur,Marseille,136.8,6.4,0,Normale
2026-09-28 12:52:00,249203558,TI EUROPE,Pétrolier,Grèce,Manche / Pas-de-Calais,50.60512,0.02727,12.6,27,En route au moteur,Rotterdam,198.7,13.6,0,Normale
2026-09-28 12:54:00,736045484,TOTAL ENERGIES SPIRIT,Pétrolier,Singapour,Mer d Iroise / Brest,48.44589,-4.85504,12.4,271,En route au moteur,Anvers,310.4,16.8,0,Normale
2026-09-28 12:54:00,564323393,ABEILLE BOURBON,Remorqueur,Russie,Méditerranée / Rade de Toulon,43.05475,5.85946,5.2,166,En route au moteur,Brest,46.2,4.5,0,Normale
2026-09-28 12:54:00,564323393,ABEILLE BOURBON,Remorqueur,Russie,Méditerranée / Rade de Toulon,43.12445,5.47848,7.1,162,En route au moteur,Brest,46.2,4.5,0,Normale
2026-09-28 12:54:00,790907304,SMIT ROTTERDAM,Remorqueur,France,Manche / Pas-de-Calais,51.08128,0.18767,9.1,62,En route au moteur,Marseille,37.3,6.5,0,Normale
2026-09-28 12:55:00,299585092,COSCO SHIPPING GLORY,Cargo,Singapour,Golfe de Gascogne,45.71023,-2.87352,12.1,87,En route au moteur,Le Havre,201.3,15.5,0,Normale
2026-09-28 12:55:00,530190783,PONT AVEN,Passagers,Liberia,Manche / Pas-de-Calais,50.17235,0.29889,20.2,96,En route au moteur,Marseille,134.6,7.3,0,Normale
2026-09-28 12:55:00,514797776,HAMBURG EXPRESS,Cargo,Grèce,Mer d Iroise / Brest,48.10695,-4.94785,0.0,217,Au mouillage,Marseille,316.1,15.6,0,Normale
2026-09-28 12:55:00,564323393,ABEILLE BOURBON,Remorqueur,Russie,Méditerranée / Rade de Toulon,43.08,6.02,0.3,60,Au mouillage,Brest,46.2,4.5,1,Stationnement prolonge suspect pres base navale
2026-09-28 12:56:00,565341213,ONE APUS,Cargo,Îles Marshall,Golfe de Gascogne,46.95226,-2.58799,0.2,71,Au mouillage,Marseille,214.2,16.2,0,Normale
2026-09-28 12:56:00,779064766,MEGA EXPRESS,Passagers,Russie,Méditerranée / Rade de Toulon,42.83702,6.14819,19.0,22,En route au moteur,Portsmouth,185.2,6.9,0,Normale
2026-09-28 12:57:00,453810544,VB CROISIC,Remorqueur,Panama,Méditerranée / Rade de Toulon,43.16953,5.70771,7.0,227,En route au moteur,Le Havre,53.3,5.2,0,Normale
2026-09-28 12:57:00,628853029,PETIT JEAN,Pêcheur,Malte,Méditerranée / Rade de Toulon,42.89402,6.09324,2.1,344,En route au moteur,Marseille,23.9,5.0,0,Normale
2026-09-28 12:57:00,212327652,CAP FINISTERE,Pêcheur,Grèce,Golfe de Gascogne,46.42866,-4.05861,3.3,29,Capacité de manœuvre restreinte,Portsmouth,37.5,4.2,0,Normale
2026-09-28 12:57:00,769462919,ARMORIQUE,Passagers,France,Manche / Pas-de-Calais,50.45244,1.35282,22.5,328,En route au moteur,Saint-Nazaire,177.9,6.5,0,Normale
2026-09-28 12:58:00,268212356,MARIE-JEANNE,Pêcheur,Singapour,Golfe de Gascogne,45.23196,-3.87497,7.1,215,En route au moteur,Cherbourg,28.3,5.0,0,Normale
2026-09-28 12:58:00,227901393,FS AQUITAINE,Militaire,France,Golfe de Gascogne,46.44327,-3.20249,0.2,42,Au mouillage,Portsmouth,119.7,6.8,0,Normale
2026-09-28 12:58:00,227690993,FS SOMME,Militaire,France,Méditerranée / Rade de Toulon,42.8289,5.40602,12.1,267,En route au moteur,Le Havre,131.7,6.5,0,Normale
2026-09-28 12:58:00,227706073,FS JACQUES CHEVALLIER,Militaire,France,Manche / Pas-de-Calais,50.16222,-0.48723,19.5,277,En route au moteur,Toulon,158.4,7.3,0,Normale
2026-09-28 12:59:00,737500247,L ARMAGNAC,Pêcheur,Panama,Golfe de Gascogne,47.16926,-2.05717,0.1,92,Amarré,Portsmouth,31.7,2.8,0,Normale
2026-09-28 13:00:00,449817734,MAERSK MC-KINNEY,Cargo,Danemark,Méditerranée / Rade de Toulon,42.88215,6.19154,17.5,229,Capacité de manœuvre restreinte,Rotterdam,312.4,13.6,0,Normale
2026-09-28 13:00:00,745098869,LE CONQUERANT,Pétrolier,Chine,Mer d Iroise / Brest,48.23207,-4.57617,5.3,88,En route au moteur,Cherbourg,23.4,3.4,0,Normale
2026-09-28 13:00:00,453810544,VB CROISIC,Remorqueur,Panama,Méditerranée / Rade de Toulon,42.81656,6.05953,5.1,196,En route au moteur,Le Havre,53.3,5.2,0,Normale
2026-09-28 13:00:00,234467368,SEAWAYS KILIMANJARO,Pétrolier,Malte,Golfe de Gascogne,45.52368,-2.76271,0.1,274,Amarré,Rotterdam,228.2,11.6,0,Normale
2026-09-28 13:01:00,227901393,FS AQUITAINE,Militaire,France,Golfe de Gascogne,47.18174,-2.87322,0.0,53,Amarré,Portsmouth,119.7,6.8,0,Normale
2026-09-28 13:01:00,790907304,SMIT ROTTERDAM,Remorqueur,France,Manche / Pas-de-Calais,50.63083,-1.40442,6.9,209,En route au moteur,Marseille,37.3,6.5,0,Normale
2026-09-28 13:02:00,227706073,FS JACQUES CHEVALLIER,Militaire,France,Manche / Pas-de-Calais,51.05168,0.33905,15.9,104,En route au moteur,Toulon,158.4,7.3,0,Normale
2026-09-28 13:02:00,234467368,SEAWAYS KILIMANJARO,Pétrolier,Malte,Manche / Pas-de-Calais,50.85,1.35,0.2,315,En route au moteur,Rotterdam,228.2,11.6,1,Arret anormal en plein chenal de navigation
2026-09-28 13:02:00,798020238,PACIFIC JEWEL,Pétrolier,Liberia,Manche / Pas-de-Calais,49.87909,0.21129,12.9,198,En route au moteur,Rotterdam,276.4,18.6,0,Normale
2026-09-28 13:03:00,736045484,TOTAL ENERGIES SPIRIT,Pétrolier,Singapour,Mer d Iroise / Brest,48.25025,-5.05123,14.4,89,Capacité de manœuvre restreinte,Anvers,310.4,16.8,0,Normale
2026-09-28 13:03:00,227690993,FS SOMME,Militaire,France,Méditerranée / Rade de Toulon,43.18535,6.0487,25.5,267,En route au moteur,Le Havre,131.7,6.5,0,Normale
2026-09-28 13:03:00,779064766,MEGA EXPRESS,Passagers,Russie,Méditerranée / Rade de Toulon,43.15901,6.38787,20.7,349,Capacité de manœuvre restreinte,Portsmouth,185.2,6.9,0,Normale
2026-09-28 13:03:00,785582861,CMA CGM ANTOINE,Cargo,France,Manche / Pas-de-Calais,49.71036,1.66542,18.2,192,En route au moteur,Rotterdam,309.9,10.2,0,Normale
2026-09-28 13:03:00,710330567,MONT ST MICHEL,Passagers,Danemark,Méditerranée / Rade de Toulon,42.88857,6.3269,23.6,129,En route au moteur,Rotterdam,143.2,6.6,0,Normale
2026-09-28 13:04:00,565341213,ONE APUS,Cargo,Îles Marshall,Golfe de Gascogne,45.77824,-2.89773,13.9,215,En route au moteur,Marseille,214.2,16.2,0,Normale
2026-09-28 13:04:00,736045484,TOTAL ENERGIES SPIRIT,Pétrolier,Singapour,Mer d Iroise / Brest,48.50559,-4.5238,12.4,107,En route au moteur,Anvers,310.4,16.8,0,Normale
2026-09-28 13:04:00,453810544,VB CROISIC,Remorqueur,Panama,Méditerranée / Rade de Toulon,42.90702,5.76717,10.7,5,En route au moteur,Le Havre,53.3,5.2,0,Normale
2026-09-28 13:04:00,250590821,LE MORGAT,Pétrolier,France,Méditerranée / Rade de Toulon,42.78745,5.90833,8.4,102,En route au moteur,Gênes,22.1,2.9,0,Normale
2026-09-28 13:05:00,227508993,FS DIXMUDE,Militaire,France,Méditerranée / Rade de Toulon,42.9284,5.46351,24.9,11,En route au moteur,Rotterdam,105.7,5.5,0,Normale
2026-09-28 13:05:00,779064766,MEGA EXPRESS,Passagers,Russie,Méditerranée / Rade de Toulon,43.12431,6.21079,21.1,148,En route au moteur,Portsmouth,185.2,6.9,0,Normale
2026-09-28 13:06:00,514797776,HAMBURG EXPRESS,Cargo,Grèce,Mer d Iroise / Brest,48.39185,-4.4626,18.2,13,En route au moteur,Marseille,316.1,15.6,0,Normale
2026-09-28 13:07:00,319540831,EVER GIVEN,Cargo,France,Mer d Iroise / Brest,48.59009,-5.06795,18.9,17,En route au moteur,Marseille,343.1,11.6,0,Normale
2026-09-28 13:08:00,565260635,OCEAN VOYAGER,Pêcheur,France,Manche / Pas-de-Calais,49.82715,0.77865,7.4,241,En route au moteur,Anvers,25.9,2.9,0,Normale
2026-09-28 13:08:00,628853029,PETIT JEAN,Pêcheur,Malte,Méditerranée / Rade de Toulon,42.9023,6.21041,9.0,97,En route au moteur,Marseille,23.9,5.0,0,Normale
2026-09-28 13:08:00,268747287,PASCAL PAOLI,Passagers,Malte,Mer d Iroise / Brest,48.1856,-4.82514,0.3,326,Au mouillage,Le Havre,131.7,6.6,0,Normale
2026-09-28 13:08:00,798020238,PACIFIC JEWEL,Pétrolier,Liberia,Manche / Pas-de-Calais,49.87055,1.11513,14.9,120,En route au moteur,Rotterdam,276.4,18.6,0,Normale
2026-09-28 13:08:00,227690993,FS SOMME,Militaire,France,Méditerranée / Rade de Toulon,42.93913,5.47564,25.9,66,Capacité de manœuvre restreinte,Le Havre,131.7,6.5,0,Normale
2026-09-28 13:09:00,349926919,LA BELLE POULE,Pêcheur,Liberia,Méditerranée / Rade de Toulon,43.01948,6.08509,7.9,255,En route au moteur,Gênes,38.1,3.8,0,Normale
2026-09-28 13:09:00,268212356,MARIE-JEANNE,Pêcheur,Singapour,Golfe de Gascogne,45.76481,-2.56591,4.1,160,En route au moteur,Cherbourg,28.3,5.0,0,Normale
2026-09-28 13:09:00,600957212,CORSICA VERA,Pétrolier,Royaume-Uni,Mer d Iroise / Brest,48.36239,-4.56428,24.1,47,En route au moteur,Rotterdam,202.0,6.4,0,Normale
2026-09-28 13:11:00,785582861,CMA CGM ANTOINE,Cargo,France,Manche / Pas-de-Calais,49.73264,-1.03607,0.4,297,Au mouillage,Rotterdam,309.9,10.2,0,Normale
2026-09-28 13:11:00,710330567,MONT ST MICHEL,Passagers,Danemark,Méditerranée / Rade de Toulon,42.95251,5.56324,24.7,101,En route au moteur,Rotterdam,143.2,6.6,0,Normale
2026-09-28 13:11:00,779064766,MEGA EXPRESS,Passagers,Russie,Méditerranée / Rade de Toulon,42.72833,5.51571,24.3,141,En route au moteur,Portsmouth,185.2,6.9,0,Normale
2026-09-28 13:11:00,721828280,BARFLEUR,Passagers,France,Mer d Iroise / Brest,48.54181,-4.73153,25.5,237,En route au moteur,Brest,208.2,6.6,0,Normale
2026-09-28 13:12:00,268212356,MARIE-JEANNE,Pêcheur,Singapour,Golfe de Gascogne,46.73993,-2.94545,3.0,343,En route au moteur,Cherbourg,28.3,5.0,0,Normale
2026-09-28 13:12:00,721828280,BARFLEUR,Passagers,France,Mer d Iroise / Brest,48.48568,-4.85764,22.0,309,En route au moteur,Brest,208.2,6.6,0,Normale
2026-09-28 13:13:00,710330567,MONT ST MICHEL,Passagers,Danemark,Méditerranée / Rade de Toulon,42.88263,5.60954,22.2,156,En route au moteur,Rotterdam,143.2,6.6,0,Normale
2026-09-28 13:13:00,376777762,VB PROVENCE,Remorqueur,Russie,Méditerranée / Rade de Toulon,43.19826,6.15792,11.6,213,Capacité de manœuvre restreinte,Anvers,35.1,5.0,0,Normale
2026-09-28 13:14:00,268747287,PASCAL PAOLI,Passagers,Malte,Mer d Iroise / Brest,48.3863,-4.64536,16.8,195,En route au moteur,Le Havre,131.7,6.6,0,Normale
2026-09-28 13:14:00,745098869,LE CONQUERANT,Pétrolier,Chine,Mer d Iroise / Brest,48.20689,-4.65216,0.5,195,Amarré,Cherbourg,23.4,3.4,0,Normale
2026-09-28 13:15:00,745098869,LE CONQUERANT,Pétrolier,Chine,Mer d Iroise / Brest,48.59832,-4.65969,24.8,156,En route au moteur,Cherbourg,23.4,3.4,1,Vitesse excessive suspecte pour petrolier (> 24 noeuds)
2026-09-28 13:15:00,798020238,PACIFIC JEWEL,Pétrolier,Liberia,Manche / Pas-de-Calais,49.77216,-0.75813,11.3,72,En route au moteur,Rotterdam,276.4,18.6,0,Normale
2026-09-28 13:15:00,790907304,SMIT ROTTERDAM,Remorqueur,France,Manche / Pas-de-Calais,50.53487,-0.0005,12.4,196,En route au moteur,Marseille,37.3,6.5,0,Normale
2026-09-28 13:15:00,299585092,COSCO SHIPPING GLORY,Cargo,Singapour,Golfe de Gascogne,46.45796,-2.31833,19.0,220,En route au moteur,Le Havre,201.3,15.5,0,Normale
2026-09-28 13:16:00,737500247,L ARMAGNAC,Pêcheur,Panama,Golfe de Gascogne,45.88276,-3.16199,5.5,139,En route au moteur,Portsmouth,31.7,2.8,0,Normale
2026-09-28 13:17:00,565260635,OCEAN VOYAGER,Pêcheur,France,Manche / Pas-de-Calais,50.06879,-0.65886,6.8,242,Capacité de manœuvre restreinte,Anvers,25.9,2.9,0,Normale
2026-09-28 13:17:00,721828280,BARFLEUR,Passagers,France,Mer d Iroise / Brest,48.35764,-5.03061,17.0,71,En route au moteur,Brest,208.2,6.6,0,Normale
2026-09-28 13:17:00,319540831,EVER GIVEN,Cargo,France,Mer d Iroise / Brest,48.14381,-4.44088,16.3,49,En route au moteur,Marseille,343.1,11.6,0,Normale
2026-09-28 13:18:00,268747287,PASCAL PAOLI,Passagers,Malte,Mer d Iroise / Brest,48.53997,-4.60462,25.3,13,En route au moteur,Le Havre,131.7,6.6,0,Normale
2026-09-28 13:18:00,745098869,LE CONQUERANT,Pétrolier,Chine,Mer d Iroise / Brest,48.56954,-4.34682,6.6,358,En route au moteur,Cherbourg,23.4,3.4,0,Normale
2026-09-28 13:20:00,249203558,TI EUROPE,Pétrolier,Grèce,Manche / Pas-de-Calais,51.09353,1.72006,14.7,80,En route au moteur,Rotterdam,198.7,13.6,0,Normale
2026-09-28 13:20:00,319540831,EVER GIVEN,Cargo,Russie,Mer d Iroise / Brest,48.27613,-4.43271,13.2,145,En route au moteur,Marseille,343.1,11.6,0,Normale
2026-09-28 13:21:00,693303705,ATLANTIC CONVEYOR,Cargo,Danemark,Manche / Pas-de-Calais,49.8009,-0.62724,15.6,23,En route au moteur,Cherbourg,207.5,16.0,0,Normale
2026-09-28 13:21:00,383758720,ENERGY TRIUMPH,Pétrolier,Danemark,Méditerranée / Rade de Toulon,42.92442,6.01021,10.1,181,En route au moteur,Anvers,284.0,12.5,0,Normale
2026-09-28 13:21:00,652991960,ABEILLE FLANDRE,Remorqueur,Panama,Manche / Pas-de-Calais,50.77647,-0.06333,9.9,120,En route au moteur,Dunkerque,47.5,4.6,0,Normale
2026-09-28 13:21:00,745098869,LE CONQUERANT,Pétrolier,Chine,Mer d Iroise / Brest,48.3388,-4.47477,0.1,28,Au mouillage,Cherbourg,23.4,3.4,0,Normale
2026-09-28 13:22:00,798020238,PACIFIC JEWEL,Pétrolier,Liberia,Manche / Pas-de-Calais,50.47784,-1.23363,12.4,181,En route au moteur,Rotterdam,276.4,18.6,0,Normale
2026-09-28 13:22:00,600957212,CORSICA VERA,Pétrolier,Royaume-Uni,Mer d Iroise / Brest,48.34663,-5.03051,18.1,342,En route au moteur,Rotterdam,202.0,6.4,0,Normale
2026-09-28 13:23:00,227901393,FS AQUITAINE,Pétrolier,France,Golfe de Gascogne,46.91886,-3.18303,25.1,318,En route au moteur,Portsmouth,119.7,6.8,0,Normale
2026-09-28 13:24:00,299585092,COSCO SHIPPING GLORY,Cargo,Singapour,Golfe de Gascogne,47.14801,-2.37511,12.9,85,En route au moteur,Le Havre,201.3,15.5,0,Normale
2026-09-28 13:24:00,227508993,FS DIXMUDE,Militaire,France,Méditerranée / Rade de Toulon,43.08691,5.54341,20.9,249,En route au moteur,Rotterdam,105.7,5.5,0,Normale
2026-09-28 13:24:00,453810544,VB CROISIC,Remorqueur,Panama,Méditerranée / Rade de Toulon,43.16732,6.19928,6.8,236,En route au moteur,Le Havre,53.3,5.2,0,Normale
2026-09-28 13:24:00,565260635,OCEAN VOYAGER,Pêcheur,France,Manche / Pas-de-Calais,50.16841,1.68126,3.9,272,En route au moteur,Anvers,25.9,2.9,0,Normale
2026-09-28 13:24:00,319540831,EVER GIVEN,Cargo,France,Mer d Iroise / Brest,48.3401,-4.87422,15.9,316,En route au moteur,Marseille,343.1,11.6,0,Normale
2026-09-28 13:25:00,597478786,NORDIC FREEDOM,Pétrolier,Malte,Manche / Pas-de-Calais,50.01394,-0.51082,11.8,126,En route au moteur,Gênes,195.6,13.4,0,Normale
2026-09-28 13:25:00,790907304,SMIT ROTTERDAM,Remorqueur,France,Manche / Pas-de-Calais,49.73221,-0.6318,10.5,196,En route au moteur,Marseille,37.3,6.5,0,Normale
2026-09-28 13:25:00,268747287,PASCAL PAOLI,Passagers,Malte,Mer d Iroise / Brest,48.12427,-4.87463,20.4,187,En route au moteur,Le Havre,131.7,6.6,0,Normale
2026-09-28 13:26:00,349926919,LA BELLE POULE,Pêcheur,Liberia,Méditerranée / Rade de Toulon,42.99444,5.97636,4.2,173,En route au moteur,Gênes,38.1,3.8,0,Normale
2026-09-28 13:26:00,227074441,FS CHEVALIER PAUL,Pétrolier,France,Manche / Pas-de-Calais,50.20587,0.90163,0.0,115,Au mouillage,Le Havre,164.9,5.2,0,Normale
2026-09-28 13:26:00,769462919,ARMORIQUE,Passagers,France,Manche / Pas-de-Calais,49.90264,0.59697,0.0,274,Amarré,Saint-Nazaire,177.9,6.5,0,Normale
2026-09-28 13:26:00,652991960,ABEILLE FLANDRE,Pétrolier,Panama,Manche / Pas-de-Calais,49.69699,1.7861,9.0,332,En route au moteur,Dunkerque,47.5,4.6,0,Normale
2026-09-28 13:27:00,737500247,L ARMAGNAC,Pêcheur,Panama,Golfe de Gascogne,45.23322,-4.14226,4.7,46,En route au moteur,Portsmouth,31.7,2.8,0,Normale
2026-09-28 13:27:00,737500247,L ARMAGNAC,Pêcheur,Panama,Golfe de Gascogne,47.00336,-3.62839,2.1,211,En route au moteur,Portsmouth,31.7,2.8,0,Normale
2026-09-28 13:28:00,227901393,FS AQUITAINE,Militaire,France,Golfe de Gascogne,44.99306,-4.10433,17.2,128,En route au moteur,Portsmouth,119.7,6.8,0,Normale
2026-09-28 13:28:00,268212356,MARIE-JEANNE,Pêcheur,Singapour,Golfe de Gascogne,45.71539,-2.22691,3.1,112,En route au moteur,Cherbourg,28.3,5.0,0,Normale
2026-09-28 13:30:00,227508993,FS DIXMUDE,Militaire,France,Méditerranée / Rade de Toulon,42.9127,5.91886,24.2,123,En route au moteur,Rotterdam,105.7,5.5,0,Normale
2026-09-28 13:30:00,376777762,VB PROVENCE,Remorqueur,Russie,Méditerranée / Rade de Toulon,42.75574,6.23227,5.1,260,En route au moteur,Anvers,35.1,5.0,0,Normale
2026-09-28 13:30:00,227690993,FS SOMME,Militaire,France,Méditerranée / Rade de Toulon,42.7672,6.0636,17.0,240,En route au moteur,Le Havre,131.7,6.5,0,Normale
2026-09-28 13:31:00,308449460,FRONT ALTAIR,Pétrolier,Russie,Golfe de Gascogne,45.65941,-3.67999,13.4,110,En route au moteur,Brest,207.3,16.7,0,Normale
2026-09-28 13:32:00,693303705,ATLANTIC CONVEYOR,Cargo,Danemark,Manche / Pas-de-Calais,50.6731,-1.15915,17.1,128,En route au moteur,Cherbourg,207.5,16.0,0,Normale
2026-09-28 13:32:00,234467368,SEAWAYS KILIMANJARO,Pétrolier,Malte,Golfe de Gascogne,45.32953,-3.5549,14.0,202,En route au moteur,Rotterdam,228.2,11.6,0,Normale
2026-09-28 13:32:00,628853029,PETIT JEAN,Pêcheur,Russie,Méditerranée / Rade de Toulon,43.02515,5.55449,6.0,20,En route au moteur,Marseille,23.9,5.0,0,Normale
2026-09-28 13:32:00,514797776,HAMBURG EXPRESS,Pétrolier,Grèce,Mer d Iroise / Brest,48.14169,-4.94208,24.8,249,En route au moteur,Marseille,316.1,15.6,1,Vitesse excessive suspecte pour petrolier (> 24 noeuds)
2026-09-28 13:33:00,710330567,MONT ST MICHEL,Passagers,Danemark,Méditerranée / Rade de Toulon,42.84432,6.28624,0.2,212,Amarré,Rotterdam,143.2,6.6,0,Normale
2026-09-28 13:34:00,769462919,ARMORIQUE,Passagers,France,Manche / Pas-de-Calais,50.74463,0.39394,19.4,332,En route au moteur,Saint-Nazaire,177.9,6.5,0,Normale
2026-09-28 13:34:00,710330567,MONT ST MICHEL,Passagers,Danemark,Méditerranée / Rade de Toulon,43.06885,5.42363,15.2,118,En route au moteur,Rotterdam,143.2,6.6,0,Normale
2026-09-28 13:34:00,785582861,CMA CGM ANTOINE,Cargo,France,Manche / Pas-de-Calais,50.9013,1.31882,12.4,224,En route au moteur,Rotterdam,309.9,10.2,0,Normale
2026-09-28 13:35:00,453810544,VB CROISIC,Remorqueur,Panama,Méditerranée / Rade de Toulon,42.79296,5.55144,6.1,299,En route au moteur,Le Havre,53.3,5.2,0,Normale
2026-09-28 13:35:00,227690993,FS SOMME,Militaire,France,Méditerranée / Rade de Toulon,42.76993,5.93949,26.6,180,En route au moteur,Le Havre,131.7,6.5,0,Normale
2026-09-28 13:35:00,453810544,VB CROISIC,Remorqueur,Panama,Méditerranée / Rade de Toulon,42.72132,6.39776,9.2,234,Capacité de manœuvre restreinte,Le Havre,53.3,5.2,0,Normale
2026-09-28 13:36:00,790907304,SMIT ROTTERDAM,Remorqueur,France,Manche / Pas-de-Calais,49.86638,1.37259,8.1,83,En route au moteur,Marseille,37.3,6.5,0,Normale
2026-09-28 13:36:00,227508993,FS DIXMUDE,Militaire,France,Méditerranée / Rade de Toulon,42.9434,5.72608,17.1,42,En route au moteur,Rotterdam,105.7,5.5,0,Normale
2026-09-28 13:36:00,268747287,PASCAL PAOLI,Passagers,Malte,Mer d Iroise / Brest,48.27937,-4.85562,16.9,310,En route au moteur,Le Havre,131.7,6.6,0,Normale
2026-09-28 13:36:00,308449460,FRONT ALTAIR,Pétrolier,Russie,Golfe de Gascogne,45.35614,-2.45691,14.5,47,En route au moteur,Brest,207.3,16.7,0,Normale
2026-09-28 13:36:00,250590821,LE MORGAT,Pétrolier,France,Méditerranée / Rade de Toulon,43.09185,5.75696,6.4,82,En route au moteur,Gênes,22.1,2.9,0,Normale
2026-09-28 13:37:00,308449460,FRONT ALTAIR,Pétrolier,Singapour,Golfe de Gascogne,46.09259,-3.3717,12.7,233,En route au moteur,Brest,207.3,16.7,0,Normale
2026-09-28 13:37:00,227822733,FS FORBIN,Militaire,France,Manche / Pas-de-Calais,50.39226,-0.30611,0.1,280,Au mouillage,Marseille,136.8,6.4,0,Normale
2026-09-28 13:37:00,376777762,VB PROVENCE,Remorqueur,Russie,Méditerranée / Rade de Toulon,43.03412,5.97394,9.3,250,En route au moteur,Anvers,35.1,5.0,0,Normale
2026-09-28 13:37:00,710330567,MONT ST MICHEL,Passagers,Danemark,Méditerranée / Rade de Toulon,42.8627,6.12866,20.1,163,En route au moteur,Rotterdam,143.2,6.6,0,Normale
2026-09-28 13:39:00,227074441,FS CHEVALIER PAUL,Militaire,France,Manche / Pas-de-Calais,50.52302,1.48933,15.5,76,En route au moteur,Le Havre,164.9,5.2,0,Normale
2026-09-28 13:39:00,565341213,ONE APUS,Cargo,Îles Marshall,Golfe de Gascogne,47.17768,-3.04984,16.6,354,En route au moteur,Marseille,214.2,16.2,0,Normale
2026-09-28 13:39:00,268212356,MARIE-JEANNE,Pêcheur,Singapour,Golfe de Gascogne,45.22582,-2.56162,3.2,263,En route au moteur,Cherbourg,28.3,5.0,0,Normale
2026-09-28 13:40:00,250590821,LE MORGAT,Pêcheur,France,Méditerranée / Rade de Toulon,42.82396,5.50649,4.7,315,En route au moteur,Gênes,22.1,2.9,0,Normale
2026-09-28 13:40:00,693303705,ATLANTIC CONVEYOR,Cargo,Danemark,Manche / Pas-de-Calais,50.71689,-0.64276,17.0,131,En route au moteur,Cherbourg,207.5,16.0,0,Normale
2026-09-28 13:40:00,376777762,VB PROVENCE,Remorqueur,Russie,Méditerranée / Rade de Toulon,43.01946,6.03621,11.7,96,En route au moteur,Anvers,35.1,5.0,0,Normale
2026-09-28 13:40:00,227690993,FS SOMME,Militaire,France,Méditerranée / Rade de Toulon,43.19367,6.3637,26.6,178,En route au moteur,Le Havre,131.7,6.5,0,Normale
2026-09-28 13:41:00,710330567,MONT ST MICHEL,Passagers,Danemark,Méditerranée / Rade de Toulon,43.04469,5.9169,18.2,144,En route au moteur,Rotterdam,143.2,6.6,0,Normale
2026-09-28 13:41:00,453810544,VB CROISIC,Remorqueur,Panama,Méditerranée / Rade de Toulon,43.15366,5.8066,9.1,5,En route au moteur,Le Havre,53.3,5.2,0,Normale
2026-09-28 13:42:00,779064766,MEGA EXPRESS,Passagers,Russie,Méditerranée / Rade de Toulon,43.14405,5.85519,0.2,48,Au mouillage,Portsmouth,185.2,6.9,0,Normale
2026-09-28 13:42:00,268747287,PASCAL PAOLI,Passagers,Malte,Mer d Iroise / Brest,48.1188,-4.80501,22.1,46,En route au moteur,Le Havre,131.7,6.6,0,Normale
2026-09-28 13:42:00,564323393,ABEILLE BOURBON,Remorqueur,Russie,Méditerranée / Rade de Toulon,43.0195,5.73511,11.1,90,En route au moteur,Brest,46.2,4.5,0,Normale
2026-09-28 13:42:00,769462919,ARMORIQUE,Passagers,France,Manche / Pas-de-Calais,50.52753,0.67429,19.5,96,En route au moteur,Saint-Nazaire,177.9,6.5,0,Normale
2026-09-28 13:42:00,268747287,PASCAL PAOLI,Passagers,Malte,Mer d Iroise / Brest,48.54468,-4.30452,18.6,93,En route au moteur,Le Havre,131.7,6.6,0,Normale
2026-09-28 13:43:00,769462919,ARMORIQUE,Passagers,France,Manche / Pas-de-Calais,50.27125,-0.1896,25.8,305,En route au moteur,Saint-Nazaire,177.9,6.5,0,Normale
2026-09-28 13:43:00,530190783,PONT AVEN,Passagers,Liberia,Manche / Pas-de-Calais,50.90179,0.19443,17.1,142,En route au moteur,Marseille,134.6,7.3,0,Normale
2026-09-28 13:43:00,227822733,FS FORBIN,Militaire,Russie,Manche / Pas-de-Calais,50.12794,-1.10952,17.7,108,En route au moteur,Marseille,136.8,6.4,0,Normale
2026-09-28 13:43:00,212327652,CAP FINISTERE,Pêcheur,Grèce,Golfe de Gascogne,45.84679,-1.83765,8.1,258,En route au moteur,Portsmouth,37.5,4.2,0,Normale
2026-09-28 13:44:00,565260635,OCEAN VOYAGER,Pêcheur,France,Manche / Pas-de-Calais,50.33126,-1.28429,5.4,87,En route au moteur,Anvers,25.9,2.9,0,Normale
2026-09-28 13:44:00,376777762,VB PROVENCE,Remorqueur,Singapour,Méditerranée / Rade de Toulon,43.16135,5.70402,13.1,165,En route au moteur,Anvers,35.1,5.0,0,Normale
2026-09-28 13:44:00,565260635,OCEAN VOYAGER,Pêcheur,France,Manche / Pas-de-Calais,50.64282,1.01452,3.3,227,En route au moteur,Anvers,25.9,2.9,0,Normale
2026-09-28 13:44:00,779064766,MEGA EXPRESS,Passagers,Russie,Méditerranée / Rade de Toulon,43.11363,5.94356,17.2,136,En route au moteur,Portsmouth,185.2,6.9,0,Normale
2026-09-28 13:44:00,227706073,FS JACQUES CHEVALLIER,Militaire,France,Manche / Pas-de-Calais,49.60293,-0.09052,22.4,165,En route au moteur,Toulon,158.4,7.3,0,Normale
2026-09-28 13:44:00,212327652,CAP FINISTERE,Pêcheur,Grèce,Golfe de Gascogne,46.37269,-2.16526,2.9,186,En route au moteur,Portsmouth,37.5,4.2,0,Normale
2026-09-28 13:44:00,319540831,EVER GIVEN,Cargo,Russie,Mer d Iroise / Brest,48.12048,-4.87359,12.5,156,En route au moteur,Marseille,343.1,11.6,0,Normale
2026-09-28 13:44:00,383758720,ENERGY TRIUMPH,Pétrolier,Danemark,Méditerranée / Rade de Toulon,42.70776,5.53287,12.8,240,En route au moteur,Anvers,284.0,12.5,0,Normale
2026-09-28 13:45:00,736045484,TOTAL ENERGIES SPIRIT,Pétrolier,Singapour,Mer d Iroise / Brest,48.26599,-4.48607,13.6,186,En route au moteur,Anvers,310.4,16.8,0,Normale
2026-09-28 13:45:00,652991960,ABEILLE FLANDRE,Remorqueur,Panama,Manche / Pas-de-Calais,50.73603,-0.01517,0.2,95,Au mouillage,Dunkerque,47.5,4.6,0,Normale
2026-09-28 13:46:00,565341213,ONE APUS,Cargo,Îles Marshall,Golfe de Gascogne,45.79466,-2.68856,18.3,253,En route au moteur,Marseille,214.2,16.2,0,Normale
2026-09-28 13:46:00,383758720,ENERGY TRIUMPH,Pétrolier,Danemark,Méditerranée / Rade de Toulon,43.07467,5.79621,13.8,165,En route au moteur,Anvers,284.0,12.5,0,Normale
2026-09-28 13:47:00,514797776,HAMBURG EXPRESS,Cargo,Grèce,Mer d Iroise / Brest,48.16667,-4.72829,17.0,162,En route au moteur,Marseille,316.1,15.6,0,Normale
2026-09-28 13:47:00,628853029,PETIT JEAN,Pêcheur,Malte,Méditerranée / Rade de Toulon,43.12265,5.61914,5.4,121,En route au moteur,Marseille,23.9,5.0,0,Normale
2026-09-28 13:47:00,227822733,FS FORBIN,Militaire,France,Manche / Pas-de-Calais,49.82341,1.44733,26.9,163,En route au moteur,Marseille,136.8,6.4,0,Normale
2026-09-28 13:47:00,736045484,TOTAL ENERGIES SPIRIT,Pétrolier,Singapour,Mer d Iroise / Brest,48.59433,-4.86318,10.5,89,En route au moteur,Anvers,310.4,16.8,0,Normale
2026-09-28 13:47:00,693303705,ATLANTIC CONVEYOR,Cargo,Danemark,Manche / Pas-de-Calais,50.51684,1.25666,19.4,58,En route au moteur,Cherbourg,207.5,16.0,0,Normale
2026-09-28 13:47:00,212327652,CAP FINISTERE,Pêcheur,Grèce,Golfe de Gascogne,45.37636,-2.25723,8.6,319,En route au moteur,Portsmouth,37.5,4.2,0,Normale
2026-09-28 13:47:00,785582861,CMA CGM ANTOINE,Cargo,France,Manche / Pas-de-Calais,50.87415,-0.6634,0.2,127,Au mouillage,Rotterdam,309.9,10.2,0,Normale
2026-09-28 13:48:00,212327652,CAP FINISTERE,Pêcheur,Grèce,Golfe de Gascogne,45.55883,-2.39553,5.2,288,En route au moteur,Portsmouth,37.5,4.2,0,Normale
2026-09-28 13:48:00,597478786,NORDIC FREEDOM,Pétrolier,Malte,Manche / Pas-de-Calais,50.44848,1.04941,12.6,293,En route au moteur,Gênes,195.6,13.4,0,Normale
2026-09-28 13:48:00,565260635,OCEAN VOYAGER,Pêcheur,France,Manche / Pas-de-Calais,50.93138,-0.08907,6.3,194,En route au moteur,Anvers,25.9,2.9,0,Normale
2026-09-28 13:48:00,798020238,PACIFIC JEWEL,Pétrolier,Liberia,Manche / Pas-de-Calais,49.73096,-0.21075,14.8,39,En route au moteur,Rotterdam,276.4,18.6,0,Normale
2026-09-28 13:48:00,227901393,FS AQUITAINE,Militaire,France,Golfe de Gascogne,45.98317,-2.16999,0.1,47,Au mouillage,Portsmouth,119.7,6.8,0,Normale
2026-09-28 13:48:00,736045484,TOTAL ENERGIES SPIRIT,Pétrolier,Singapour,Mer d Iroise / Brest,48.51504,-5.00378,10.6,177,En route au moteur,Anvers,310.4,16.8,0,Normale
2026-09-28 13:48:00,693303705,ATLANTIC CONVEYOR,Cargo,Danemark,Manche / Pas-de-Calais,51.02495,1.44478,12.7,104,En route au moteur,Cherbourg,207.5,16.0,0,Normale
2026-09-28 13:49:00,227822733,FS FORBIN,Militaire,Russie,Manche / Pas-de-Calais,51.01013,1.37166,23.9,119,En route au moteur,Marseille,136.8,6.4,0,Normale
2026-09-28 13:49:00,308449460,FRONT ALTAIR,Pétrolier,Russie,Golfe de Gascogne,47.02675,-3.82547,0.3,259,Amarré,Brest,207.3,16.7,0,Normale
2026-09-28 13:49:00,745098869,LE CONQUERANT,Pétrolier,Chine,Mer d Iroise / Brest,48.4445,-4.90472,0.4,268,Au mouillage,Cherbourg,23.4,3.4,0,Normale
2026-09-28 13:49:00,564323393,ABEILLE BOURBON,Remorqueur,Russie,Méditerranée / Rade de Toulon,42.72032,5.75925,10.5,326,En route au moteur,Brest,46.2,4.5,0,Normale
2026-09-28 13:50:00,628853029,PETIT JEAN,Pêcheur,Malte,Méditerranée / Rade de Toulon,42.82766,5.41034,0.5,346,Au mouillage,Marseille,23.9,5.0,0,Normale
2026-09-28 13:50:00,737500247,L ARMAGNAC,Pêcheur,Panama,Golfe de Gascogne,46.51644,-2.31193,7.3,155,En route au moteur,Portsmouth,31.7,2.8,0,Normale
2026-09-28 13:51:00,798020238,PACIFIC JEWEL,Pétrolier,Liberia,Manche / Pas-de-Calais,50.12449,1.20777,0.1,337,Au mouillage,Rotterdam,276.4,18.6,0,Normale
2026-09-28 13:51:00,299585092,COSCO SHIPPING GLORY,Pétrolier,Singapour,Golfe de Gascogne,46.79368,-2.61711,24.8,304,En route au moteur,Le Havre,201.3,15.5,1,Vitesse excessive suspecte pour petrolier (> 24 noeuds)
2026-09-28 13:51:00,227901393,FS AQUITAINE,Militaire,France,Golfe de Gascogne,45.91047,-4.1062,22.3,233,En route au moteur,Portsmouth,119.7,6.8,0,Normale
2026-09-28 13:51:00,268212356,MARIE-JEANNE,Pêcheur,Singapour,Golfe de Gascogne,45.14594,-2.15205,0.5,124,Amarré,Cherbourg,28.3,5.0,0,Normale
2026-09-28 13:52:00,268747287,PASCAL PAOLI,Passagers,Malte,Mer d Iroise / Brest,48.27033,-5.0313,0.2,357,Au mouillage,Le Havre,131.7,6.6,0,Normale
2026-09-28 13:52:00,227901393,FS AQUITAINE,Militaire,France,Golfe de Gascogne,44.96377,-2.88377,27.2,71,En route au moteur,Portsmouth,119.7,6.8,0,Normale
2026-09-28 13:52:00,319540831,EVER GIVEN,Cargo,Russie,Méditerranée / Rade de Toulon,43.08,6.02,0.3,270,Au mouillage,Marseille,343.1,11.6,1,Stationnement prolonge suspect pres base navale
2026-09-28 13:53:00,514797776,HAMBURG EXPRESS,Cargo,Grèce,Mer d Iroise / Brest,48.28524,-4.94561,18.7,143,En route au moteur,Marseille,316.1,15.6,0,Normale
2026-09-28 13:53:00,227074441,FS CHEVALIER PAUL,Pétrolier,France,Manche / Pas-de-Calais,49.91593,-0.41042,27.9,69,En route au moteur,Le Havre,164.9,5.2,0,Normale
2026-09-28 13:53:00,250590821,LE MORGAT,Pétrolier,France,Méditerranée / Rade de Toulon,42.99954,6.47349,3.5,9,En route au moteur,Gênes,22.1,2.9,0,Normale
2026-09-28 13:53:00,349926919,LA BELLE POULE,Pétrolier,Liberia,Méditerranée / Rade de Toulon,43.06102,5.47683,6.8,208,En route au moteur,Gênes,38.1,3.8,0,Normale
2026-09-28 13:54:00,299585092,COSCO SHIPPING GLORY,Pétrolier,Russie,Méditerranée / Rade de Toulon,43.08,6.02,0.3,188,Au mouillage,Le Havre,201.3,15.5,1,Stationnement prolonge suspect pres base navale
2026-09-28 13:54:00,564323393,ABEILLE BOURBON,Remorqueur,Russie,Méditerranée / Rade de Toulon,42.74408,6.40981,5.8,162,En route au moteur,Brest,46.2,4.5,0,Normale
2026-09-28 13:55:00,227901393,FS AQUITAINE,Militaire,France,Golfe de Gascogne,46.61067,-2.37629,26.8,289,En route au moteur,Portsmouth,119.7,6.8,0,Normale
2026-09-28 13:55:00,227074441,FS CHEVALIER PAUL,Militaire,France,Manche / Pas-de-Calais,49.90603,0.50198,23.5,176,En route au moteur,Le Havre,164.9,5.2,0,Normale
2026-09-28 13:55:00,349926919,LA BELLE POULE,Pêcheur,Liberia,Méditerranée / Rade de Toulon,42.88414,6.46904,0.4,279,Amarré,Gênes,38.1,3.8,0,Normale
2026-09-28 13:55:00,249203558,TI EUROPE,Pétrolier,Grèce,Manche / Pas-de-Calais,50.35168,-1.20117,10.1,122,En route au moteur,Rotterdam,198.7,13.6,0,Normale
2026-09-28 13:55:00,745098869,LE CONQUERANT,Pétrolier,Chine,Mer d Iroise / Brest,48.30647,-4.44367,7.2,3,En route au moteur,Cherbourg,23.4,3.4,0,Normale
2026-09-28 13:56:00,299585092,COSCO SHIPPING GLORY,Cargo,Singapour,Golfe de Gascogne,46.16269,-3.977,0.3,49,Au mouillage,Le Havre,201.3,15.5,0,Normale
2026-09-28 13:56:00,250590821,LE MORGAT,Pétrolier,France,Méditerranée / Rade de Toulon,42.95847,5.97569,3.7,322,En route au moteur,Gênes,22.1,2.9,0,Normale
2026-09-28 13:57:00,514797776,HAMBURG EXPRESS,Cargo,Grèce,Mer d Iroise / Brest,48.15516,-4.99127,18.3,285,En route au moteur,Marseille,316.1,15.6,0,Normale
2026-09-28 13:58:00,597478786,NORDIC FREEDOM,Pétrolier,Malte,Manche / Pas-de-Calais,50.42017,0.98175,13.1,303,En route au moteur,Gênes,195.6,13.4,0,Normale
2026-09-28 13:59:00,565260635,OCEAN VOYAGER,Pêcheur,France,Manche / Pas-de-Calais,50.01299,1.24345,0.3,35,Au mouillage,Anvers,25.9,2.9,0,Normale
2026-09-28 14:00:00,693303705,ATLANTIC CONVEYOR,Cargo,Danemark,Manche / Pas-de-Calais,50.74244,-0.44323,14.8,23,En route au moteur,Cherbourg,207.5,16.0,0,Normale
2026-09-28 14:00:00,308449460,FRONT ALTAIR,Pétrolier,Russie,Golfe de Gascogne,45.54082,-3.37704,10.0,300,En route au moteur,Brest,207.3,16.7,0,Normale
2026-09-28 14:01:00,299585092,COSCO SHIPPING GLORY,Cargo,Singapour,Golfe de Gascogne,44.84652,-2.90539,0.2,332,Amarré,Le Havre,201.3,15.5,0,Normale
2026-09-28 14:01:00,530190783,PONT AVEN,Passagers,Liberia,Manche / Pas-de-Calais,49.6653,-0.22329,23.2,182,En route au moteur,Marseille,134.6,7.3,0,Normale
2026-09-28 14:01:00,299585092,COSCO SHIPPING GLORY,Pétrolier,Singapour,Golfe de Gascogne,46.69839,-2.72427,15.5,330,En route au moteur,Le Havre,201.3,15.5,0,Normale
2026-09-28 14:01:00,769462919,ARMORIQUE,Passagers,France,Manche / Pas-de-Calais,51.01372,-0.52959,19.1,148,En route au moteur,Saint-Nazaire,177.9,6.5,0,Normale
2026-09-28 14:01:00,227822733,FS FORBIN,Militaire,Russie,Manche / Pas-de-Calais,50.89325,-1.26779,16.2,275,En route au moteur,Marseille,136.8,6.4,0,Normale
2026-09-28 14:02:00,721828280,BARFLEUR,Passagers,France,Mer d Iroise / Brest,48.34455,-4.57117,21.0,94,En route au moteur,Brest,208.2,6.6,0,Normale
2026-09-28 14:02:00,250590821,LE MORGAT,Pétrolier,France,Méditerranée / Rade de Toulon,43.17926,5.77741,24.8,214,En route au moteur,Gênes,22.1,2.9,1,Vitesse excessive suspecte pour petrolier (> 24 noeuds)
2026-09-28 14:02:00,565341213,ONE APUS,Cargo,Îles Marshall,Golfe de Gascogne,46.20422,-4.06959,13.9,312,En route au moteur,Marseille,214.2,16.2,0,Normale
2026-09-28 14:02:00,693303705,ATLANTIC CONVEYOR,Cargo,Danemark,Manche / Pas-de-Calais,50.42474,-0.19964,16.3,192,En route au moteur,Cherbourg,207.5,16.0,0,Normale
2026-09-28 14:03:00,376777762,VB PROVENCE,Remorqueur,Russie,Méditerranée / Rade de Toulon,43.04218,6.44703,10.4,334,En route au moteur,Anvers,35.1,5.0,0,Normale
2026-09-28 14:03:00,383758720,ENERGY TRIUMPH,Pétrolier,Danemark,Méditerranée / Rade de Toulon,43.16857,6.41352,11.5,15,En route au moteur,Anvers,284.0,12.5,0,Normale
2026-09-28 14:04:00,710330567,MONT ST MICHEL,Passagers,Danemark,Méditerranée / Rade de Toulon,42.75847,6.08497,19.9,223,En route au moteur,Rotterdam,143.2,6.6,0,Normale
2026-09-28 14:04:00,227901393,FS AQUITAINE,Militaire,France,Golfe de Gascogne,46.61659,-2.74951,22.9,175,En route au moteur,Portsmouth,119.7,6.8,0,Normale
2026-09-28 14:04:00,779064766,MEGA EXPRESS,Passagers,Russie,Méditerranée / Rade de Toulon,42.80671,5.63264,23.3,216,En route au moteur,Portsmouth,185.2,6.9,0,Normale
2026-09-28 14:05:00,790907304,SMIT ROTTERDAM,Remorqueur,France,Manche / Pas-de-Calais,49.9983,0.66345,0.3,116,Amarré,Marseille,37.3,6.5,0,Normale
2026-09-28 14:05:00,319540831,EVER GIVEN,Cargo,France,Mer d Iroise / Brest,48.55576,-4.5821,12.1,129,En route au moteur,Marseille,343.1,11.6,0,Normale
2026-09-28 14:05:00,212327652,CAP FINISTERE,Pêcheur,Grèce,Golfe de Gascogne,47.17515,-3.7152,2.3,98,En route au moteur,Portsmouth,37.5,4.2,0,Normale
2026-09-28 14:06:00,597478786,NORDIC FREEDOM,Pétrolier,Malte,Manche / Pas-de-Calais,50.2751,0.98086,0.1,266,Au mouillage,Gênes,195.6,13.4,0,Normale
2026-09-28 14:06:00,227508993,FS DIXMUDE,Militaire,France,Méditerranée / Rade de Toulon,42.88323,6.04832,27.3,92,En route au moteur,Rotterdam,105.7,5.5,0,Normale
2026-09-28 14:06:00,710330567,MONT ST MICHEL,Passagers,Danemark,Méditerranée / Rade de Toulon,42.86736,6.11267,25.0,156,En route au moteur,Rotterdam,143.2,6.6,0,Normale
2026-09-28 14:06:00,212327652,CAP FINISTERE,Pêcheur,Grèce,Golfe de Gascogne,46.51139,-2.58413,7.6,65,En route au moteur,Portsmouth,37.5,4.2,0,Normale
2026-09-28 14:07:00,565260635,OCEAN VOYAGER,Pêcheur,France,Manche / Pas-de-Calais,50.30079,1.37396,5.8,69,Capacité de manœuvre restreinte,Anvers,25.9,2.9,0,Normale
2026-09-28 14:07:00,530190783,PONT AVEN,Passagers,Liberia,Manche / Pas-de-Calais,50.00272,0.48112,19.6,188,En route au moteur,Marseille,134.6,7.3,0,Normale
2026-09-28 14:08:00,268747287,PASCAL PAOLI,Passagers,Malte,Mer d Iroise / Brest,48.25659,-4.58649,0.1,190,Au mouillage,Le Havre,131.7,6.6,0,Normale
2026-09-28 14:08:00,453810544,VB CROISIC,Remorqueur,Panama,Méditerranée / Rade de Toulon,43.06955,6.33782,6.5,348,En route au moteur,Le Havre,53.3,5.2,0,Normale
2026-09-28 14:08:00,721828280,BARFLEUR,Passagers,France,Mer d Iroise / Brest,48.40923,-4.96367,16.7,256,En route au moteur,Brest,208.2,6.6,0,Normale
2026-09-28 14:09:00,227822733,FS FORBIN,Militaire,France,Manche / Pas-de-Calais,49.60103,1.52906,14.1,90,En route au moteur,Marseille,136.8,6.4,0,Normale
2026-09-28 14:09:00,769462919,ARMORIQUE,Passagers,France,Manche / Pas-de-Calais,49.98293,-1.13043,15.1,215,En route au moteur,Saint-Nazaire,177.9,6.5,0,Normale
2026-09-28 14:10:00,628853029,PETIT JEAN,Pêcheur,Malte,Méditerranée / Rade de Toulon,42.80699,6.31075,5.9,139,En route au moteur,Marseille,23.9,5.0,0,Normale
2026-09-28 14:10:00,227074441,FS CHEVALIER PAUL,Pétrolier,France,Manche / Pas-de-Calais,49.76402,-0.74547,0.1,355,Au mouillage,Le Havre,164.9,5.2,0,Normale
2026-09-28 14:11:00,682334538,MSC OSCAR,Cargo,Chine,Mer d Iroise / Brest,48.50545,-4.37227,19.6,50,En route au moteur,Toulon,241.2,15.7,0,Normale
2026-09-28 14:12:00,234467368,SEAWAYS KILIMANJARO,Pétrolier,Malte,Golfe de Gascogne,46.3567,-2.64062,13.1,275,En route au moteur,Rotterdam,228.2,11.6,0,Normale
2026-09-28 14:12:00,710330567,MONT ST MICHEL,Passagers,Danemark,Méditerranée / Rade de Toulon,42.98653,6.02234,0.4,243,Au mouillage,Rotterdam,143.2,6.6,0,Normale
2026-09-28 14:12:00,250590821,LE MORGAT,Pétrolier,France,Méditerranée / Rade de Toulon,42.74001,6.46981,3.2,225,En route au moteur,Gênes,22.1,2.9,0,Normale
2026-09-28 14:13:00,227901393,FS AQUITAINE,Militaire,France,Golfe de Gascogne,46.92921,-4.18417,0.2,117,Au mouillage,Portsmouth,119.7,6.8,0,Normale
2026-09-28 14:13:00,785582861,CMA CGM ANTOINE,Cargo,France,Manche / Pas-de-Calais,49.7744,-1.27707,20.9,346,En route au moteur,Rotterdam,309.9,10.2,0,Normale
2026-09-28 14:13:00,249203558,TI EUROPE,Pétrolier,Grèce,Manche / Pas-de-Calais,49.83308,0.02004,0.4,236,Au mouillage,Rotterdam,198.7,13.6,0,Normale
2026-09-28 14:13:00,564323393,ABEILLE BOURBON,Remorqueur,Russie,Méditerranée / Rade de Toulon,43.0453,6.35075,10.3,261,En route au moteur,Brest,46.2,4.5,0,Normale
2026-09-28 14:14:00,710330567,MONT ST MICHEL,Passagers,Danemark,Méditerranée / Rade de Toulon,43.19012,5.6681,19.2,306,En route au moteur,Rotterdam,143.2,6.6,0,Normale
2026-09-28 14:14:00,652991960,ABEILLE FLANDRE,Remorqueur,Panama,Manche / Pas-de-Calais,50.8034,0.7387,8.4,183,En route au moteur,Dunkerque,47.5,4.6,0,Normale
2026-09-28 14:15:00,308449460,FRONT ALTAIR,Pétrolier,Russie,Golfe de Gascogne,47.05402,-4.10299,11.2,135,En route au moteur,Brest,207.3,16.7,0,Normale
2026-09-28 14:16:00,349926919,LA BELLE POULE,Pêcheur,Liberia,Méditerranée / Rade de Toulon,42.7904,5.98013,8.9,74,En route au moteur,Gênes,38.1,3.8,0,Normale
2026-09-28 14:17:00,693303705,ATLANTIC CONVEYOR,Cargo,Danemark,Manche / Pas-de-Calais,49.88742,-1.395,15.5,250,En route au moteur,Cherbourg,207.5,16.0,0,Normale
2026-09-28 14:17:00,268747287,PASCAL PAOLI,Passagers,Malte,Mer d Iroise / Brest,48.37991,-4.75109,15.4,81,En route au moteur,Le Havre,131.7,6.6,0,Normale
2026-09-28 14:17:00,449817734,MAERSK MC-KINNEY,Cargo,Danemark,Méditerranée / Rade de Toulon,43.09112,5.46086,0.2,152,Au mouillage,Rotterdam,312.4,13.6,0,Normale
2026-09-28 14:18:00,250590821,LE MORGAT,Pétrolier,France,Méditerranée / Rade de Toulon,42.91946,6.37388,8.4,310,En route au moteur,Gênes,22.1,2.9,0,Normale
2026-09-28 14:18:00,721828280,BARFLEUR,Passagers,France,Mer d Iroise / Brest,48.49905,-4.43466,25.9,191,En route au moteur,Brest,208.2,6.6,0,Normale
2026-09-28 14:19:00,299585092,COSCO SHIPPING GLORY,Cargo,Singapour,Golfe de Gascogne,45.59831,-1.83206,12.5,231,En route au moteur,Le Havre,201.3,15.5,0,Normale
2026-09-28 14:19:00,227508993,FS DIXMUDE,Militaire,France,Méditerranée / Rade de Toulon,43.08737,5.89162,21.8,237,En route au moteur,Rotterdam,105.7,5.5,0,Normale
2026-09-28 14:19:00,449817734,MAERSK MC-KINNEY,Cargo,Danemark,Méditerranée / Rade de Toulon,42.89984,5.96469,20.4,249,En route au moteur,Rotterdam,312.4,13.6,0,Normale
2026-09-28 14:19:00,798020238,PACIFIC JEWEL,Pétrolier,Liberia,Manche / Pas-de-Calais,49.7568,-0.81142,12.6,160,En route au moteur,Rotterdam,276.4,18.6,0,Normale
2026-09-28 14:19:00,737500247,L ARMAGNAC,Pêcheur,Panama,Golfe de Gascogne,46.65282,-3.10484,8.0,265,En route au moteur,Portsmouth,31.7,2.8,0,Normale
2026-09-28 14:20:00,227508993,FS DIXMUDE,Militaire,France,Méditerranée / Rade de Toulon,43.01749,5.805,18.2,217,En route au moteur,Rotterdam,105.7,5.5,0,Normale
2026-09-28 14:20:00,227706073,FS JACQUES CHEVALLIER,Militaire,France,Manche / Pas-de-Calais,50.41838,-0.46705,17.1,247,En route au moteur,Toulon,158.4,7.3,0,Normale
2026-09-28 14:21:00,227690993,FS SOMME,Militaire,France,Méditerranée / Rade de Toulon,43.05437,5.72977,0.2,344,Au mouillage,Le Havre,131.7,6.5,0,Normale
2026-09-28 14:21:00,628853029,PETIT JEAN,Pêcheur,Russie,Méditerranée / Rade de Toulon,42.94864,6.09121,2.7,27,En route au moteur,Marseille,23.9,5.0,0,Normale
2026-09-28 14:22:00,376777762,VB PROVENCE,Remorqueur,Singapour,Méditerranée / Rade de Toulon,42.75129,5.41349,9.3,174,En route au moteur,Anvers,35.1,5.0,0,Normale
2026-09-28 14:22:00,682334538,MSC OSCAR,Cargo,Chine,Mer d Iroise / Brest,48.36673,-4.54031,16.9,243,En route au moteur,Toulon,241.2,15.7,0,Normale
2026-09-28 14:22:00,227706073,FS JACQUES CHEVALLIER,Militaire,France,Manche / Pas-de-Calais,51.08452,-0.26156,18.1,63,En route au moteur,Toulon,158.4,7.3,0,Normale
2026-09-28 14:23:00,383758720,ENERGY TRIUMPH,Pétrolier,Danemark,Méditerranée / Rade de Toulon,43.1534,6.10926,13.8,252,En route au moteur,Anvers,284.0,12.5,0,Normale
2026-09-28 14:23:00,299585092,COSCO SHIPPING GLORY,Cargo,Singapour,Golfe de Gascogne,45.93062,-3.20889,0.4,51,Au mouillage,Le Havre,201.3,15.5,0,Normale
2026-09-28 14:23:00,565260635,OCEAN VOYAGER,Pêcheur,France,Manche / Pas-de-Calais,50.74551,-1.00083,0.3,225,Au mouillage,Anvers,25.9,2.9,0,Normale
2026-09-28 14:23:00,779064766,MEGA EXPRESS,Passagers,Russie,Méditerranée / Rade de Toulon,42.79877,5.98201,0.2,249,Au mouillage,Portsmouth,185.2,6.9,0,Normale
2026-09-28 14:24:00,227074441,FS CHEVALIER PAUL,Pétrolier,France,Manche / Pas-de-Calais,50.72308,1.3115,15.5,66,En route au moteur,Le Havre,164.9,5.2,0,Normale
2026-09-28 14:25:00,212327652,CAP FINISTERE,Pêcheur,Grèce,Golfe de Gascogne,46.14227,-3.08772,2.0,134,En route au moteur,Portsmouth,37.5,4.2,0,Normale
2026-09-28 14:25:00,349926919,LA BELLE POULE,Pétrolier,Liberia,Méditerranée / Rade de Toulon,42.73646,6.4428,0.4,18,Au mouillage,Gênes,38.1,3.8,0,Normale
2026-09-28 14:26:00,268212356,MARIE-JEANNE,Pêcheur,Singapour,Golfe de Gascogne,46.23405,-2.17716,4.0,4,En route au moteur,Cherbourg,28.3,5.0,0,Normale
2026-09-28 14:26:00,234467368,SEAWAYS KILIMANJARO,Pétrolier,Malte,Golfe de Gascogne,45.44449,-2.21198,12.9,289,En route au moteur,Rotterdam,228.2,11.6,0,Normale
2026-09-28 14:26:00,376777762,VB PROVENCE,Remorqueur,Singapour,Méditerranée / Rade de Toulon,42.91949,5.62188,12.2,146,En route au moteur,Anvers,35.1,5.0,0,Normale
2026-09-28 14:26:00,268212356,MARIE-JEANNE,Pêcheur,Singapour,Golfe de Gascogne,45.71698,-3.16486,3.5,144,En route au moteur,Cherbourg,28.3,5.0,0,Normale
2026-09-28 14:26:00,227074441,FS CHEVALIER PAUL,Pétrolier,France,Manche / Pas-de-Calais,50.31064,0.41792,24.6,332,En route au moteur,Le Havre,164.9,5.2,0,Normale
2026-09-28 14:26:00,628853029,PETIT JEAN,Pêcheur,Russie,Méditerranée / Rade de Toulon,42.76361,6.09337,6.3,25,En route au moteur,Marseille,23.9,5.0,0,Normale
2026-09-28 14:27:00,308449460,FRONT ALTAIR,Pétrolier,Singapour,Golfe de Gascogne,47.11558,-3.89701,11.7,51,Capacité de manœuvre restreinte,Brest,207.3,16.7,0,Normale
2026-09-28 14:27:00,376777762,VB PROVENCE,Remorqueur,Singapour,Méditerranée / Rade de Toulon,42.9969,5.6151,7.7,202,En route au moteur,Anvers,35.1,5.0,0,Normale
2026-09-28 14:27:00,268747287,PASCAL PAOLI,Passagers,Malte,Mer d Iroise / Brest,48.31803,-4.34292,17.8,101,Capacité de manœuvre restreinte,Le Havre,131.7,6.6,0,Normale
2026-09-28 14:27:00,530190783,PONT AVEN,Passagers,Liberia,Manche / Pas-de-Calais,49.62827,-0.23746,17.5,194,En route au moteur,Marseille,134.6,7.3,0,Normale
2026-09-28 14:27:00,227074441,FS CHEVALIER PAUL,Pétrolier,France,Manche / Pas-de-Calais,49.8447,-1.28365,16.9,226,En route au moteur,Le Havre,164.9,5.2,0,Normale
2026-09-28 14:28:00,693303705,ATLANTIC CONVEYOR,Cargo,Danemark,Manche / Pas-de-Calais,49.81097,0.95963,20.8,85,En route au moteur,Cherbourg,207.5,16.0,0,Normale
2026-09-28 14:28:00,227822733,FS FORBIN,Militaire,Russie,Manche / Pas-de-Calais,49.88521,-0.81533,0.3,182,Au mouillage,Marseille,136.8,6.4,0,Normale
2026-09-28 14:30:00,453810544,VB CROISIC,Remorqueur,Panama,Méditerranée / Rade de Toulon,43.0127,6.23599,9.9,147,En route au moteur,Le Havre,53.3,5.2,0,Normale
2026-09-28 14:30:00,798020238,PACIFIC JEWEL,Pétrolier,Liberia,Manche / Pas-de-Calais,50.70567,-0.72496,11.3,117,En route au moteur,Rotterdam,276.4,18.6,0,Normale
2026-09-28 14:30:00,565341213,ONE APUS,Cargo,Îles Marshall,Golfe de Gascogne,46.42746,-1.86703,18.1,78,En route au moteur,Marseille,214.2,16.2,0,Normale
2026-09-28 14:31:00,299585092,COSCO SHIPPING GLORY,Cargo,Singapour,Golfe de Gascogne,46.82879,-2.65222,20.8,48,En route au moteur,Le Havre,201.3,15.5,0,Normale
2026-09-28 14:31:00,349926919,LA BELLE POULE,Pêcheur,Liberia,Méditerranée / Rade de Toulon,43.01904,5.47811,0.0,184,Au mouillage,Gênes,38.1,3.8,0,Normale
2026-09-28 14:31:00,212327652,CAP FINISTERE,Pêcheur,Grèce,Golfe de Gascogne,46.08146,-2.1978,9.0,18,En route au moteur,Portsmouth,37.5,4.2,0,Normale
2026-09-28 14:31:00,249203558,TI EUROPE,Pétrolier,Grèce,Manche / Pas-de-Calais,50.90752,1.25485,14.6,144,En route au moteur,Rotterdam,198.7,13.6,0,Normale
2026-09-28 14:31:00,383758720,ENERGY TRIUMPH,Pétrolier,Danemark,Méditerranée / Rade de Toulon,43.12832,5.76714,13.7,116,En route au moteur,Anvers,284.0,12.5,0,Normale
2026-09-28 14:32:00,212327652,CAP FINISTERE,Pêcheur,Grèce,Golfe de Gascogne,47.12244,-2.61963,4.2,210,En route au moteur,Portsmouth,37.5,4.2,0,Normale
2026-09-28 14:32:00,268747287,PASCAL PAOLI,Passagers,Malte,Mer d Iroise / Brest,48.42069,-4.45705,0.4,81,Au mouillage,Le Havre,131.7,6.6,0,Normale
2026-09-28 14:33:00,227822733,FS FORBIN,Militaire,France,Manche / Pas-de-Calais,50.97023,1.24056,25.2,246,En route au moteur,Marseille,136.8,6.4,0,Normale
2026-09-28 14:33:00,268212356,MARIE-JEANNE,Pêcheur,Singapour,Golfe de Gascogne,46.0307,-2.65523,8.5,50,En route au moteur,Cherbourg,28.3,5.0,0,Normale
2026-09-28 14:34:00,779064766,MEGA EXPRESS,Passagers,Russie,Méditerranée / Rade de Toulon,43.15536,5.46095,16.7,84,En route au moteur,Portsmouth,185.2,6.9,0,Normale
2026-09-28 14:34:00,565260635,OCEAN VOYAGER,Pêcheur,France,Manche / Pas-de-Calais,50.64665,-0.99445,9.0,228,En route au moteur,Anvers,25.9,2.9,0,Normale
2026-09-28 14:34:00,268747287,PASCAL PAOLI,Passagers,Malte,Mer d Iroise / Brest,48.24341,-4.33791,22.9,117,En route au moteur,Le Havre,131.7,6.6,0,Normale
2026-09-28 14:34:00,600957212,CORSICA VERA,Pétrolier,Russie,Mer d Iroise / Brest,48.28641,-4.72116,20.9,186,En route au moteur,Rotterdam,202.0,6.4,0,Normale
2026-09-28 14:35:00,249203558,TI EUROPE,Pétrolier,Grèce,Manche / Pas-de-Calais,51.09023,-0.72727,0.3,295,Au mouillage,Rotterdam,198.7,13.6,0,Normale
2026-09-28 14:35:00,736045484,TOTAL ENERGIES SPIRIT,Pétrolier,Singapour,Mer d Iroise / Brest,48.39373,-4.3093,13.1,63,En route au moteur,Anvers,310.4,16.8,0,Normale
2026-09-28 14:35:00,227822733,FS FORBIN,Militaire,Russie,Manche / Pas-de-Calais,50.78633,-0.94911,27.5,148,En route au moteur,Marseille,136.8,6.4,0,Normale
2026-09-28 14:37:00,268747287,PASCAL PAOLI,Passagers,Malte,Mer d Iroise / Brest,48.29847,-4.36154,17.7,250,En route au moteur,Le Havre,131.7,6.6,0,Normale
2026-09-28 14:37:00,597478786,NORDIC FREEDOM,Pétrolier,Malte,Manche / Pas-de-Calais,50.87327,1.31117,0.0,251,Au mouillage,Gênes,195.6,13.4,0,Normale
2026-09-28 14:37:00,779064766,MEGA EXPRESS,Passagers,Russie,Méditerranée / Rade de Toulon,43.0047,5.87677,25.5,246,En route au moteur,Portsmouth,185.2,6.9,0,Normale
2026-09-28 14:37:00,227706073,FS JACQUES CHEVALLIER,Militaire,France,Manche / Pas-de-Calais,49.71467,-0.30442,15.7,214,En route au moteur,Toulon,158.4,7.3,0,Normale
2026-09-28 14:38:00,721828280,BARFLEUR,Passagers,France,Mer d Iroise / Brest,48.24324,-4.5299,19.7,205,En route au moteur,Brest,208.2,6.6,0,Normale
2026-09-28 14:38:00,710330567,MONT ST MICHEL,Passagers,Danemark,Méditerranée / Rade de Toulon,42.75323,5.47962,25.4,262,En route au moteur,Rotterdam,143.2,6.6,0,Normale
2026-09-28 14:38:00,600957212,CORSICA VERA,Passagers,Royaume-Uni,Mer d Iroise / Brest,48.11247,-4.71387,17.1,247,En route au moteur,Rotterdam,202.0,6.4,0,Normale
2026-09-28 14:38:00,597478786,NORDIC FREEDOM,Pétrolier,Malte,Manche / Pas-de-Calais,49.68361,-0.63081,11.9,346,En route au moteur,Gênes,195.6,13.4,0,Normale
2026-09-28 14:38:00,600957212,CORSICA VERA,Passagers,Royaume-Uni,Mer d Iroise / Brest,48.3492,-4.40361,19.0,70,En route au moteur,Rotterdam,202.0,6.4,0,Normale
2026-09-28 14:38:00,212327652,CAP FINISTERE,Pêcheur,Grèce,Golfe de Gascogne,46.48055,-2.85484,5.8,203,En route au moteur,Portsmouth,37.5,4.2,0,Normale
2026-09-28 14:39:00,349926919,LA BELLE POULE,Pétrolier,Liberia,Méditerranée / Rade de Toulon,42.73908,6.19749,7.1,125,En route au moteur,Gênes,38.1,3.8,0,Normale
2026-09-28 14:40:00,779064766,MEGA EXPRESS,Passagers,Russie,Méditerranée / Rade de Toulon,42.88091,5.79886,17.4,248,En route au moteur,Portsmouth,185.2,6.9,0,Normale
2026-09-28 14:40:00,212327652,CAP FINISTERE,Pêcheur,Grèce,Golfe de Gascogne,46.1496,-2.62897,4.4,27,En route au moteur,Portsmouth,37.5,4.2,0,Normale
2026-09-28 14:40:00,652991960,ABEILLE FLANDRE,Pétrolier,Panama,Manche / Pas-de-Calais,50.8661,-0.09192,7.9,91,En route au moteur,Dunkerque,47.5,4.6,0,Normale
2026-09-28 14:40:00,564323393,ABEILLE BOURBON,Remorqueur,Russie,Méditerranée / Rade de Toulon,43.17313,5.55866,11.1,161,En route au moteur,Brest,46.2,4.5,0,Normale
2026-09-28 14:41:00,790907304,SMIT ROTTERDAM,Remorqueur,France,Manche / Pas-de-Calais,50.20208,-1.36716,11.4,242,En route au moteur,Marseille,37.3,6.5,0,Normale
2026-09-28 14:43:00,383758720,ENERGY TRIUMPH,Pétrolier,Danemark,Méditerranée / Rade de Toulon,42.84013,5.6443,10.3,216,En route au moteur,Anvers,284.0,12.5,0,Normale
2026-09-28 14:43:00,308449460,FRONT ALTAIR,Pétrolier,Russie,Golfe de Gascogne,45.24846,-3.52527,11.3,358,En route au moteur,Brest,207.3,16.7,0,Normale
2026-09-28 14:44:00,597478786,NORDIC FREEDOM,Pétrolier,Malte,Manche / Pas-de-Calais,49.84958,-0.50808,13.5,268,En route au moteur,Gênes,195.6,13.4,0,Normale
2026-09-28 14:45:00,779064766,MEGA EXPRESS,Passagers,Russie,Méditerranée / Rade de Toulon,43.17987,6.22981,24.7,74,En route au moteur,Portsmouth,185.2,6.9,0,Normale
2026-09-28 14:45:00,227690993,FS SOMME,Militaire,France,Méditerranée / Rade de Toulon,43.18577,5.58207,18.1,199,En route au moteur,Le Havre,131.7,6.5,0,Normale
2026-09-28 14:45:00,319540831,EVER GIVEN,Cargo,France,Mer d Iroise / Brest,48.32772,-4.5338,14.7,112,En route au moteur,Marseille,343.1,11.6,0,Normale
2026-09-28 14:46:00,565341213,ONE APUS,Cargo,Îles Marshall,Golfe de Gascogne,46.34434,-3.69236,15.3,60,En route au moteur,Marseille,214.2,16.2,0,Normale
2026-09-28 14:47:00,721828280,BARFLEUR,Passagers,France,Mer d Iroise / Brest,48.4749,-4.54424,0.2,249,Au mouillage,Brest,208.2,6.6,0,Normale
2026-09-28 14:47:00,249203558,TI EUROPE,Pétrolier,Grèce,Manche / Pas-de-Calais,50.90032,1.53146,0.2,205,Au mouillage,Rotterdam,198.7,13.6,0,Normale
2026-09-28 14:48:00,349926919,LA BELLE POULE,Pétrolier,Liberia,Méditerranée / Rade de Toulon,43.05678,6.24437,2.9,304,En route au moteur,Gênes,38.1,3.8,0,Normale
2026-09-28 14:48:00,769462919,ARMORIQUE,Passagers,France,Manche / Pas-de-Calais,49.62126,0.69283,22.3,31,En route au moteur,Saint-Nazaire,177.9,6.5,0,Normale
2026-09-28 14:49:00,565341213,ONE APUS,Cargo,Îles Marshall,Golfe de Gascogne,45.40381,-1.86558,15.7,176,En route au moteur,Marseille,214.2,16.2,0,Normale
2026-09-28 14:49:00,383758720,ENERGY TRIUMPH,Pétrolier,Danemark,Méditerranée / Rade de Toulon,43.17912,6.05929,10.1,338,En route au moteur,Anvers,284.0,12.5,0,Normale
2026-09-28 14:49:00,268747287,PASCAL PAOLI,Passagers,Malte,Mer d Iroise / Brest,48.2641,-4.94601,21.5,34,En route au moteur,Le Havre,131.7,6.6,0,Normale
2026-09-28 14:50:00,785582861,CMA CGM ANTOINE,Cargo,France,Manche / Pas-de-Calais,49.80263,1.43807,20.9,109,En route au moteur,Rotterdam,309.9,10.2,0,Normale
2026-09-28 14:50:00,299585092,COSCO SHIPPING GLORY,Pétrolier,Singapour,Golfe de Gascogne,46.98388,-2.09759,15.8,354,En route au moteur,Le Havre,201.3,15.5,0,Normale
2026-09-28 14:50:00,737500247,L ARMAGNAC,Pêcheur,Panama,Golfe de Gascogne,46.65886,-2.14331,0.3,57,Au mouillage,Portsmouth,31.7,2.8,0,Normale
2026-09-28 14:51:00,682334538,MSC OSCAR,Cargo,Chine,Mer d Iroise / Brest,48.20523,-4.67162,0.4,202,Amarré,Toulon,241.2,15.7,0,Normale
2026-09-28 14:52:00,514797776,HAMBURG EXPRESS,Cargo,Grèce,Mer d Iroise / Brest,48.1036,-4.57636,14.8,185,En route au moteur,Marseille,316.1,15.6,0,Normale
2026-09-28 14:52:00,249203558,TI EUROPE,Pétrolier,Grèce,Manche / Pas-de-Calais,50.59561,0.44956,10.0,235,En route au moteur,Rotterdam,198.7,13.6,0,Normale
2026-09-28 14:52:00,652991960,ABEILLE FLANDRE,Pétrolier,Panama,Manche / Pas-de-Calais,50.37536,1.75922,13.1,167,En route au moteur,Dunkerque,47.5,4.6,0,Normale
2026-09-28 14:53:00,652991960,ABEILLE FLANDRE,Remorqueur,Panama,Manche / Pas-de-Calais,51.04829,-0.13384,5.2,120,En route au moteur,Dunkerque,47.5,4.6,0,Normale
2026-09-28 14:53:00,693303705,ATLANTIC CONVEYOR,Cargo,Danemark,Manche / Pas-de-Calais,50.74927,0.96033,18.8,327,En route au moteur,Cherbourg,207.5,16.0,0,Normale
2026-09-28 14:54:00,779064766,MEGA EXPRESS,Passagers,Russie,Méditerranée / Rade de Toulon,42.91034,6.36231,19.7,246,En route au moteur,Portsmouth,185.2,6.9,0,Normale
2026-09-28 14:55:00,227690993,FS SOMME,Militaire,France,Méditerranée / Rade de Toulon,43.07518,6.00368,27.9,355,En route au moteur,Le Havre,131.7,6.5,0,Normale
2026-09-28 14:55:00,790907304,SMIT ROTTERDAM,Remorqueur,France,Manche / Pas-de-Calais,50.74538,-0.37125,5.3,60,En route au moteur,Marseille,37.3,6.5,0,Normale
2026-09-28 14:55:00,600957212,CORSICA VERA,Passagers,Royaume-Uni,Mer d Iroise / Brest,48.42927,-5.032,19.4,302,En route au moteur,Rotterdam,202.0,6.4,0,Normale
2026-09-28 14:55:00,250590821,LE MORGAT,Pétrolier,France,Méditerranée / Rade de Toulon,42.86119,6.3785,3.2,148,En route au moteur,Gênes,22.1,2.9,0,Normale
2026-09-28 14:55:00,565260635,OCEAN VOYAGER,Pêcheur,France,Manche / Pas-de-Calais,50.16154,1.35585,3.2,268,En route au moteur,Anvers,25.9,2.9,0,Normale
2026-09-28 14:55:00,564323393,ABEILLE BOURBON,Remorqueur,Russie,Méditerranée / Rade de Toulon,42.71864,5.83856,0.4,221,Au mouillage,Brest,46.2,4.5,0,Normale
2026-09-28 14:56:00,682334538,MSC OSCAR,Cargo,Chine,Mer d Iroise / Brest,48.11691,-4.42264,18.0,3,Capacité de manœuvre restreinte,Toulon,241.2,15.7,0,Normale
2026-09-28 14:56:00,597478786,NORDIC FREEDOM,Pétrolier,Malte,Manche / Pas-de-Calais,50.67262,0.06377,10.9,240,En route au moteur,Gênes,195.6,13.4,0,Normale
2026-09-28 14:56:00,227508993,FS DIXMUDE,Militaire,France,Méditerranée / Rade de Toulon,43.12461,5.95962,12.7,109,En route au moteur,Rotterdam,105.7,5.5,0,Normale
2026-09-28 14:57:00,530190783,PONT AVEN,Passagers,Liberia,Manche / Pas-de-Calais,50.0781,-0.12613,19.1,275,En route au moteur,Marseille,134.6,7.3,0,Normale
2026-09-28 14:57:00,234467368,SEAWAYS KILIMANJARO,Pétrolier,Malte,Golfe de Gascogne,45.52556,-3.93064,13.9,47,En route au moteur,Rotterdam,228.2,11.6,0,Normale
2026-09-28 14:57:00,710330567,MONT ST MICHEL,Passagers,Danemark,Méditerranée / Rade de Toulon,42.90842,5.71717,16.9,95,En route au moteur,Rotterdam,143.2,6.6,0,Normale
2026-09-28 14:57:00,227822733,FS FORBIN,Militaire,Russie,Manche / Pas-de-Calais,49.67049,0.25942,23.1,271,En route au moteur,Marseille,136.8,6.4,0,Normale
2026-09-28 14:58:00,628853029,PETIT JEAN,Pêcheur,Russie,Méditerranée / Rade de Toulon,42.98757,6.08557,6.3,254,Capacité de manœuvre restreinte,Marseille,23.9,5.0,0,Normale
2026-09-28 14:59:00,227690993,FS SOMME,Militaire,France,Méditerranée / Rade de Toulon,42.71887,5.77044,14.1,192,En route au moteur,Le Havre,131.7,6.5,0,Normale
2026-09-28 14:59:00,710330567,MONT ST MICHEL,Passagers,Danemark,Méditerranée / Rade de Toulon,42.98894,6.16285,22.7,120,En route au moteur,Rotterdam,143.2,6.6,0,Normale
2026-09-28 15:00:00,227508993,FS DIXMUDE,Militaire,France,Méditerranée / Rade de Toulon,42.90933,5.57826,21.7,128,En route au moteur,Rotterdam,105.7,5.5,0,Normale
2026-09-28 15:00:00,565341213,ONE APUS,Cargo,Îles Marshall,Golfe de Gascogne,46.54421,-3.52233,18.3,280,Capacité de manœuvre restreinte,Marseille,214.2,16.2,0,Normale
2026-09-28 15:00:00,682334538,MSC OSCAR,Cargo,Chine,Mer d Iroise / Brest,48.51563,-4.94954,20.0,292,En route au moteur,Toulon,241.2,15.7,0,Normale
2026-09-28 15:01:00,652991960,ABEILLE FLANDRE,Remorqueur,Panama,Manche / Pas-de-Calais,50.50707,-0.71377,10.3,44,En route au moteur,Dunkerque,47.5,4.6,0,Normale
2026-09-28 15:02:00,234467368,SEAWAYS KILIMANJARO,Pétrolier,Malte,Golfe de Gascogne,47.15948,-3.19244,14.9,72,Capacité de manœuvre restreinte,Rotterdam,228.2,11.6,0,Normale
2026-09-28 15:02:00,227074441,FS CHEVALIER PAUL,Pétrolier,France,Manche / Pas-de-Calais,50.13615,0.42716,14.6,126,En route au moteur,Le Havre,164.9,5.2,0,Normale
2026-09-28 15:02:00,530190783,PONT AVEN,Passagers,Liberia,Manche / Pas-de-Calais,50.04753,-1.3216,0.1,102,Au mouillage,Marseille,134.6,7.3,0,Normale
2026-09-28 15:03:00,349926919,LA BELLE POULE,Pêcheur,Liberia,Méditerranée / Rade de Toulon,42.90603,6.14998,3.2,312,En route au moteur,Gênes,38.1,3.8,0,Normale
2026-09-28 15:03:00,565341213,ONE APUS,Cargo,Îles Marshall,Golfe de Gascogne,46.1519,-2.73523,15.2,109,En route au moteur,Marseille,214.2,16.2,0,Normale
2026-09-28 15:03:00,779064766,MEGA EXPRESS,Passagers,Russie,Méditerranée / Rade de Toulon,42.89716,6.29069,16.1,253,En route au moteur,Portsmouth,185.2,6.9,0,Normale
2026-09-28 15:03:00,737500247,L ARMAGNAC,Pêcheur,Panama,Golfe de Gascogne,44.87851,-3.17783,8.6,277,En route au moteur,Portsmouth,31.7,2.8,0,Normale
2026-09-28 15:03:00,565260635,OCEAN VOYAGER,Pêcheur,France,Manche / Pas-de-Calais,49.7173,0.49776,3.2,324,En route au moteur,Anvers,25.9,2.9,0,Normale
2026-09-28 15:04:00,779064766,MEGA EXPRESS,Passagers,Russie,Méditerranée / Rade de Toulon,42.88964,5.65263,16.7,96,En route au moteur,Portsmouth,185.2,6.9,0,Normale
2026-09-28 15:04:00,790907304,SMIT ROTTERDAM,Remorqueur,France,Manche / Pas-de-Calais,49.73203,-0.84371,10.0,11,Capacité de manœuvre restreinte,Marseille,37.3,6.5,0,Normale
2026-09-28 15:04:00,227822733,FS FORBIN,Militaire,Russie,Manche / Pas-de-Calais,50.66882,0.81747,0.2,39,Au mouillage,Marseille,136.8,6.4,0,Normale
2026-09-28 15:04:00,514797776,HAMBURG EXPRESS,Pétrolier,Grèce,Mer d Iroise / Brest,48.17911,-4.6892,0.3,239,Au mouillage,Marseille,316.1,15.6,0,Normale
2026-09-28 15:05:00,530190783,PONT AVEN,Passagers,Liberia,Manche / Pas-de-Calais,50.65551,0.15087,0.4,36,Au mouillage,Marseille,134.6,7.3,0,Normale
2026-09-28 15:05:00,745098869,LE CONQUERANT,Pétrolier,Chine,Mer d Iroise / Brest,48.24054,-4.66899,6.9,148,En route au moteur,Cherbourg,23.4,3.4,0,Normale
2026-09-28 15:06:00,453810544,VB CROISIC,Remorqueur,Panama,Méditerranée / Rade de Toulon,42.71348,5.83342,5.2,329,En route au moteur,Le Havre,53.3,5.2,0,Normale
2026-09-28 15:06:00,319540831,EVER GIVEN,Cargo,France,Mer d Iroise / Brest,48.16329,-5.06359,14.6,64,En route au moteur,Marseille,343.1,11.6,0,Normale
2026-09-28 15:06:00,736045484,TOTAL ENERGIES SPIRIT,Pétrolier,Singapour,Mer d Iroise / Brest,48.21958,-4.32752,14.5,99,En route au moteur,Anvers,310.4,16.8,0,Normale
2026-09-28 15:06:00,268747287,PASCAL PAOLI,Passagers,Malte,Mer d Iroise / Brest,48.42436,-4.85326,24.7,238,En route au moteur,Le Havre,131.7,6.6,0,Normale
2026-09-28 15:06:00,449817734,MAERSK MC-KINNEY,Cargo,Danemark,Méditerranée / Rade de Toulon,42.79971,5.81041,14.9,271,En route au moteur,Rotterdam,312.4,13.6,0,Normale
2026-09-28 15:06:00,227822733,FS FORBIN,Militaire,Russie,Manche / Pas-de-Calais,50.68084,1.0916,21.0,290,En route au moteur,Marseille,136.8,6.4,0,Normale
2026-09-28 15:07:00,514797776,HAMBURG EXPRESS,Cargo,Grèce,Mer d Iroise / Brest,48.10295,-4.52377,18.7,23,En route au moteur,Marseille,316.1,15.6,0,Normale
2026-09-28 15:07:00,514797776,HAMBURG EXPRESS,Cargo,Grèce,Mer d Iroise / Brest,48.53348,-4.41388,20.2,201,En route au moteur,Marseille,316.1,15.6,0,Normale
2026-09-28 15:07:00,514797776,HAMBURG EXPRESS,Cargo,Grèce,Mer d Iroise / Brest,48.47072,-4.96524,12.1,139,En route au moteur,Marseille,316.1,15.6,0,Normale
2026-09-28 15:07:00,299585092,COSCO SHIPPING GLORY,Pétrolier,Russie,Golfe de Gascogne,45.02697,-2.45571,15.9,140,En route au moteur,Le Havre,201.3,15.5,0,Normale
2026-09-28 15:08:00,790907304,SMIT ROTTERDAM,Remorqueur,France,Manche / Pas-de-Calais,49.62465,0.20074,6.3,219,En route au moteur,Marseille,37.3,6.5,0,Normale
2026-09-28 15:08:00,710330567,MONT ST MICHEL,Passagers,Danemark,Méditerranée / Rade de Toulon,43.04353,6.43,17.6,153,En route au moteur,Rotterdam,143.2,6.6,0,Normale
2026-09-28 15:08:00,308449460,FRONT ALTAIR,Pétrolier,Russie,Golfe de Gascogne,45.28903,-2.68904,13.2,330,En route au moteur,Brest,207.3,16.7,0,Normale
2026-09-28 15:08:00,227074441,FS CHEVALIER PAUL,Pétrolier,France,Manche / Pas-de-Calais,50.63325,-0.96973,17.7,354,En route au moteur,Le Havre,164.9,5.2,0,Normale
2026-09-28 15:08:00,227508993,FS DIXMUDE,Militaire,France,Méditerranée / Rade de Toulon,42.96625,5.64761,24.1,146,En route au moteur,Rotterdam,105.7,5.5,0,Normale
2026-09-28 15:09:00,693303705,ATLANTIC CONVEYOR,Cargo,Danemark,Manche / Pas-de-Calais,50.92246,-1.33143,12.7,244,En route au moteur,Cherbourg,207.5,16.0,0,Normale
2026-09-28 15:09:00,268747287,PASCAL PAOLI,Passagers,Malte,Mer d Iroise / Brest,48.53972,-4.92093,23.0,198,En route au moteur,Le Havre,131.7,6.6,0,Normale
2026-09-28 15:10:00,721828280,BARFLEUR,Passagers,France,Mer d Iroise / Brest,48.37376,-5.0319,23.2,176,En route au moteur,Brest,208.2,6.6,0,Normale
2026-09-28 15:10:00,628853029,PETIT JEAN,Pêcheur,Malte,Méditerranée / Rade de Toulon,43.10657,6.03238,8.8,288,En route au moteur,Marseille,23.9,5.0,0,Normale
2026-09-28 15:10:00,349926919,LA BELLE POULE,Pétrolier,Liberia,Méditerranée / Rade de Toulon,43.17631,6.45749,2.3,237,En route au moteur,Gênes,38.1,3.8,0,Normale
2026-09-28 15:11:00,565341213,ONE APUS,Cargo,Îles Marshall,Golfe de Gascogne,44.87427,-2.203,18.1,180,En route au moteur,Marseille,214.2,16.2,0,Normale
2026-09-28 15:11:00,652991960,ABEILLE FLANDRE,Remorqueur,Panama,Manche / Pas-de-Calais,50.67062,1.10722,11.8,337,En route au moteur,Dunkerque,47.5,4.6,0,Normale
2026-09-28 15:11:00,790907304,SMIT ROTTERDAM,Remorqueur,France,Manche / Pas-de-Calais,50.36589,0.77017,5.4,18,En route au moteur,Marseille,37.3,6.5,0,Normale
2026-09-28 15:11:00,227901393,FS AQUITAINE,Militaire,France,Golfe de Gascogne,46.08105,-2.92206,0.2,297,Au mouillage,Portsmouth,119.7,6.8,0,Normale
2026-09-28 15:11:00,349926919,LA BELLE POULE,Pétrolier,Liberia,Méditerranée / Rade de Toulon,42.98948,5.50628,0.5,243,Au mouillage,Gênes,38.1,3.8,0,Normale
2026-09-28 15:12:00,600957212,CORSICA VERA,Passagers,Royaume-Uni,Mer d Iroise / Brest,48.58773,-4.67309,15.3,255,En route au moteur,Rotterdam,202.0,6.4,0,Normale
2026-09-28 15:13:00,565260635,OCEAN VOYAGER,Pêcheur,France,Manche / Pas-de-Calais,49.72087,-1.00226,3.1,109,En route au moteur,Anvers,25.9,2.9,0,Normale
2026-09-28 15:13:00,628853029,PETIT JEAN,Pêcheur,Malte,Méditerranée / Rade de Toulon,43.06199,5.42718,7.4,263,En route au moteur,Marseille,23.9,5.0,0,Normale
2026-09-28 15:13:00,227074441,FS CHEVALIER PAUL,Pétrolier,France,Manche / Pas-de-Calais,49.64884,-0.35395,0.4,234,Au mouillage,Le Havre,164.9,5.2,0,Normale
2026-09-28 15:13:00,737500247,L ARMAGNAC,Pêcheur,Panama,Golfe de Gascogne,44.90997,-2.59093,3.9,45,En route au moteur,Portsmouth,31.7,2.8,0,Normale
2026-09-28 15:13:00,790907304,SMIT ROTTERDAM,Remorqueur,France,Manche / Pas-de-Calais,50.09638,-0.76073,13.3,128,Capacité de manœuvre restreinte,Marseille,37.3,6.5,0,Normale
2026-09-28 15:13:00,249203558,TI EUROPE,Pétrolier,Grèce,Manche / Pas-de-Calais,50.12278,-1.27142,0.5,336,Au mouillage,Rotterdam,198.7,13.6,0,Normale
2026-09-28 15:13:00,308449460,FRONT ALTAIR,Pétrolier,Russie,Golfe de Gascogne,47.06126,-2.7368,0.1,205,Au mouillage,Brest,207.3,16.7,0,Normale
2026-09-28 15:13:00,565260635,OCEAN VOYAGER,Pêcheur,France,Manche / Pas-de-Calais,50.13561,1.6617,8.0,359,En route au moteur,Anvers,25.9,2.9,0,Normale
2026-09-28 15:14:00,565341213,ONE APUS,Cargo,Îles Marshall,Golfe de Gascogne,47.1859,-1.957,20.4,16,En route au moteur,Marseille,214.2,16.2,0,Normale
2026-09-28 15:14:00,652991960,ABEILLE FLANDRE,Remorqueur,Panama,Manche / Pas-de-Calais,50.62607,-0.83238,11.2,268,En route au moteur,Dunkerque,47.5,4.6,0,Normale
2026-09-28 15:14:00,710330567,MONT ST MICHEL,Passagers,Danemark,Méditerranée / Rade de Toulon,43.12584,6.48624,21.9,106,En route au moteur,Rotterdam,143.2,6.6,0,Normale
2026-09-28 15:15:00,597478786,NORDIC FREEDOM,Pétrolier,Malte,Manche / Pas-de-Calais,50.25381,-0.55941,13.4,324,En route au moteur,Gênes,195.6,13.4,0,Normale
2026-09-28 15:15:00,349926919,LA BELLE POULE,Pétrolier,Liberia,Méditerranée / Rade de Toulon,42.84791,6.02819,3.9,137,En route au moteur,Gênes,38.1,3.8,0,Normale
2026-09-28 15:16:00,710330567,MONT ST MICHEL,Passagers,Danemark,Méditerranée / Rade de Toulon,42.71838,6.46527,23.9,304,En route au moteur,Rotterdam,143.2,6.6,0,Normale
2026-09-28 15:16:00,710330567,MONT ST MICHEL,Passagers,Danemark,Méditerranée / Rade de Toulon,42.96852,5.50114,17.3,169,En route au moteur,Rotterdam,143.2,6.6,0,Normale
2026-09-28 15:16:00,565341213,ONE APUS,Cargo,Îles Marshall,Golfe de Gascogne,45.92835,-3.73874,0.4,6,Au mouillage,Marseille,214.2,16.2,0,Normale
2026-09-28 15:16:00,628853029,PETIT JEAN,Pêcheur,Russie,Méditerranée / Rade de Toulon,42.80293,6.17578,0.4,112,Au mouillage,Marseille,23.9,5.0,0,Normale
2026-09-28 15:17:00,227074441,FS CHEVALIER PAUL,Pétrolier,France,Manche / Pas-de-Calais,50.77215,-0.36469,17.1,138,En route au moteur,Le Havre,164.9,5.2,0,Normale
2026-09-28 15:18:00,308449460,FRONT ALTAIR,Pétrolier,Singapour,Golfe de Gascogne,44.88647,-3.31388,12.1,21,En route au moteur,Brest,207.3,16.7,0,Normale
2026-09-28 15:18:00,652991960,ABEILLE FLANDRE,Remorqueur,Panama,Manche / Pas-de-Calais,49.86989,1.03314,11.5,107,En route au moteur,Dunkerque,47.5,4.6,0,Normale
2026-09-28 15:19:00,600957212,CORSICA VERA,Passagers,Royaume-Uni,Mer d Iroise / Brest,48.20927,-4.75988,22.2,126,En route au moteur,Rotterdam,202.0,6.4,0,Normale
2026-09-28 15:19:00,745098869,LE CONQUERANT,Pétrolier,Chine,Mer d Iroise / Brest,48.28767,-4.43695,6.0,351,En route au moteur,Cherbourg,23.4,3.4,0,Normale
2026-09-28 15:19:00,564323393,ABEILLE BOURBON,Remorqueur,Russie,Méditerranée / Rade de Toulon,43.08139,5.68679,7.6,11,En route au moteur,Brest,46.2,4.5,0,Normale
2026-09-28 15:20:00,268212356,MARIE-JEANNE,Pêcheur,Singapour,Golfe de Gascogne,46.05276,-2.51497,3.1,71,En route au moteur,Cherbourg,28.3,5.0,0,Normale
2026-09-28 15:20:00,565260635,OCEAN VOYAGER,Pêcheur,France,Manche / Pas-de-Calais,49.61587,-1.47203,4.9,268,En route au moteur,Anvers,25.9,2.9,0,Normale
2026-09-28 15:20:00,234467368,SEAWAYS KILIMANJARO,Pétrolier,Malte,Golfe de Gascogne,46.76023,-3.40894,14.6,31,En route au moteur,Rotterdam,228.2,11.6,0,Normale
2026-09-28 15:20:00,249203558,TI EUROPE,Pétrolier,Grèce,Manche / Pas-de-Calais,50.22722,-1.46945,15.0,346,En route au moteur,Rotterdam,198.7,13.6,0,Normale
2026-09-28 15:21:00,349926919,LA BELLE POULE,Pétrolier,Liberia,Méditerranée / Rade de Toulon,42.77751,6.49195,3.6,355,En route au moteur,Gênes,38.1,3.8,0,Normale
2026-09-28 15:22:00,299585092,COSCO SHIPPING GLORY,Cargo,Singapour,Golfe de Gascogne,45.48279,-2.20856,0.2,141,Au mouillage,Le Havre,201.3,15.5,0,Normale
2026-09-28 15:23:00,721828280,BARFLEUR,Passagers,France,Mer d Iroise / Brest,48.11835,-5.02955,16.3,206,En route au moteur,Brest,208.2,6.6,0,Normale
2026-09-28 15:23:00,600957212,CORSICA VERA,Passagers,Royaume-Uni,Mer d Iroise / Brest,48.23986,-4.30873,16.3,49,En route au moteur,Rotterdam,202.0,6.4,0,Normale
2026-09-28 15:23:00,383758720,ENERGY TRIUMPH,Pétrolier,Danemark,Méditerranée / Rade de Toulon,42.90078,5.77126,15.0,226,En route au moteur,Anvers,284.0,12.5,0,Normale
2026-09-28 15:23:00,227901393,FS AQUITAINE,Militaire,France,Golfe de Gascogne,45.98936,-2.56383,24.0,204,En route au moteur,Portsmouth,119.7,6.8,0,Normale
2026-09-28 15:23:00,710330567,MONT ST MICHEL,Passagers,Danemark,Manche / Pas-de-Calais,50.85,1.35,0.2,286,En route au moteur,Rotterdam,143.2,6.6,1,Arret anormal en plein chenal de navigation
2026-09-28 15:23:00,721828280,BARFLEUR,Passagers,France,Mer d Iroise / Brest,48.30426,-4.49898,21.6,163,En route au moteur,Brest,208.2,6.6,0,Normale
2026-09-28 15:24:00,212327652,CAP FINISTERE,Pêcheur,Grèce,Golfe de Gascogne,44.83282,-3.22082,7.9,58,En route au moteur,Portsmouth,37.5,4.2,0,Normale
2026-09-28 15:24:00,227901393,FS AQUITAINE,Militaire,France,Golfe de Gascogne,45.16992,-3.52049,17.2,49,En route au moteur,Portsmouth,119.7,6.8,0,Normale
2026-09-28 15:24:00,227690993,FS SOMME,Militaire,France,Méditerranée / Rade de Toulon,42.99731,6.33459,14.0,4,En route au moteur,Le Havre,131.7,6.5,0,Normale
2026-09-28 15:24:00,798020238,PACIFIC JEWEL,Pétrolier,Liberia,Manche / Pas-de-Calais,49.90259,1.56637,10.4,291,En route au moteur,Rotterdam,276.4,18.6,0,Normale
2026-09-28 15:24:00,453810544,VB CROISIC,Remorqueur,Panama,Méditerranée / Rade de Toulon,42.85701,5.47045,11.9,141,En route au moteur,Le Havre,53.3,5.2,0,Normale
2026-09-28 15:25:00,530190783,PONT AVEN,Passagers,Liberia,Manche / Pas-de-Calais,50.367,-0.863,0.2,122,Au mouillage,Marseille,134.6,7.3,0,Normale
2026-09-28 15:26:00,299585092,COSCO SHIPPING GLORY,Cargo,Singapour,Golfe de Gascogne,45.89619,-3.31459,19.1,318,En route au moteur,Le Havre,201.3,15.5,0,Normale
2026-09-28 15:26:00,769462919,ARMORIQUE,Passagers,France,Manche / Pas-de-Calais,49.84751,-0.69597,16.5,323,En route au moteur,Saint-Nazaire,177.9,6.5,0,Normale
2026-09-28 15:26:00,308449460,FRONT ALTAIR,Pétrolier,Russie,Golfe de Gascogne,46.54396,-3.5825,12.3,192,En route au moteur,Brest,207.3,16.7,0,Normale
2026-09-28 15:26:00,693303705,ATLANTIC CONVEYOR,Cargo,Danemark,Manche / Pas-de-Calais,50.18217,0.88028,19.7,273,En route au moteur,Cherbourg,207.5,16.0,0,Normale
2026-09-28 15:26:00,449817734,MAERSK MC-KINNEY,Cargo,Danemark,Méditerranée / Rade de Toulon,43.05868,5.46689,14.3,131,En route au moteur,Rotterdam,312.4,13.6,0,Normale
2026-09-28 15:27:00,737500247,L ARMAGNAC,Pêcheur,Panama,Golfe de Gascogne,45.39031,-3.72963,3.8,51,En route au moteur,Portsmouth,31.7,2.8,0,Normale
2026-09-28 15:27:00,268212356,MARIE-JEANNE,Pêcheur,Singapour,Golfe de Gascogne,47.03101,-2.25997,8.6,346,En route au moteur,Cherbourg,28.3,5.0,0,Normale
2026-09-28 15:28:00,785582861,CMA CGM ANTOINE,Cargo,France,Manche / Pas-de-Calais,50.85,1.35,0.2,184,En route au moteur,Rotterdam,309.9,10.2,1,Arret anormal en plein chenal de navigation
2026-09-28 15:28:00,227508993,FS DIXMUDE,Militaire,France,Méditerranée / Rade de Toulon,43.12933,6.49203,13.7,358,En route au moteur,Rotterdam,105.7,5.5,0,Normale
2026-09-28 15:29:00,565260635,OCEAN VOYAGER,Pêcheur,France,Manche / Pas-de-Calais,50.57418,1.11502,4.8,211,En route au moteur,Anvers,25.9,2.9,0,Normale
2026-09-28 15:29:00,710330567,MONT ST MICHEL,Passagers,Danemark,Méditerranée / Rade de Toulon,43.14763,6.17363,20.9,332,En route au moteur,Rotterdam,143.2,6.6,0,Normale
2026-09-28 15:30:00,721828280,BARFLEUR,Passagers,France,Mer d Iroise / Brest,48.28289,-4.46745,20.9,232,En route au moteur,Brest,208.2,6.6,0,Normale
2026-09-28 15:30:00,449817734,MAERSK MC-KINNEY,Cargo,Danemark,Méditerranée / Rade de Toulon,42.97455,6.3085,20.7,326,En route au moteur,Rotterdam,312.4,13.6,0,Normale
2026-09-28 15:30:00,449817734,MAERSK MC-KINNEY,Cargo,Danemark,Méditerranée / Rade de Toulon,42.83375,5.5663,16.6,342,En route au moteur,Rotterdam,312.4,13.6,0,Normale
2026-09-28 15:31:00,745098869,LE CONQUERANT,Pétrolier,Chine,Mer d Iroise / Brest,48.51777,-4.9061,8.0,355,En route au moteur,Cherbourg,23.4,3.4,0,Normale
2026-09-28 15:31:00,514797776,HAMBURG EXPRESS,Cargo,Grèce,Mer d Iroise / Brest,48.54988,-4.57833,19.8,238,En route au moteur,Marseille,316.1,15.6,0,Normale
2026-09-28 15:31:00,565260635,OCEAN VOYAGER,Pêcheur,France,Manche / Pas-de-Calais,50.43996,-0.84181,5.5,140,En route au moteur,Anvers,25.9,2.9,0,Normale
2026-09-28 15:31:00,234467368,SEAWAYS KILIMANJARO,Pétrolier,Malte,Golfe de Gascogne,46.64994,-2.88653,12.0,178,En route au moteur,Rotterdam,228.2,11.6,0,Normale
2026-09-28 15:32:00,600957212,CORSICA VERA,Passagers,Royaume-Uni,Mer d Iroise / Brest,48.24736,-4.54237,17.1,178,En route au moteur,Rotterdam,202.0,6.4,0,Normale
2026-09-28 15:32:00,453810544,VB CROISIC,Remorqueur,Panama,Méditerranée / Rade de Toulon,43.12671,6.28176,10.6,36,En route au moteur,Le Havre,53.3,5.2,0,Normale
2026-09-28 15:34:00,565260635,OCEAN VOYAGER,Pêcheur,France,Manche / Pas-de-Calais,50.32616,-0.21693,7.5,147,En route au moteur,Anvers,25.9,2.9,0,Normale
2026-09-28 15:35:00,745098869,LE CONQUERANT,Pétrolier,Chine,Mer d Iroise / Brest,48.34018,-4.64349,4.9,273,En route au moteur,Cherbourg,23.4,3.4,0,Normale
2026-09-28 15:35:00,736045484,TOTAL ENERGIES SPIRIT,Pétrolier,Singapour,Mer d Iroise / Brest,48.13312,-4.87311,11.1,287,En route au moteur,Anvers,310.4,16.8,0,Normale
2026-09-28 15:35:00,682334538,MSC OSCAR,Cargo,Chine,Mer d Iroise / Brest,48.4859,-4.89072,15.5,226,En route au moteur,Toulon,241.2,15.7,0,Normale
2026-09-28 15:36:00,449817734,MAERSK MC-KINNEY,Cargo,Danemark,Méditerranée / Rade de Toulon,43.1918,6.14522,18.8,220,En route au moteur,Rotterdam,312.4,13.6,0,Normale
2026-09-28 15:37:00,250590821,LE MORGAT,Pêcheur,France,Méditerranée / Rade de Toulon,42.73082,6.22746,2.6,176,En route au moteur,Gênes,22.1,2.9,0,Normale
2026-09-28 15:37:00,769462919,ARMORIQUE,Passagers,France,Manche / Pas-de-Calais,50.14409,-0.53898,16.7,324,Capacité de manœuvre restreinte,Saint-Nazaire,177.9,6.5,0,Normale
2026-09-28 15:38:00,308449460,FRONT ALTAIR,Pétrolier,Russie,Golfe de Gascogne,46.54851,-1.9865,10.6,245,En route au moteur,Brest,207.3,16.7,0,Normale
2026-09-28 15:39:00,308449460,FRONT ALTAIR,Pétrolier,Singapour,Golfe de Gascogne,46.37763,-4.03299,14.9,46,En route au moteur,Brest,207.3,16.7,0,Normale
2026-09-28 15:39:00,449817734,MAERSK MC-KINNEY,Cargo,Danemark,Méditerranée / Rade de Toulon,42.7304,6.46972,19.3,253,En route au moteur,Rotterdam,312.4,13.6,0,Normale
2026-09-28 15:39:00,785582861,CMA CGM ANTOINE,Cargo,France,Manche / Pas-de-Calais,50.25581,-1.39412,19.2,275,En route au moteur,Rotterdam,309.9,10.2,0,Normale
2026-09-28 15:40:00,564323393,ABEILLE BOURBON,Remorqueur,Russie,Méditerranée / Rade de Toulon,42.88225,5.74797,5.0,126,En route au moteur,Brest,46.2,4.5,0,Normale
2026-09-28 15:40:00,600957212,CORSICA VERA,Pétrolier,Russie,Mer d Iroise / Brest,48.36147,-4.90425,17.0,333,En route au moteur,Rotterdam,202.0,6.4,0,Normale
2026-09-28 15:41:00,779064766,MEGA EXPRESS,Passagers,Russie,Méditerranée / Rade de Toulon,42.95738,5.86329,20.2,11,En route au moteur,Portsmouth,185.2,6.9,0,Normale
2026-09-28 15:41:00,227690993,FS SOMME,Militaire,France,Méditerranée / Rade de Toulon,42.72289,6.28194,0.1,29,Au mouillage,Le Havre,131.7,6.5,0,Normale
2026-09-28 15:41:00,798020238,PACIFIC JEWEL,Pétrolier,Liberia,Manche / Pas-de-Calais,50.72778,-1.07136,14.8,46,En route au moteur,Rotterdam,276.4,18.6,0,Normale
2026-09-28 15:42:00,721828280,BARFLEUR,Passagers,France,Mer d Iroise / Brest,48.55894,-4.51259,23.7,88,En route au moteur,Brest,208.2,6.6,0,Normale
2026-09-28 15:42:00,319540831,EVER GIVEN,Cargo,France,Mer d Iroise / Brest,48.51553,-4.7668,16.2,71,En route au moteur,Marseille,343.1,11.6,0,Normale
2026-09-28 15:42:00,227690993,FS SOMME,Militaire,France,Méditerranée / Rade de Toulon,42.80533,6.17241,25.0,147,En route au moteur,Le Havre,131.7,6.5,0,Normale
2026-09-28 15:42:00,212327652,CAP FINISTERE,Pêcheur,Grèce,Golfe de Gascogne,44.82305,-3.16859,0.4,226,Au mouillage,Portsmouth,37.5,4.2,0,Normale
2026-09-28 15:42:00,798020238,PACIFIC JEWEL,Pétrolier,Liberia,Manche / Pas-de-Calais,49.8919,1.3829,13.1,237,En route au moteur,Rotterdam,276.4,18.6,0,Normale
2026-09-28 15:43:00,268747287,PASCAL PAOLI,Passagers,Malte,Mer d Iroise / Brest,48.40517,-4.79681,24.4,93,En route au moteur,Le Havre,131.7,6.6,0,Normale
2026-09-28 15:43:00,349926919,LA BELLE POULE,Pêcheur,Liberia,Méditerranée / Rade de Toulon,43.01266,5.59679,4.9,54,En route au moteur,Gênes,38.1,3.8,0,Normale
2026-09-28 15:43:00,736045484,TOTAL ENERGIES SPIRIT,Pétrolier,Singapour,Mer d Iroise / Brest,48.51391,-4.3106,11.2,208,Capacité de manœuvre restreinte,Anvers,310.4,16.8,0,Normale
2026-09-28 15:44:00,227706073,FS JACQUES CHEVALLIER,Militaire,France,Manche / Pas-de-Calais,50.98888,-0.98944,17.7,70,En route au moteur,Toulon,158.4,7.3,0,Normale
2026-09-28 15:44:00,268747287,PASCAL PAOLI,Passagers,Malte,Mer d Iroise / Brest,48.47364,-5.08047,23.5,207,En route au moteur,Le Havre,131.7,6.6,0,Normale
2026-09-28 15:44:00,790907304,SMIT ROTTERDAM,Remorqueur,France,Manche / Pas-de-Calais,50.69822,1.62011,7.2,291,En route au moteur,Marseille,37.3,6.5,0,Normale
2026-09-28 15:45:00,530190783,PONT AVEN,Passagers,Liberia,Manche / Pas-de-Calais,50.13844,-0.52362,15.2,337,En route au moteur,Marseille,134.6,7.3,0,Normale
2026-09-28 15:45:00,600957212,CORSICA VERA,Passagers,Royaume-Uni,Mer d Iroise / Brest,48.42592,-4.84278,16.7,31,En route au moteur,Rotterdam,202.0,6.4,0,Normale
2026-09-28 15:45:00,628853029,PETIT JEAN,Pêcheur,Russie,Méditerranée / Rade de Toulon,42.95094,6.18029,3.1,47,En route au moteur,Marseille,23.9,5.0,0,Normale
2026-09-28 15:46:00,514797776,HAMBURG EXPRESS,Cargo,Grèce,Mer d Iroise / Brest,48.28387,-4.41734,17.2,0,Capacité de manœuvre restreinte,Marseille,316.1,15.6,0,Normale
2026-09-28 15:47:00,250590821,LE MORGAT,Pêcheur,France,Méditerranée / Rade de Toulon,42.81308,5.87202,7.4,318,En route au moteur,Gênes,22.1,2.9,0,Normale
2026-09-28 15:47:00,721828280,BARFLEUR,Passagers,France,Mer d Iroise / Brest,48.45046,-4.55172,0.2,242,Au mouillage,Brest,208.2,6.6,0,Normale
2026-09-28 15:48:00,308449460,FRONT ALTAIR,Pétrolier,Russie,Golfe de Gascogne,44.93874,-2.68414,13.3,266,En route au moteur,Brest,207.3,16.7,0,Normale
2026-09-28 15:48:00,250590821,LE MORGAT,Pétrolier,France,Méditerranée / Rade de Toulon,43.13979,5.7458,3.2,147,En route au moteur,Gênes,22.1,2.9,0,Normale
2026-09-28 15:48:00,721828280,BARFLEUR,Passagers,France,Mer d Iroise / Brest,48.24691,-4.60105,15.1,165,En route au moteur,Brest,208.2,6.6,0,Normale
2026-09-28 15:48:00,798020238,PACIFIC JEWEL,Pétrolier,Liberia,Manche / Pas-de-Calais,50.98803,1.4477,12.9,96,En route au moteur,Rotterdam,276.4,18.6,0,Normale
2026-09-28 15:49:00,790907304,SMIT ROTTERDAM,Remorqueur,France,Manche / Pas-de-Calais,50.35709,-0.76712,8.5,67,En route au moteur,Marseille,37.3,6.5,0,Normale
2026-09-28 15:49:00,383758720,ENERGY TRIUMPH,Pétrolier,Danemark,Méditerranée / Rade de Toulon,43.05425,5.95768,11.3,357,En route au moteur,Anvers,284.0,12.5,0,Normale
2026-09-28 15:49:00,693303705,ATLANTIC CONVEYOR,Cargo,Danemark,Manche / Pas-de-Calais,49.74237,1.69021,17.2,309,En route au moteur,Cherbourg,207.5,16.0,0,Normale
2026-09-28 15:50:00,565341213,ONE APUS,Cargo,Îles Marshall,Golfe de Gascogne,46.31067,-4.07134,17.1,155,En route au moteur,Marseille,214.2,16.2,0,Normale
2026-09-28 15:50:00,250590821,LE MORGAT,Pêcheur,France,Méditerranée / Rade de Toulon,42.72012,6.2319,6.6,142,En route au moteur,Gênes,22.1,2.9,0,Normale
2026-09-28 15:50:00,227822733,FS FORBIN,Militaire,Russie,Manche / Pas-de-Calais,50.68566,-0.76085,26.0,265,Capacité de manœuvre restreinte,Marseille,136.8,6.4,0,Normale
2026-09-28 15:50:00,376777762,VB PROVENCE,Remorqueur,Singapour,Méditerranée / Rade de Toulon,42.87898,5.90459,12.9,85,En route au moteur,Anvers,35.1,5.0,0,Normale
2026-09-28 15:51:00,514797776,HAMBURG EXPRESS,Cargo,Grèce,Mer d Iroise / Brest,48.31373,-4.51863,14.9,65,En route au moteur,Marseille,316.1,15.6,0,Normale
2026-09-28 15:51:00,234467368,SEAWAYS KILIMANJARO,Pétrolier,Malte,Golfe de Gascogne,45.90683,-3.61189,14.9,90,En route au moteur,Rotterdam,228.2,11.6,0,Normale
2026-09-28 15:52:00,349926919,LA BELLE POULE,Pêcheur,Liberia,Méditerranée / Rade de Toulon,42.99726,6.08132,6.1,267,En route au moteur,Gênes,38.1,3.8,0,Normale
2026-09-28 15:52:00,299585092,COSCO SHIPPING GLORY,Cargo,Singapour,Golfe de Gascogne,45.02736,-3.39159,19.2,243,En route au moteur,Le Havre,201.3,15.5,0,Normale
2026-09-28 15:52:00,600957212,CORSICA VERA,Passagers,Royaume-Uni,Mer d Iroise / Brest,48.16241,-4.32038,0.2,355,Au mouillage,Rotterdam,202.0,6.4,0,Normale
2026-09-28 15:52:00,227508993,FS DIXMUDE,Militaire,France,Méditerranée / Rade de Toulon,43.06226,5.53387,13.9,250,En route au moteur,Rotterdam,105.7,5.5,0,Normale
2026-09-28 15:54:00,383758720,ENERGY TRIUMPH,Pétrolier,Danemark,Méditerranée / Rade de Toulon,43.18127,5.69201,12.2,160,En route au moteur,Anvers,284.0,12.5,0,Normale
2026-09-28 15:54:00,652991960,ABEILLE FLANDRE,Remorqueur,Panama,Manche / Pas-de-Calais,51.01645,-1.26499,0.3,348,Au mouillage,Dunkerque,47.5,4.6,0,Normale
2026-09-28 15:55:00,565260635,OCEAN VOYAGER,Pêcheur,France,Manche / Pas-de-Calais,49.60371,1.05465,7.1,234,En route au moteur,Anvers,25.9,2.9,0,Normale
2026-09-28 15:55:00,597478786,NORDIC FREEDOM,Pétrolier,Malte,Manche / Pas-de-Calais,49.68777,-0.44505,0.1,83,Au mouillage,Gênes,195.6,13.4,0,Normale
2026-09-28 15:57:00,682334538,MSC OSCAR,Cargo,Chine,Mer d Iroise / Brest,48.34022,-4.68061,19.0,194,En route au moteur,Toulon,241.2,15.7,0,Normale
2026-09-28 15:57:00,234467368,SEAWAYS KILIMANJARO,Pétrolier,Malte,Golfe de Gascogne,45.97319,-2.04267,10.3,67,En route au moteur,Rotterdam,228.2,11.6,0,Normale
2026-09-28 15:57:00,249203558,TI EUROPE,Pétrolier,Grèce,Manche / Pas-de-Calais,50.29104,-1.08325,0.4,211,Au mouillage,Rotterdam,198.7,13.6,0,Normale
2026-09-28 15:58:00,530190783,PONT AVEN,Passagers,Liberia,Manche / Pas-de-Calais,51.01909,-1.43554,0.3,244,Au mouillage,Marseille,134.6,7.3,0,Normale
2026-09-28 15:58:00,249203558,TI EUROPE,Pétrolier,Grèce,Manche / Pas-de-Calais,49.76346,-1.15133,11.6,61,En route au moteur,Rotterdam,198.7,13.6,0,Normale
2026-09-28 15:58:00,737500247,L ARMAGNAC,Pêcheur,Panama,Golfe de Gascogne,46.56937,-2.26598,8.5,111,En route au moteur,Portsmouth,31.7,2.8,0,Normale
2026-09-28 15:59:00,383758720,ENERGY TRIUMPH,Pétrolier,Danemark,Méditerranée / Rade de Toulon,42.91794,6.29567,12.4,209,Capacité de manœuvre restreinte,Anvers,284.0,12.5,0,Normale
2026-09-28 16:00:00,652991960,ABEILLE FLANDRE,Remorqueur,Panama,Manche / Pas-de-Calais,49.98823,1.18207,5.6,330,En route au moteur,Dunkerque,47.5,4.6,0,Normale
2026-09-28 16:00:00,785582861,CMA CGM ANTOINE,Cargo,France,Manche / Pas-de-Calais,50.45947,0.38968,18.7,303,En route au moteur,Rotterdam,309.9,10.2,0,Normale
2026-09-28 16:00:00,319540831,EVER GIVEN,Cargo,Russie,Mer d Iroise / Brest,48.2552,-5.02471,14.3,6,En route au moteur,Marseille,343.1,11.6,0,Normale
2026-09-28 16:01:00,710330567,MONT ST MICHEL,Passagers,Danemark,Méditerranée / Rade de Toulon,43.07113,5.56998,16.1,250,En route au moteur,Rotterdam,143.2,6.6,0,Normale
2026-09-28 16:01:00,721828280,BARFLEUR,Passagers,France,Mer d Iroise / Brest,48.15712,-4.81841,16.9,344,En route au moteur,Brest,208.2,6.6,0,Normale
2026-09-28 16:01:00,453810544,VB CROISIC,Remorqueur,Panama,Méditerranée / Rade de Toulon,42.96128,5.86155,6.3,301,En route au moteur,Le Havre,53.3,5.2,0,Normale
2026-09-28 16:01:00,249203558,TI EUROPE,Pétrolier,Grèce,Manche / Pas-de-Calais,50.4969,-1.02599,14.9,268,En route au moteur,Rotterdam,198.7,13.6,0,Normale
2026-09-28 16:01:00,234467368,SEAWAYS KILIMANJARO,Pétrolier,Malte,Golfe de Gascogne,46.96282,-3.75652,10.5,142,En route au moteur,Rotterdam,228.2,11.6,0,Normale
2026-09-28 16:01:00,453810544,VB CROISIC,Remorqueur,Panama,Méditerranée / Rade de Toulon,42.79455,5.98902,7.9,27,En route au moteur,Le Havre,53.3,5.2,0,Normale
2026-09-28 16:02:00,349926919,LA BELLE POULE,Pêcheur,Liberia,Méditerranée / Rade de Toulon,42.86189,5.59167,7.2,269,En route au moteur,Gênes,38.1,3.8,0,Normale
2026-09-28 16:02:00,565260635,OCEAN VOYAGER,Pêcheur,France,Manche / Pas-de-Calais,51.03279,-0.35129,4.8,23,En route au moteur,Anvers,25.9,2.9,0,Normale
2026-09-28 16:02:00,250590821,LE MORGAT,Pétrolier,France,Méditerranée / Rade de Toulon,42.89209,6.3099,4.0,312,En route au moteur,Gênes,22.1,2.9,0,Normale
2026-09-28 16:03:00,383758720,ENERGY TRIUMPH,Pétrolier,Danemark,Méditerranée / Rade de Toulon,43.15817,6.43028,14.5,303,En route au moteur,Anvers,284.0,12.5,0,Normale
2026-09-28 16:03:00,798020238,PACIFIC JEWEL,Pétrolier,Liberia,Manche / Pas-de-Calais,50.80865,0.52756,10.0,208,En route au moteur,Rotterdam,276.4,18.6,0,Normale
2026-09-28 16:04:00,721828280,BARFLEUR,Passagers,France,Mer d Iroise / Brest,48.20638,-5.07067,24.8,276,En route au moteur,Brest,208.2,6.6,0,Normale
2026-09-28 16:05:00,383758720,ENERGY TRIUMPH,Pétrolier,Danemark,Méditerranée / Rade de Toulon,43.06948,6.12507,10.9,358,En route au moteur,Anvers,284.0,12.5,0,Normale
2026-09-28 16:05:00,308449460,FRONT ALTAIR,Pétrolier,Russie,Golfe de Gascogne,44.86128,-2.73831,0.3,260,Au mouillage,Brest,207.3,16.7,0,Normale
2026-09-28 16:06:00,600957212,CORSICA VERA,Passagers,Royaume-Uni,Mer d Iroise / Brest,48.31478,-5.09644,18.1,32,En route au moteur,Rotterdam,202.0,6.4,0,Normale
2026-09-28 16:06:00,600957212,CORSICA VERA,Passagers,Royaume-Uni,Mer d Iroise / Brest,48.38988,-4.76475,24.9,117,En route au moteur,Rotterdam,202.0,6.4,0,Normale
2026-09-28 16:07:00,449817734,MAERSK MC-KINNEY,Cargo,Danemark,Méditerranée / Rade de Toulon,42.78672,5.46954,18.8,86,En route au moteur,Rotterdam,312.4,13.6,0,Normale
2026-09-28 16:07:00,737500247,L ARMAGNAC,Pêcheur,Panama,Golfe de Gascogne,45.84117,-3.84344,3.7,60,En route au moteur,Portsmouth,31.7,2.8,0,Normale
2026-09-28 16:08:00,453810544,VB CROISIC,Remorqueur,Panama,Méditerranée / Rade de Toulon,42.95353,5.90898,12.1,21,En route au moteur,Le Havre,53.3,5.2,0,Normale
2026-09-28 16:08:00,737500247,L ARMAGNAC,Pêcheur,Panama,Golfe de Gascogne,47.16466,-2.05626,5.0,334,En route au moteur,Portsmouth,31.7,2.8,0,Normale
2026-09-28 16:08:00,227074441,FS CHEVALIER PAUL,Pétrolier,France,Manche / Pas-de-Calais,50.90572,-1.40039,13.3,39,En route au moteur,Le Havre,164.9,5.2,0,Normale
2026-09-28 16:09:00,308449460,FRONT ALTAIR,Pétrolier,Russie,Golfe de Gascogne,45.41893,-2.01407,0.0,198,Au mouillage,Brest,207.3,16.7,0,Normale
2026-09-28 16:09:00,227901393,FS AQUITAINE,Militaire,France,Golfe de Gascogne,46.71802,-3.67063,0.2,347,Au mouillage,Portsmouth,119.7,6.8,0,Normale
2026-09-28 16:10:00,564323393,ABEILLE BOURBON,Remorqueur,Russie,Méditerranée / Rade de Toulon,42.74248,5.45787,10.6,345,En route au moteur,Brest,46.2,4.5,0,Normale
2026-09-28 16:10:00,652991960,ABEILLE FLANDRE,Remorqueur,Panama,Manche / Pas-de-Calais,50.29436,0.33179,0.1,207,Au mouillage,Dunkerque,47.5,4.6,0,Normale
2026-09-28 16:10:00,449817734,MAERSK MC-KINNEY,Cargo,Danemark,Méditerranée / Rade de Toulon,42.75584,6.20509,15.6,89,En route au moteur,Rotterdam,312.4,13.6,0,Normale
2026-09-28 16:11:00,779064766,MEGA EXPRESS,Passagers,Russie,Méditerranée / Rade de Toulon,42.82811,5.50481,18.7,120,En route au moteur,Portsmouth,185.2,6.9,0,Normale
2026-09-28 16:11:00,212327652,CAP FINISTERE,Pêcheur,Grèce,Golfe de Gascogne,45.54577,-2.84662,4.3,296,En route au moteur,Portsmouth,37.5,4.2,0,Normale
2026-09-28 16:12:00,565341213,ONE APUS,Cargo,Îles Marshall,Golfe de Gascogne,45.06099,-2.24624,15.4,253,En route au moteur,Marseille,214.2,16.2,0,Normale
2026-09-28 16:12:00,785582861,CMA CGM ANTOINE,Cargo,France,Manche / Pas-de-Calais,50.95381,1.66753,19.2,3,En route au moteur,Rotterdam,309.9,10.2,0,Normale
2026-09-28 16:12:00,721828280,BARFLEUR,Passagers,France,Mer d Iroise / Brest,48.27856,-4.71523,16.2,147,En route au moteur,Brest,208.2,6.6,0,Normale
2026-09-28 16:13:00,565341213,ONE APUS,Cargo,Îles Marshall,Golfe de Gascogne,46.58936,-2.80544,19.8,321,En route au moteur,Marseille,214.2,16.2,0,Normale
2026-09-28 16:13:00,682334538,MSC OSCAR,Cargo,Chine,Mer d Iroise / Brest,48.44319,-4.89814,14.7,12,En route au moteur,Toulon,241.2,15.7,0,Normale
2026-09-28 16:13:00,790907304,SMIT ROTTERDAM,Remorqueur,France,Manche / Pas-de-Calais,50.89763,-0.70373,0.2,359,Au mouillage,Marseille,37.3,6.5,0,Normale
2026-09-28 16:14:00,268747287,PASCAL PAOLI,Passagers,Malte,Mer d Iroise / Brest,48.44621,-4.41839,18.7,153,En route au moteur,Le Havre,131.7,6.6,0,Normale
2026-09-28 16:14:00,227822733,FS FORBIN,Militaire,Russie,Manche / Pas-de-Calais,50.07621,-0.93764,18.9,284,En route au moteur,Marseille,136.8,6.4,0,Normale
2026-09-28 16:14:00,453810544,VB CROISIC,Remorqueur,Panama,Méditerranée / Rade de Toulon,42.97324,5.57423,13.3,98,En route au moteur,Le Havre,53.3,5.2,0,Normale
2026-09-28 16:14:00,308449460,FRONT ALTAIR,Pétrolier,Russie,Golfe de Gascogne,45.698,-3.77537,14.2,90,En route au moteur,Brest,207.3,16.7,0,Normale
2026-09-28 16:15:00,710330567,MONT ST MICHEL,Passagers,Danemark,Méditerranée / Rade de Toulon,42.77136,6.04091,21.9,261,En route au moteur,Rotterdam,143.2,6.6,0,Normale
2026-09-28 16:15:00,530190783,PONT AVEN,Passagers,Liberia,Manche / Pas-de-Calais,50.13695,-0.91528,22.7,4,En route au moteur,Marseille,134.6,7.3,0,Normale
2026-09-28 16:16:00,779064766,MEGA EXPRESS,Passagers,Russie,Méditerranée / Rade de Toulon,43.19755,5.5985,16.1,167,En route au moteur,Portsmouth,185.2,6.9,0,Normale
2026-09-28 16:16:00,710330567,MONT ST MICHEL,Passagers,Danemark,Méditerranée / Rade de Toulon,43.05001,6.22327,22.7,160,En route au moteur,Rotterdam,143.2,6.6,0,Normale
2026-09-28 16:16:00,227706073,FS JACQUES CHEVALLIER,Militaire,France,Manche / Pas-de-Calais,50.17209,-0.18377,27.4,204,En route au moteur,Toulon,158.4,7.3,0,Normale
2026-09-28 16:16:00,785582861,CMA CGM ANTOINE,Cargo,France,Manche / Pas-de-Calais,49.78434,0.25108,18.8,127,Capacité de manœuvre restreinte,Rotterdam,309.9,10.2,0,Normale
2026-09-28 16:17:00,227690993,FS SOMME,Militaire,France,Méditerranée / Rade de Toulon,43.14891,5.93705,19.8,199,En route au moteur,Le Havre,131.7,6.5,0,Normale
2026-09-28 16:17:00,564323393,ABEILLE BOURBON,Remorqueur,Russie,Méditerranée / Rade de Toulon,42.84922,6.41242,8.8,91,En route au moteur,Brest,46.2,4.5,0,Normale
2026-09-28 16:19:00,453810544,VB CROISIC,Remorqueur,Panama,Méditerranée / Rade de Toulon,42.86881,6.41632,12.8,41,En route au moteur,Le Havre,53.3,5.2,0,Normale
2026-09-28 16:19:00,227690993,FS SOMME,Militaire,France,Méditerranée / Rade de Toulon,43.15949,5.50511,18.3,310,En route au moteur,Le Havre,131.7,6.5,0,Normale
2026-09-28 16:20:00,779064766,MEGA EXPRESS,Passagers,Russie,Méditerranée / Rade de Toulon,43.19212,5.52721,0.1,22,Au mouillage,Portsmouth,185.2,6.9,0,Normale
2026-09-28 16:20:00,790907304,SMIT ROTTERDAM,Remorqueur,France,Manche / Pas-de-Calais,50.92404,0.16356,13.8,354,En route au moteur,Marseille,37.3,6.5,0,Normale
2026-09-28 16:20:00,736045484,TOTAL ENERGIES SPIRIT,Pétrolier,Singapour,Mer d Iroise / Brest,48.58153,-4.73619,10.0,89,En route au moteur,Anvers,310.4,16.8,0,Normale
2026-09-28 16:20:00,564323393,ABEILLE BOURBON,Remorqueur,Russie,Méditerranée / Rade de Toulon,42.89478,6.05471,0.4,161,Au mouillage,Brest,46.2,4.5,0,Normale
2026-09-28 16:20:00,227706073,FS JACQUES CHEVALLIER,Militaire,France,Manche / Pas-de-Calais,50.32127,-0.40033,15.1,97,En route au moteur,Toulon,158.4,7.3,0,Normale
2026-09-28 16:21:00,597478786,NORDIC FREEDOM,Pétrolier,Malte,Manche / Pas-de-Calais,50.93463,-0.98156,11.0,97,En route au moteur,Gênes,195.6,13.4,0,Normale
2026-09-28 16:21:00,721828280,BARFLEUR,Passagers,France,Mer d Iroise / Brest,48.23575,-4.95275,17.4,356,En route au moteur,Brest,208.2,6.6,0,Normale
2026-09-28 16:21:00,693303705,ATLANTIC CONVEYOR,Cargo,Danemark,Manche / Pas-de-Calais,50.17457,-0.84092,20.1,32,En route au moteur,Cherbourg,207.5,16.0,0,Normale
2026-09-28 16:21:00,682334538,MSC OSCAR,Cargo,Chine,Mer d Iroise / Brest,48.33616,-4.68044,14.4,294,En route au moteur,Toulon,241.2,15.7,0,Normale
2026-09-28 16:21:00,514797776,HAMBURG EXPRESS,Cargo,Grèce,Mer d Iroise / Brest,48.42354,-4.67266,16.3,30,En route au moteur,Marseille,316.1,15.6,0,Normale
2026-09-28 16:21:00,530190783,PONT AVEN,Passagers,Liberia,Manche / Pas-de-Calais,50.37845,1.5533,21.6,302,En route au moteur,Marseille,134.6,7.3,0,Normale
2026-09-28 16:22:00,308449460,FRONT ALTAIR,Pétrolier,Singapour,Golfe de Gascogne,46.42741,-3.14839,11.2,330,En route au moteur,Brest,207.3,16.7,0,Normale
2026-09-28 16:22:00,250590821,LE MORGAT,Pétrolier,France,Méditerranée / Rade de Toulon,43.17314,6.28817,6.0,330,En route au moteur,Gênes,22.1,2.9,0,Normale
2026-09-28 16:22:00,308449460,FRONT ALTAIR,Pétrolier,Russie,Golfe de Gascogne,45.5016,-3.27786,10.1,108,En route au moteur,Brest,207.3,16.7,0,Normale
2026-09-28 16:23:00,227706073,FS JACQUES CHEVALLIER,Militaire,France,Manche / Pas-de-Calais,50.39166,-1.13308,16.8,24,En route au moteur,Toulon,158.4,7.3,0,Normale
2026-09-28 16:23:00,790907304,SMIT ROTTERDAM,Remorqueur,France,Manche / Pas-de-Calais,50.02402,0.75856,8.0,141,En route au moteur,Marseille,37.3,6.5,0,Normale
2026-09-28 16:23:00,785582861,CMA CGM ANTOINE,Cargo,France,Manche / Pas-de-Calais,50.73172,-0.39048,0.1,302,Au mouillage,Rotterdam,309.9,10.2,0,Normale
2026-09-28 16:24:00,628853029,PETIT JEAN,Pêcheur,Malte,Méditerranée / Rade de Toulon,42.94209,6.45307,4.1,152,En route au moteur,Marseille,23.9,5.0,0,Normale
2026-09-28 16:24:00,597478786,NORDIC FREEDOM,Pétrolier,Malte,Manche / Pas-de-Calais,50.59389,-0.42525,12.4,304,En route au moteur,Gênes,195.6,13.4,0,Normale
2026-09-28 16:24:00,319540831,EVER GIVEN,Cargo,Russie,Mer d Iroise / Brest,48.12649,-4.49643,19.0,36,En route au moteur,Marseille,343.1,11.6,0,Normale
2026-09-28 16:25:00,693303705,ATLANTIC CONVEYOR,Cargo,Danemark,Manche / Pas-de-Calais,50.51448,1.33268,17.1,259,En route au moteur,Cherbourg,207.5,16.0,0,Normale
2026-09-28 16:25:00,227508993,FS DIXMUDE,Militaire,France,Méditerranée / Rade de Toulon,42.79059,6.49181,22.2,117,En route au moteur,Rotterdam,105.7,5.5,0,Normale
2026-09-28 16:26:00,769462919,ARMORIQUE,Passagers,France,Manche / Pas-de-Calais,50.01334,0.746,19.5,285,En route au moteur,Saint-Nazaire,177.9,6.5,0,Normale
2026-09-28 16:26:00,234467368,SEAWAYS KILIMANJARO,Pétrolier,Malte,Golfe de Gascogne,44.93964,-2.82872,0.3,44,Amarré,Rotterdam,228.2,11.6,0,Normale
2026-09-28 16:27:00,600957212,CORSICA VERA,Passagers,Royaume-Uni,Mer d Iroise / Brest,48.5075,-4.38638,25.0,228,En route au moteur,Rotterdam,202.0,6.4,0,Normale
2026-09-28 16:27:00,628853029,PETIT JEAN,Pêcheur,Russie,Méditerranée / Rade de Toulon,43.11479,6.41939,5.1,84,En route au moteur,Marseille,23.9,5.0,0,Normale
2026-09-28 16:27:00,628853029,PETIT JEAN,Pêcheur,Russie,Méditerranée / Rade de Toulon,43.04066,6.34525,5.0,325,En route au moteur,Marseille,23.9,5.0,0,Normale
2026-09-28 16:27:00,227901393,FS AQUITAINE,Pétrolier,France,Golfe de Gascogne,45.4001,-1.84769,19.7,78,En route au moteur,Portsmouth,119.7,6.8,0,Normale
2026-09-28 16:28:00,449817734,MAERSK MC-KINNEY,Cargo,Danemark,Méditerranée / Rade de Toulon,43.00959,5.67036,15.7,281,En route au moteur,Rotterdam,312.4,13.6,0,Normale
2026-09-28 16:28:00,721828280,BARFLEUR,Passagers,France,Mer d Iroise / Brest,48.42809,-4.87082,15.6,89,Capacité de manœuvre restreinte,Brest,208.2,6.6,0,Normale
2026-09-28 16:28:00,227901393,FS AQUITAINE,Militaire,France,Golfe de Gascogne,44.8159,-2.14299,25.6,190,Capacité de manœuvre restreinte,Portsmouth,119.7,6.8,0,Normale
2026-09-28 16:28:00,628853029,PETIT JEAN,Pêcheur,Russie,Méditerranée / Rade de Toulon,42.89015,6.04229,5.4,336,En route au moteur,Marseille,23.9,5.0,0,Normale
2026-09-28 16:28:00,514797776,HAMBURG EXPRESS,Cargo,Grèce,Mer d Iroise / Brest,48.40538,-4.99663,20.6,10,En route au moteur,Marseille,316.1,15.6,0,Normale
2026-09-28 16:29:00,736045484,TOTAL ENERGIES SPIRIT,Pétrolier,Singapour,Mer d Iroise / Brest,48.12168,-4.47342,0.3,234,Au mouillage,Anvers,310.4,16.8,0,Normale
2026-09-28 16:29:00,319540831,EVER GIVEN,Cargo,France,Mer d Iroise / Brest,48.27641,-4.64347,18.0,268,En route au moteur,Marseille,343.1,11.6,0,Normale
2026-09-28 16:29:00,212327652,CAP FINISTERE,Pêcheur,Grèce,Golfe de Gascogne,46.2164,-2.58694,3.7,59,En route au moteur,Portsmouth,37.5,4.2,0,Normale
2026-09-28 16:29:00,249203558,TI EUROPE,Pétrolier,Grèce,Manche / Pas-de-Calais,50.25057,-0.08295,12.4,2,En route au moteur,Rotterdam,198.7,13.6,0,Normale
2026-09-28 16:30:00,250590821,LE MORGAT,Pêcheur,France,Méditerranée / Rade de Toulon,43.1041,5.99199,5.0,303,En route au moteur,Gênes,22.1,2.9,0,Normale
2026-09-28 16:30:00,693303705,ATLANTIC CONVEYOR,Cargo,Danemark,Manche / Pas-de-Calais,50.90205,0.94033,0.4,287,Au mouillage,Cherbourg,207.5,16.0,0,Normale
2026-09-28 16:31:00,308449460,FRONT ALTAIR,Pétrolier,Russie,Golfe de Gascogne,45.41933,-3.32772,14.6,169,En route au moteur,Brest,207.3,16.7,0,Normale
2026-09-28 16:31:00,652991960,ABEILLE FLANDRE,Remorqueur,Panama,Manche / Pas-de-Calais,49.81693,0.69141,0.4,162,Au mouillage,Dunkerque,47.5,4.6,0,Normale
2026-09-28 16:31:00,790907304,SMIT ROTTERDAM,Remorqueur,France,Manche / Pas-de-Calais,49.76166,0.88319,13.3,229,En route au moteur,Marseille,37.3,6.5,0,Normale
2026-09-28 16:32:00,597478786,NORDIC FREEDOM,Pétrolier,Malte,Manche / Pas-de-Calais,50.29015,0.77571,12.2,54,En route au moteur,Gênes,195.6,13.4,0,Normale
2026-09-28 16:32:00,514797776,HAMBURG EXPRESS,Cargo,Grèce,Mer d Iroise / Brest,48.21335,-4.65041,20.9,181,En route au moteur,Marseille,316.1,15.6,0,Normale
2026-09-28 16:32:00,268747287,PASCAL PAOLI,Passagers,Malte,Mer d Iroise / Brest,48.52418,-5.054,20.1,152,En route au moteur,Le Havre,131.7,6.6,0,Normale
2026-09-28 16:32:00,769462919,ARMORIQUE,Passagers,France,Manche / Pas-de-Calais,49.75412,-0.76075,0.1,165,Au mouillage,Saint-Nazaire,177.9,6.5,0,Normale
2026-09-28 16:34:00,530190783,PONT AVEN,Passagers,Liberia,Manche / Pas-de-Calais,50.6247,0.1423,17.6,326,En route au moteur,Marseille,134.6,7.3,0,Normale
2026-09-28 16:35:00,564323393,ABEILLE BOURBON,Remorqueur,France,Méditerranée / Rade de Toulon,42.73012,6.45612,11.9,320,En route au moteur,Brest,46.2,4.5,0,Normale
2026-09-28 16:35:00,737500247,L ARMAGNAC,Pêcheur,Panama,Golfe de Gascogne,45.71174,-2.13072,5.0,333,En route au moteur,Portsmouth,31.7,2.8,0,Normale
2026-09-28 16:35:00,349926919,LA BELLE POULE,Pêcheur,Liberia,Méditerranée / Rade de Toulon,43.16336,6.35563,0.0,355,Au mouillage,Gênes,38.1,3.8,0,Normale
2026-09-28 16:35:00,349926919,LA BELLE POULE,Pêcheur,Liberia,Méditerranée / Rade de Toulon,42.82185,5.57492,2.5,106,En route au moteur,Gênes,38.1,3.8,0,Normale
2026-09-28 16:35:00,449817734,MAERSK MC-KINNEY,Cargo,Danemark,Méditerranée / Rade de Toulon,43.18872,5.46276,18.3,287,En route au moteur,Rotterdam,312.4,13.6,0,Normale
2026-09-28 16:36:00,212327652,CAP FINISTERE,Pêcheur,Grèce,Golfe de Gascogne,46.29576,-2.37559,5.6,252,En route au moteur,Portsmouth,37.5,4.2,0,Normale
2026-09-28 16:36:00,597478786,NORDIC FREEDOM,Pétrolier,Malte,Manche / Pas-de-Calais,49.91081,0.7793,12.4,88,En route au moteur,Gênes,195.6,13.4,0,Normale
2026-09-28 16:38:00,227690993,FS SOMME,Militaire,France,Méditerranée / Rade de Toulon,42.72429,6.49415,22.5,10,En route au moteur,Le Havre,131.7,6.5,0,Normale
2026-09-28 16:38:00,227822733,FS FORBIN,Militaire,Russie,Manche / Pas-de-Calais,50.65197,-0.6554,21.7,36,En route au moteur,Marseille,136.8,6.4,0,Normale
2026-09-28 16:38:00,769462919,ARMORIQUE,Passagers,France,Manche / Pas-de-Calais,50.88393,-0.07803,0.4,198,Au mouillage,Saint-Nazaire,177.9,6.5,0,Normale
2026-09-28 16:39:00,376777762,VB PROVENCE,Remorqueur,Singapour,Méditerranée / Rade de Toulon,42.8616,6.46807,9.0,240,En route au moteur,Anvers,35.1,5.0,0,Normale
2026-09-28 16:39:00,798020238,PACIFIC JEWEL,Pétrolier,Liberia,Manche / Pas-de-Calais,49.91068,0.28762,10.6,109,Capacité de manœuvre restreinte,Rotterdam,276.4,18.6,0,Normale
2026-09-28 16:39:00,212327652,CAP FINISTERE,Pêcheur,Grèce,Golfe de Gascogne,46.76215,-3.36387,8.4,338,En route au moteur,Portsmouth,37.5,4.2,0,Normale
2026-09-28 16:39:00,227508993,FS DIXMUDE,Militaire,France,Méditerranée / Rade de Toulon,43.17602,5.81105,20.1,134,En route au moteur,Rotterdam,105.7,5.5,0,Normale
2026-09-28 16:40:00,721828280,BARFLEUR,Passagers,France,Mer d Iroise / Brest,48.25275,-4.54045,22.2,48,En route au moteur,Brest,208.2,6.6,0,Normale
2026-09-28 16:40:00,682334538,MSC OSCAR,Cargo,Chine,Mer d Iroise / Brest,48.4078,-4.57049,17.2,183,En route au moteur,Toulon,241.2,15.7,0,Normale
2026-09-28 16:40:00,721828280,BARFLEUR,Passagers,France,Mer d Iroise / Brest,48.28659,-4.42686,15.3,13,En route au moteur,Brest,208.2,6.6,0,Normale
2026-09-28 16:41:00,227901393,FS AQUITAINE,Militaire,France,Golfe de Gascogne,45.37419,-3.14431,15.8,171,En route au moteur,Portsmouth,119.7,6.8,0,Normale
2026-09-28 16:41:00,600957212,CORSICA VERA,Passagers,Royaume-Uni,Mer d Iroise / Brest,48.16321,-4.67861,15.4,182,En route au moteur,Rotterdam,202.0,6.4,0,Normale
2026-09-28 16:41:00,600957212,CORSICA VERA,Pétrolier,Royaume-Uni,Mer d Iroise / Brest,48.55649,-5.01264,15.9,43,En route au moteur,Rotterdam,202.0,6.4,0,Normale
2026-09-28 16:41:00,652991960,ABEILLE FLANDRE,Pétrolier,Panama,Manche / Pas-de-Calais,51.04865,1.03018,7.0,191,En route au moteur,Dunkerque,47.5,4.6,0,Normale
2026-09-28 16:41:00,268212356,MARIE-JEANNE,Pêcheur,Singapour,Golfe de Gascogne,45.82317,-3.15567,2.2,53,En route au moteur,Cherbourg,28.3,5.0,0,Normale
2026-09-28 16:42:00,693303705,ATLANTIC CONVEYOR,Cargo,Danemark,Manche / Pas-de-Calais,50.56951,-0.48052,17.2,67,En route au moteur,Cherbourg,207.5,16.0,0,Normale
2026-09-28 16:42:00,564323393,ABEILLE BOURBON,Remorqueur,Russie,Méditerranée / Rade de Toulon,43.03276,6.32895,7.7,341,En route au moteur,Brest,46.2,4.5,0,Normale
2026-09-28 16:43:00,250590821,LE MORGAT,Pétrolier,France,Méditerranée / Rade de Toulon,42.96887,6.13332,7.1,111,En route au moteur,Gênes,22.1,2.9,0,Normale
2026-09-28 16:43:00,745098869,LE CONQUERANT,Pétrolier,Chine,Mer d Iroise / Brest,48.10706,-4.94589,8.4,218,En route au moteur,Cherbourg,23.4,3.4,0,Normale
2026-09-28 16:44:00,600957212,CORSICA VERA,Pétrolier,Royaume-Uni,Mer d Iroise / Brest,48.10302,-4.40411,17.1,324,En route au moteur,Rotterdam,202.0,6.4,0,Normale
2026-09-28 16:45:00,349926919,LA BELLE POULE,Pêcheur,Liberia,Méditerranée / Rade de Toulon,43.19704,5.99802,4.7,183,En route au moteur,Gênes,38.1,3.8,0,Normale
2026-09-28 16:45:00,564323393,ABEILLE BOURBON,Remorqueur,Russie,Méditerranée / Rade de Toulon,42.97412,5.85989,12.6,270,En route au moteur,Brest,46.2,4.5,0,Normale
2026-09-28 16:45:00,710330567,MONT ST MICHEL,Passagers,Danemark,Méditerranée / Rade de Toulon,42.92488,6.31829,20.2,68,En route au moteur,Rotterdam,143.2,6.6,0,Normale
2026-09-28 16:45:00,769462919,ARMORIQUE,Passagers,France,Manche / Pas-de-Calais,49.75846,1.4197,23.4,162,Capacité de manœuvre restreinte,Saint-Nazaire,177.9,6.5,0,Normale
2026-09-28 16:46:00,600957212,CORSICA VERA,Passagers,Royaume-Uni,Mer d Iroise / Brest,48.25141,-4.88026,20.6,158,En route au moteur,Rotterdam,202.0,6.4,0,Normale
2026-09-28 16:46:00,600957212,CORSICA VERA,Passagers,Royaume-Uni,Mer d Iroise / Brest,48.25859,-4.4502,23.7,140,En route au moteur,Rotterdam,202.0,6.4,0,Normale
2026-09-28 16:46:00,227074441,FS CHEVALIER PAUL,Pétrolier,France,Manche / Pas-de-Calais,50.84303,0.13358,18.0,170,En route au moteur,Le Havre,164.9,5.2,0,Normale
2026-09-28 16:46:00,564323393,ABEILLE BOURBON,Remorqueur,Russie,Méditerranée / Rade de Toulon,43.00333,5.4346,0.5,247,Amarré,Brest,46.2,4.5,0,Normale
2026-09-28 16:46:00,790907304,SMIT ROTTERDAM,Remorqueur,France,Manche / Pas-de-Calais,50.86102,1.54772,11.3,193,En route au moteur,Marseille,37.3,6.5,0,Normale
2026-09-28 16:46:00,600957212,CORSICA VERA,Pétrolier,Russie,Mer d Iroise / Brest,48.44352,-4.96362,21.4,79,Capacité de manœuvre restreinte,Rotterdam,202.0,6.4,0,Normale
2026-09-28 16:46:00,299585092,COSCO SHIPPING GLORY,Pétrolier,Russie,Golfe de Gascogne,45.96769,-1.83613,18.7,271,En route au moteur,Le Havre,201.3,15.5,0,Normale
2026-09-28 16:47:00,227706073,FS JACQUES CHEVALLIER,Militaire,France,Manche / Pas-de-Calais,49.92601,-0.80795,23.0,344,En route au moteur,Toulon,158.4,7.3,0,Normale
2026-09-28 16:47:00,376777762,VB PROVENCE,Remorqueur,Singapour,Méditerranée / Rade de Toulon,42.89124,5.73526,9.9,76,En route au moteur,Anvers,35.1,5.0,0,Normale
2026-09-28 16:47:00,227822733,FS FORBIN,Militaire,Russie,Manche / Pas-de-Calais,50.34661,1.16634,0.1,148,Au mouillage,Marseille,136.8,6.4,0,Normale
2026-09-28 16:47:00,790907304,SMIT ROTTERDAM,Remorqueur,France,Manche / Pas-de-Calais,50.28172,-0.92656,10.8,279,En route au moteur,Marseille,37.3,6.5,0,Normale
2026-09-28 16:48:00,349926919,LA BELLE POULE,Pêcheur,Liberia,Méditerranée / Rade de Toulon,42.91708,5.41657,6.1,202,En route au moteur,Gênes,38.1,3.8,0,Normale
2026-09-28 16:48:00,710330567,MONT ST MICHEL,Passagers,Danemark,Méditerranée / Rade de Toulon,42.81687,6.37477,25.6,345,En route au moteur,Rotterdam,143.2,6.6,0,Normale
2026-09-28 16:48:00,565260635,OCEAN VOYAGER,Pêcheur,France,Manche / Pas-de-Calais,50.96245,1.16821,2.1,91,En route au moteur,Anvers,25.9,2.9,0,Normale
2026-09-28 16:49:00,299585092,COSCO SHIPPING GLORY,Cargo,Singapour,Golfe de Gascogne,45.81658,-3.53597,18.9,326,En route au moteur,Le Havre,201.3,15.5,0,Normale
2026-09-28 16:49:00,565341213,ONE APUS,Cargo,Îles Marshall,Golfe de Gascogne,45.28854,-3.21015,0.3,131,Au mouillage,Marseille,214.2,16.2,0,Normale
2026-09-28 16:50:00,212327652,CAP FINISTERE,Pêcheur,Grèce,Golfe de Gascogne,46.85901,-1.92611,4.2,46,En route au moteur,Portsmouth,37.5,4.2,0,Normale
2026-09-28 16:50:00,798020238,PACIFIC JEWEL,Pétrolier,Liberia,Manche / Pas-de-Calais,50.9138,1.63775,0.4,1,Au mouillage,Rotterdam,276.4,18.6,0,Normale
2026-09-28 16:50:00,710330567,MONT ST MICHEL,Passagers,Danemark,Méditerranée / Rade de Toulon,42.99762,5.9956,21.1,175,En route au moteur,Rotterdam,143.2,6.6,0,Normale
2026-09-28 16:51:00,299585092,COSCO SHIPPING GLORY,Pétrolier,Singapour,Golfe de Gascogne,46.00104,-2.32108,16.9,86,En route au moteur,Le Havre,201.3,15.5,0,Normale
2026-09-28 16:51:00,249203558,TI EUROPE,Pétrolier,Grèce,Manche / Pas-de-Calais,50.18562,0.90277,11.6,81,En route au moteur,Rotterdam,198.7,13.6,0,Normale
2026-09-28 16:52:00,600957212,CORSICA VERA,Passagers,Royaume-Uni,Mer d Iroise / Brest,48.18364,-4.63779,0.0,135,Au mouillage,Rotterdam,202.0,6.4,0,Normale
2026-09-28 16:52:00,745098869,LE CONQUERANT,Pétrolier,Chine,Mer d Iroise / Brest,48.244,-4.62295,2.7,257,En route au moteur,Cherbourg,23.4,3.4,0,Normale
2026-09-28 16:52:00,249203558,TI EUROPE,Pétrolier,Grèce,Manche / Pas-de-Calais,50.46067,-0.84088,12.2,146,En route au moteur,Rotterdam,198.7,13.6,0,Normale
2026-09-28 16:53:00,736045484,TOTAL ENERGIES SPIRIT,Pétrolier,Singapour,Mer d Iroise / Brest,48.21642,-5.01984,12.4,348,En route au moteur,Anvers,310.4,16.8,0,Normale
2026-09-28 16:53:00,227074441,FS CHEVALIER PAUL,Pétrolier,France,Manche / Pas-de-Calais,50.04822,-0.31059,22.7,57,En route au moteur,Le Havre,164.9,5.2,0,Normale
2026-09-28 16:53:00,798020238,PACIFIC JEWEL,Pétrolier,Liberia,Manche / Pas-de-Calais,50.19413,1.37072,12.5,282,En route au moteur,Rotterdam,276.4,18.6,0,Normale
2026-09-28 16:53:00,319540831,EVER GIVEN,Cargo,France,Mer d Iroise / Brest,48.57877,-4.4499,15.2,23,En route au moteur,Marseille,343.1,11.6,0,Normale
2026-09-28 16:53:00,227074441,FS CHEVALIER PAUL,Pétrolier,France,Manche / Pas-de-Calais,50.86649,-0.78112,27.0,141,En route au moteur,Le Havre,164.9,5.2,0,Normale
2026-09-28 16:53:00,737500247,L ARMAGNAC,Pêcheur,Panama,Golfe de Gascogne,46.4487,-2.22586,2.8,118,En route au moteur,Portsmouth,31.7,2.8,0,Normale
2026-09-28 16:54:00,514797776,HAMBURG EXPRESS,Cargo,Grèce,Mer d Iroise / Brest,48.55807,-4.86397,14.0,68,En route au moteur,Marseille,316.1,15.6,0,Normale
2026-09-28 16:54:00,227822733,FS FORBIN,Militaire,Russie,Manche / Pas-de-Calais,51.00448,0.19576,14.9,48,En route au moteur,Marseille,136.8,6.4,0,Normale
2026-09-28 16:54:00,319540831,EVER GIVEN,Cargo,France,Mer d Iroise / Brest,48.21151,-4.91578,14.2,169,En route au moteur,Marseille,343.1,11.6,0,Normale
2026-09-28 16:54:00,565341213,ONE APUS,Cargo,Îles Marshall,Golfe de Gascogne,46.46677,-2.40063,18.7,99,En route au moteur,Marseille,214.2,16.2,0,Normale
2026-09-28 16:55:00,299585092,COSCO SHIPPING GLORY,Cargo,Singapour,Golfe de Gascogne,46.08776,-2.72149,14.8,261,En route au moteur,Le Havre,201.3,15.5,0,Normale
2026-09-28 16:55:00,227822733,FS FORBIN,Militaire,Russie,Manche / Pas-de-Calais,50.55929,-0.47812,20.6,45,En route au moteur,Marseille,136.8,6.4,0,Normale
2026-09-28 16:55:00,212327652,CAP FINISTERE,Pêcheur,Grèce,Golfe de Gascogne,46.80218,-3.0659,8.2,213,En route au moteur,Portsmouth,37.5,4.2,0,Normale
2026-09-28 16:55:00,628853029,PETIT JEAN,Pêcheur,Russie,Méditerranée / Rade de Toulon,42.95391,5.86161,0.5,42,Au mouillage,Marseille,23.9,5.0,0,Normale
2026-09-28 16:56:00,682334538,MSC OSCAR,Cargo,Chine,Mer d Iroise / Brest,48.3403,-4.80303,18.4,264,Capacité de manœuvre restreinte,Toulon,241.2,15.7,0,Normale
2026-09-28 16:56:00,449817734,MAERSK MC-KINNEY,Cargo,Danemark,Méditerranée / Rade de Toulon,43.08551,5.69112,17.1,316,En route au moteur,Rotterdam,312.4,13.6,0,Normale
2026-09-28 16:56:00,268747287,PASCAL PAOLI,Passagers,Malte,Mer d Iroise / Brest,48.37165,-4.70487,24.4,239,Capacité de manœuvre restreinte,Le Havre,131.7,6.6,0,Normale
2026-09-28 16:56:00,736045484,TOTAL ENERGIES SPIRIT,Pétrolier,Singapour,Mer d Iroise / Brest,48.31806,-4.42791,13.7,245,En route au moteur,Anvers,310.4,16.8,0,Normale
2026-09-28 16:57:00,234467368,SEAWAYS KILIMANJARO,Pétrolier,Malte,Golfe de Gascogne,46.33478,-1.86938,11.7,64,En route au moteur,Rotterdam,228.2,11.6,0,Normale
2026-09-28 16:59:00,600957212,CORSICA VERA,Passagers,Royaume-Uni,Mer d Iroise / Brest,48.20257,-4.66446,22.2,357,En route au moteur,Rotterdam,202.0,6.4,0,Normale
2026-09-28 17:00:00,268747287,PASCAL PAOLI,Passagers,Malte,Mer d Iroise / Brest,48.37483,-4.86748,16.1,297,En route au moteur,Le Havre,131.7,6.6,0,Normale
2026-09-28 17:00:00,383758720,ENERGY TRIUMPH,Pétrolier,Danemark,Méditerranée / Rade de Toulon,42.94603,5.55826,11.1,329,En route au moteur,Anvers,284.0,12.5,0,Normale
2026-09-28 17:00:00,227822733,FS FORBIN,Militaire,Russie,Manche / Pas-de-Calais,50.10382,0.40973,24.6,248,En route au moteur,Marseille,136.8,6.4,0,Normale
2026-09-28 17:00:00,785582861,CMA CGM ANTOINE,Cargo,France,Manche / Pas-de-Calais,51.05021,0.49919,0.3,27,Au mouillage,Rotterdam,309.9,10.2,0,Normale
2026-09-28 17:00:00,564323393,ABEILLE BOURBON,Remorqueur,Russie,Méditerranée / Rade de Toulon,42.89303,6.15417,13.2,121,En route au moteur,Brest,46.2,4.5,0,Normale
2026-09-28 17:01:00,268212356,MARIE-JEANNE,Pêcheur,Singapour,Golfe de Gascogne,44.93097,-2.04501,5.5,57,Capacité de manœuvre restreinte,Cherbourg,28.3,5.0,0,Normale
2026-09-28 17:01:00,790907304,SMIT ROTTERDAM,Remorqueur,France,Manche / Pas-de-Calais,49.73393,-0.04234,0.2,248,Au mouillage,Marseille,37.3,6.5,0,Normale
2026-09-28 17:01:00,249203558,TI EUROPE,Pétrolier,Grèce,Manche / Pas-de-Calais,50.98339,0.509,10.0,88,En route au moteur,Rotterdam,198.7,13.6,0,Normale
2026-09-28 17:01:00,565341213,ONE APUS,Cargo,Îles Marshall,Golfe de Gascogne,45.35218,-3.00012,14.7,47,En route au moteur,Marseille,214.2,16.2,0,Normale
2026-09-28 17:01:00,745098869,LE CONQUERANT,Pétrolier,Chine,Mer d Iroise / Brest,48.50269,-4.32001,2.1,103,En route au moteur,Cherbourg,23.4,3.4,0,Normale
2026-09-28 17:02:00,376777762,VB PROVENCE,Remorqueur,Singapour,Méditerranée / Rade de Toulon,42.86732,5.76266,8.5,129,En route au moteur,Anvers,35.1,5.0,0,Normale
2026-09-28 17:02:00,737500247,L ARMAGNAC,Pêcheur,Panama,Golfe de Gascogne,44.98977,-3.12051,5.7,97,En route au moteur,Portsmouth,31.7,2.8,0,Normale
2026-09-28 17:02:00,736045484,TOTAL ENERGIES SPIRIT,Pétrolier,Singapour,Mer d Iroise / Brest,48.21256,-4.93462,12.6,349,En route au moteur,Anvers,310.4,16.8,0,Normale
2026-09-28 17:02:00,779064766,MEGA EXPRESS,Passagers,Russie,Méditerranée / Rade de Toulon,43.10838,5.47933,15.3,169,En route au moteur,Portsmouth,185.2,6.9,0,Normale
2026-09-28 17:02:00,737500247,L ARMAGNAC,Pêcheur,Panama,Golfe de Gascogne,46.49308,-3.06261,8.6,293,En route au moteur,Portsmouth,31.7,2.8,0,Normale
2026-09-28 17:03:00,736045484,TOTAL ENERGIES SPIRIT,Pétrolier,Singapour,Mer d Iroise / Brest,48.13161,-4.44092,0.2,209,Au mouillage,Anvers,310.4,16.8,0,Normale
2026-09-28 17:03:00,376777762,VB PROVENCE,Remorqueur,Singapour,Méditerranée / Rade de Toulon,42.88387,6.04722,6.8,99,En route au moteur,Anvers,35.1,5.0,0,Normale
2026-09-28 17:03:00,736045484,TOTAL ENERGIES SPIRIT,Pétrolier,Singapour,Mer d Iroise / Brest,48.44312,-4.97594,13.1,268,En route au moteur,Anvers,310.4,16.8,0,Normale
2026-09-28 17:04:00,745098869,LE CONQUERANT,Pétrolier,Chine,Mer d Iroise / Brest,48.30225,-4.94216,2.3,171,En route au moteur,Cherbourg,23.4,3.4,0,Normale
2026-09-28 17:04:00,227901393,FS AQUITAINE,Pétrolier,France,Golfe de Gascogne,47.19772,-3.20627,25.3,218,En route au moteur,Portsmouth,119.7,6.8,0,Normale
2026-09-28 17:04:00,682334538,MSC OSCAR,Cargo,Chine,Mer d Iroise / Brest,48.29126,-4.35758,13.7,90,En route au moteur,Toulon,241.2,15.7,0,Normale
2026-09-28 17:04:00,530190783,PONT AVEN,Passagers,Liberia,Manche / Pas-de-Calais,49.71767,-1.24487,17.5,257,Capacité de manœuvre restreinte,Marseille,134.6,7.3,0,Normale
2026-09-28 17:05:00,249203558,TI EUROPE,Pétrolier,Grèce,Manche / Pas-de-Calais,51.06277,-0.91322,13.2,59,En route au moteur,Rotterdam,198.7,13.6,0,Normale
2026-09-28 17:05:00,564323393,ABEILLE BOURBON,Remorqueur,Russie,Méditerranée / Rade de Toulon,43.02457,5.59199,8.2,344,En route au moteur,Brest,46.2,4.5,0,Normale
2026-09-28 17:05:00,530190783,PONT AVEN,Passagers,Liberia,Manche / Pas-de-Calais,50.95549,-0.1798,17.8,217,En route au moteur,Marseille,134.6,7.3,0,Normale
2026-09-28 17:05:00,299585092,COSCO SHIPPING GLORY,Pétrolier,Russie,Golfe de Gascogne,44.83942,-1.96201,18.7,319,En route au moteur,Le Havre,201.3,15.5,0,Normale
2026-09-28 17:05:00,600957212,CORSICA VERA,Pétrolier,Royaume-Uni,Mer d Iroise / Brest,48.4821,-4.33756,24.2,138,En route au moteur,Rotterdam,202.0,6.4,0,Normale
2026-09-28 17:05:00,376777762,VB PROVENCE,Remorqueur,Russie,Méditerranée / Rade de Toulon,42.92002,6.26617,12.6,296,En route au moteur,Anvers,35.1,5.0,0,Normale
2026-09-28 17:05:00,453810544,VB CROISIC,Remorqueur,Panama,Méditerranée / Rade de Toulon,43.19647,6.2271,8.9,141,En route au moteur,Le Havre,53.3,5.2,0,Normale
2026-09-28 17:06:00,227074441,FS CHEVALIER PAUL,Pétrolier,France,Manche / Pas-de-Calais,49.89918,1.68092,24.8,45,En route au moteur,Le Havre,164.9,5.2,1,Vitesse excessive suspecte pour petrolier (> 24 noeuds)
2026-09-28 17:07:00,565341213,ONE APUS,Cargo,Îles Marshall,Golfe de Gascogne,44.89662,-4.12553,19.6,318,En route au moteur,Marseille,214.2,16.2,0,Normale
2026-09-28 17:07:00,721828280,BARFLEUR,Passagers,France,Mer d Iroise / Brest,48.38567,-4.65107,0.3,124,Amarré,Brest,208.2,6.6,0,Normale
2026-09-28 17:07:00,299585092,COSCO SHIPPING GLORY,Cargo,Singapour,Golfe de Gascogne,46.22495,-3.51904,19.1,243,En route au moteur,Le Havre,201.3,15.5,0,Normale
2026-09-28 17:07:00,790907304,SMIT ROTTERDAM,Remorqueur,France,Manche / Pas-de-Calais,50.38493,1.0365,6.2,148,En route au moteur,Marseille,37.3,6.5,0,Normale
2026-09-28 17:08:00,628853029,PETIT JEAN,Pêcheur,Russie,Méditerranée / Rade de Toulon,43.10513,6.0688,6.0,164,En route au moteur,Marseille,23.9,5.0,0,Normale
2026-09-28 17:09:00,227074441,FS CHEVALIER PAUL,Pétrolier,France,Manche / Pas-de-Calais,50.7628,-0.2928,24.4,148,En route au moteur,Le Havre,164.9,5.2,0,Normale
2026-09-28 17:09:00,530190783,PONT AVEN,Passagers,Liberia,Manche / Pas-de-Calais,50.56315,0.35427,0.4,114,Au mouillage,Marseille,134.6,7.3,0,Normale
2026-09-28 17:10:00,790907304,SMIT ROTTERDAM,Remorqueur,France,Manche / Pas-de-Calais,50.08337,-0.04211,9.6,86,En route au moteur,Marseille,37.3,6.5,0,Normale
2026-09-28 17:10:00,299585092,COSCO SHIPPING GLORY,Cargo,Singapour,Golfe de Gascogne,45.66504,-4.00219,17.8,26,En route au moteur,Le Havre,201.3,15.5,0,Normale
2026-09-28 17:10:00,737500247,L ARMAGNAC,Pêcheur,Panama,Golfe de Gascogne,45.01432,-3.34732,4.1,169,En route au moteur,Portsmouth,31.7,2.8,0,Normale
2026-09-28 17:10:00,268747287,PASCAL PAOLI,Passagers,Malte,Mer d Iroise / Brest,48.18185,-4.98995,18.2,74,En route au moteur,Le Havre,131.7,6.6,0,Normale
2026-09-28 17:11:00,652991960,ABEILLE FLANDRE,Remorqueur,Panama,Manche / Pas-de-Calais,49.61784,0.6585,0.5,203,Amarré,Dunkerque,47.5,4.6,0,Normale
2026-09-28 17:11:00,628853029,PETIT JEAN,Pêcheur,Russie,Méditerranée / Rade de Toulon,42.9881,5.81424,3.6,208,En route au moteur,Marseille,23.9,5.0,0,Normale
2026-09-28 17:11:00,268747287,PASCAL PAOLI,Passagers,Malte,Mer d Iroise / Brest,48.18614,-4.37418,22.2,214,En route au moteur,Le Havre,131.7,6.6,0,Normale
2026-09-28 17:11:00,250590821,LE MORGAT,Pétrolier,France,Méditerranée / Rade de Toulon,43.08426,6.41627,8.2,130,En route au moteur,Gênes,22.1,2.9,0,Normale
2026-09-28 17:12:00,308449460,FRONT ALTAIR,Pétrolier,Singapour,Golfe de Gascogne,45.95725,-2.16654,12.8,58,En route au moteur,Brest,207.3,16.7,0,Normale
2026-09-28 17:13:00,721828280,BARFLEUR,Passagers,France,Mer d Iroise / Brest,48.5829,-4.61849,21.8,315,En route au moteur,Brest,208.2,6.6,0,Normale
2026-09-28 17:14:00,785582861,CMA CGM ANTOINE,Cargo,France,Manche / Pas-de-Calais,50.91374,-0.82203,13.7,200,En route au moteur,Rotterdam,309.9,10.2,0,Normale
2026-09-28 17:14:00,227822733,FS FORBIN,Militaire,Russie,Manche / Pas-de-Calais,49.70002,1.25614,26.0,103,En route au moteur,Marseille,136.8,6.4,0,Normale
2026-09-28 17:15:00,798020238,PACIFIC JEWEL,Pétrolier,Liberia,Manche / Pas-de-Calais,50.70822,0.71818,10.9,301,En route au moteur,Rotterdam,276.4,18.6,0,Normale
2026-09-28 17:15:00,628853029,PETIT JEAN,Pêcheur,Russie,Méditerranée / Rade de Toulon,42.72587,5.49126,2.2,296,En route au moteur,Marseille,23.9,5.0,0,Normale
2026-09-28 17:15:00,383758720,ENERGY TRIUMPH,Pétrolier,Danemark,Méditerranée / Rade de Toulon,42.91554,5.45749,12.7,178,En route au moteur,Anvers,284.0,12.5,0,Normale
2026-09-28 17:15:00,449817734,MAERSK MC-KINNEY,Cargo,Danemark,Méditerranée / Rade de Toulon,42.89503,6.4557,14.2,310,En route au moteur,Rotterdam,312.4,13.6,0,Normale
2026-09-28 17:16:00,721828280,BARFLEUR,Passagers,France,Mer d Iroise / Brest,48.25979,-4.98806,20.5,151,En route au moteur,Brest,208.2,6.6,0,Normale
2026-09-28 17:16:00,308449460,FRONT ALTAIR,Pétrolier,Russie,Golfe de Gascogne,45.15812,-2.92499,12.9,100,En route au moteur,Brest,207.3,16.7,0,Normale
2026-09-28 17:16:00,234467368,SEAWAYS KILIMANJARO,Pétrolier,Malte,Golfe de Gascogne,47.10908,-2.4187,14.7,272,En route au moteur,Rotterdam,228.2,11.6,0,Normale
2026-09-28 17:17:00,234467368,SEAWAYS KILIMANJARO,Pétrolier,Malte,Golfe de Gascogne,46.52001,-3.49249,11.6,195,En route au moteur,Rotterdam,228.2,11.6,0,Normale
2026-09-28 17:18:00,250590821,LE MORGAT,Pétrolier,France,Méditerranée / Rade de Toulon,43.12604,6.12611,0.0,332,Au mouillage,Gênes,22.1,2.9,0,Normale
2026-09-28 17:18:00,383758720,ENERGY TRIUMPH,Pétrolier,Danemark,Méditerranée / Rade de Toulon,43.0348,6.2133,14.2,58,En route au moteur,Anvers,284.0,12.5,0,Normale
2026-09-28 17:18:00,349926919,LA BELLE POULE,Pétrolier,Liberia,Méditerranée / Rade de Toulon,43.19151,5.77579,6.2,8,En route au moteur,Gênes,38.1,3.8,0,Normale
2026-09-28 17:19:00,779064766,MEGA EXPRESS,Passagers,Russie,Méditerranée / Rade de Toulon,42.96997,5.62008,21.9,232,En route au moteur,Portsmouth,185.2,6.9,0,Normale
2026-09-28 17:20:00,227690993,FS SOMME,Militaire,France,Méditerranée / Rade de Toulon,43.1128,6.23805,21.5,41,En route au moteur,Le Havre,131.7,6.5,0,Normale
2026-09-28 17:20:00,376777762,VB PROVENCE,Remorqueur,Singapour,Méditerranée / Rade de Toulon,43.04864,6.33512,8.6,219,En route au moteur,Anvers,35.1,5.0,0,Normale
2026-09-28 17:20:00,376777762,VB PROVENCE,Remorqueur,Russie,Méditerranée / Rade de Toulon,42.82273,6.22853,12.1,70,En route au moteur,Anvers,35.1,5.0,0,Normale
2026-09-28 17:21:00,736045484,TOTAL ENERGIES SPIRIT,Pétrolier,Singapour,Mer d Iroise / Brest,48.39448,-4.95972,13.4,65,En route au moteur,Anvers,310.4,16.8,0,Normale
2026-09-28 17:21:00,652991960,ABEILLE FLANDRE,Remorqueur,Panama,Manche / Pas-de-Calais,50.6453,1.2783,7.7,67,En route au moteur,Dunkerque,47.5,4.6,0,Normale
2026-09-28 17:21:00,514797776,HAMBURG EXPRESS,Cargo,Grèce,Mer d Iroise / Brest,48.16788,-4.67237,12.8,354,En route au moteur,Marseille,316.1,15.6,0,Normale
2026-09-28 17:21:00,227508993,FS DIXMUDE,Militaire,France,Méditerranée / Rade de Toulon,43.17926,6.01682,23.4,73,Capacité de manœuvre restreinte,Rotterdam,105.7,5.5,0,Normale
2026-09-28 17:21:00,652991960,ABEILLE FLANDRE,Pétrolier,Panama,Manche / Pas-de-Calais,49.80721,-0.64108,7.8,41,En route au moteur,Dunkerque,47.5,4.6,0,Normale
2026-09-28 17:22:00,349926919,LA BELLE POULE,Pêcheur,Liberia,Méditerranée / Rade de Toulon,42.7514,6.25813,0.2,317,Au mouillage,Gênes,38.1,3.8,0,Normale
2026-09-28 17:22:00,597478786,NORDIC FREEDOM,Pétrolier,Malte,Manche / Pas-de-Calais,49.89849,0.08167,11.3,215,En route au moteur,Gênes,195.6,13.4,0,Normale
2026-09-28 17:22:00,349926919,LA BELLE POULE,Pétrolier,Liberia,Méditerranée / Rade de Toulon,43.1103,5.61825,7.7,358,En route au moteur,Gênes,38.1,3.8,0,Normale
2026-09-28 17:23:00,682334538,MSC OSCAR,Cargo,Chine,Mer d Iroise / Brest,48.15911,-4.85455,16.5,159,En route au moteur,Toulon,241.2,15.7,0,Normale
2026-09-28 17:23:00,769462919,ARMORIQUE,Passagers,France,Manche / Pas-de-Calais,50.85,1.35,0.2,217,En route au moteur,Saint-Nazaire,177.9,6.5,1,Arret anormal en plein chenal de navigation
2026-09-28 17:24:00,737500247,L ARMAGNAC,Pêcheur,Panama,Golfe de Gascogne,46.42994,-3.22964,5.3,65,En route au moteur,Portsmouth,31.7,2.8,0,Normale
2026-09-28 17:24:00,453810544,VB CROISIC,Remorqueur,Panama,Méditerranée / Rade de Toulon,42.82909,6.4144,11.4,320,En route au moteur,Le Havre,53.3,5.2,0,Normale
2026-09-28 17:25:00,745098869,LE CONQUERANT,Pétrolier,Chine,Mer d Iroise / Brest,48.29757,-4.63114,7.2,35,En route au moteur,Cherbourg,23.4,3.4,0,Normale
2026-09-28 17:25:00,693303705,ATLANTIC CONVEYOR,Cargo,Danemark,Manche / Pas-de-Calais,49.62049,0.32084,0.2,185,Au mouillage,Cherbourg,207.5,16.0,0,Normale
2026-09-28 17:26:00,249203558,TI EUROPE,Pétrolier,Grèce,Manche / Pas-de-Calais,50.65425,1.62546,0.5,47,Amarré,Rotterdam,198.7,13.6,0,Normale
2026-09-28 17:26:00,628853029,PETIT JEAN,Pêcheur,Malte,Méditerranée / Rade de Toulon,43.13132,5.98049,6.2,312,En route au moteur,Marseille,23.9,5.0,0,Normale
2026-09-28 17:27:00,565341213,ONE APUS,Cargo,Îles Marshall,Golfe de Gascogne,46.33003,-3.32805,0.3,15,Au mouillage,Marseille,214.2,16.2,0,Normale
2026-09-28 17:28:00,769462919,ARMORIQUE,Passagers,France,Manche / Pas-de-Calais,50.72352,-0.63487,22.0,190,En route au moteur,Saint-Nazaire,177.9,6.5,0,Normale
2026-09-28 17:28:00,790907304,SMIT ROTTERDAM,Remorqueur,France,Manche / Pas-de-Calais,50.82757,-0.71822,0.5,266,Au mouillage,Marseille,37.3,6.5,0,Normale
2026-09-28 17:28:00,597478786,NORDIC FREEDOM,Pétrolier,Malte,Manche / Pas-de-Calais,50.02657,0.68105,12.9,287,En route au moteur,Gênes,195.6,13.4,0,Normale
2026-09-28 17:28:00,349926919,LA BELLE POULE,Pétrolier,Liberia,Méditerranée / Rade de Toulon,42.99436,5.61442,24.8,92,En route au moteur,Gênes,38.1,3.8,1,Vitesse excessive suspecte pour petrolier (> 24 noeuds)
2026-09-28 17:28:00,564323393,ABEILLE BOURBON,Remorqueur,Russie,Méditerranée / Rade de Toulon,42.76999,5.81543,5.9,264,En route au moteur,Brest,46.2,4.5,0,Normale
2026-09-28 17:28:00,737500247,L ARMAGNAC,Pêcheur,Panama,Golfe de Gascogne,46.83575,-3.44045,8.3,300,En route au moteur,Portsmouth,31.7,2.8,0,Normale
2026-09-28 17:30:00,227508993,FS DIXMUDE,Militaire,France,Méditerranée / Rade de Toulon,42.882,5.45672,19.4,20,En route au moteur,Rotterdam,105.7,5.5,0,Normale
2026-09-28 17:31:00,693303705,ATLANTIC CONVEYOR,Cargo,Danemark,Manche / Pas-de-Calais,49.95073,-1.41742,0.3,312,Au mouillage,Cherbourg,207.5,16.0,0,Normale
2026-09-28 17:31:00,453810544,VB CROISIC,Remorqueur,Panama,Méditerranée / Rade de Toulon,43.02135,5.42888,12.5,136,Capacité de manœuvre restreinte,Le Havre,53.3,5.2,0,Normale
2026-09-28 17:31:00,564323393,ABEILLE BOURBON,Remorqueur,Russie,Manche / Pas-de-Calais,50.85,1.35,0.2,287,En route au moteur,Brest,46.2,4.5,1,Arret anormal en plein chenal de navigation
2026-09-28 17:33:00,785582861,CMA CGM ANTOINE,Cargo,France,Manche / Pas-de-Calais,49.80587,0.66107,0.2,107,Au mouillage,Rotterdam,309.9,10.2,0,Normale
2026-09-28 17:34:00,769462919,ARMORIQUE,Passagers,France,Manche / Pas-de-Calais,51.0207,1.74865,18.1,195,En route au moteur,Saint-Nazaire,177.9,6.5,0,Normale
2026-09-28 17:34:00,227822733,FS FORBIN,Militaire,Russie,Manche / Pas-de-Calais,50.51867,0.56423,15.8,78,En route au moteur,Marseille,136.8,6.4,0,Normale
2026-09-28 17:34:00,798020238,PACIFIC JEWEL,Pétrolier,Liberia,Manche / Pas-de-Calais,49.63468,1.70038,13.1,348,En route au moteur,Rotterdam,276.4,18.6,0,Normale
2026-09-28 17:34:00,565260635,OCEAN VOYAGER,Pêcheur,France,Manche / Pas-de-Calais,50.26646,0.50232,6.3,41,En route au moteur,Anvers,25.9,2.9,0,Normale
2026-09-28 17:34:00,693303705,ATLANTIC CONVEYOR,Cargo,Danemark,Manche / Pas-de-Calais,50.77825,1.33282,20.8,347,En route au moteur,Cherbourg,207.5,16.0,0,Normale
2026-09-28 17:34:00,349926919,LA BELLE POULE,Pétrolier,Liberia,Méditerranée / Rade de Toulon,43.01852,5.86482,2.7,133,Capacité de manœuvre restreinte,Gênes,38.1,3.8,0,Normale
2026-09-28 17:34:00,785582861,CMA CGM ANTOINE,Cargo,France,Manche / Pas-de-Calais,50.8674,1.30304,12.4,120,En route au moteur,Rotterdam,309.9,10.2,0,Normale
2026-09-28 17:35:00,376777762,VB PROVENCE,Remorqueur,Singapour,Méditerranée / Rade de Toulon,42.9136,5.94518,0.5,343,Amarré,Anvers,35.1,5.0,0,Normale
2026-09-28 17:35:00,227074441,FS CHEVALIER PAUL,Pétrolier,France,Manche / Pas-de-Calais,50.15116,-1.45781,22.8,202,En route au moteur,Le Havre,164.9,5.2,0,Normale
2026-09-28 17:37:00,308449460,FRONT ALTAIR,Pétrolier,Singapour,Golfe de Gascogne,45.38127,-2.82583,11.0,225,En route au moteur,Brest,207.3,16.7,0,Normale
2026-09-28 17:37:00,234467368,SEAWAYS KILIMANJARO,Pétrolier,Malte,Golfe de Gascogne,46.90582,-3.48064,13.4,222,En route au moteur,Rotterdam,228.2,11.6,0,Normale
2026-09-28 17:37:00,234467368,SEAWAYS KILIMANJARO,Pétrolier,Malte,Golfe de Gascogne,46.37013,-2.35482,14.8,264,En route au moteur,Rotterdam,228.2,11.6,0,Normale
2026-09-28 17:38:00,299585092,COSCO SHIPPING GLORY,Cargo,Singapour,Golfe de Gascogne,47.12215,-1.83222,18.4,281,En route au moteur,Le Havre,201.3,15.5,0,Normale
2026-09-28 17:38:00,737500247,L ARMAGNAC,Pêcheur,Panama,Golfe de Gascogne,45.52679,-4.06753,0.3,187,Amarré,Portsmouth,31.7,2.8,0,Normale
2026-09-28 17:38:00,565260635,OCEAN VOYAGER,Pêcheur,France,Manche / Pas-de-Calais,51.01811,0.59606,0.4,139,Amarré,Anvers,25.9,2.9,0,Normale
2026-09-28 17:38:00,710330567,MONT ST MICHEL,Passagers,Danemark,Méditerranée / Rade de Toulon,43.0781,5.74956,17.2,252,En route au moteur,Rotterdam,143.2,6.6,0,Normale
2026-09-28 17:39:00,212327652,CAP FINISTERE,Pêcheur,Grèce,Golfe de Gascogne,46.82908,-3.74246,3.0,278,En route au moteur,Portsmouth,37.5,4.2,0,Normale
2026-09-28 17:39:00,249203558,TI EUROPE,Pétrolier,Grèce,Manche / Pas-de-Calais,50.75149,-0.67493,11.0,156,En route au moteur,Rotterdam,198.7,13.6,0,Normale
2026-09-28 17:40:00,453810544,VB CROISIC,Remorqueur,Panama,Méditerranée / Rade de Toulon,42.78292,5.96555,6.6,289,En route au moteur,Le Havre,53.3,5.2,0,Normale
2026-09-28 17:40:00,745098869,LE CONQUERANT,Pétrolier,Chine,Mer d Iroise / Brest,48.27596,-4.59982,8.8,256,En route au moteur,Cherbourg,23.4,3.4,0,Normale
2026-09-28 17:40:00,565341213,ONE APUS,Cargo,Îles Marshall,Golfe de Gascogne,46.32085,-2.28456,12.5,175,En route au moteur,Marseille,214.2,16.2,0,Normale
2026-09-28 17:40:00,514797776,HAMBURG EXPRESS,Cargo,Grèce,Mer d Iroise / Brest,48.37418,-5.04723,15.3,170,En route au moteur,Marseille,316.1,15.6,0,Normale
2026-09-28 17:40:00,693303705,ATLANTIC CONVEYOR,Cargo,Danemark,Manche / Pas-de-Calais,49.95049,-0.242,19.3,290,En route au moteur,Cherbourg,207.5,16.0,0,Normale
2026-09-28 17:41:00,349926919,LA BELLE POULE,Pêcheur,Liberia,Méditerranée / Rade de Toulon,42.90305,5.8989,3.1,212,En route au moteur,Gênes,38.1,3.8,0,Normale
2026-09-28 17:41:00,597478786,NORDIC FREEDOM,Pétrolier,Malte,Manche / Pas-de-Calais,50.1711,-1.04183,12.5,32,En route au moteur,Gênes,195.6,13.4,0,Normale
2026-09-28 17:41:00,693303705,ATLANTIC CONVEYOR,Cargo,Danemark,Manche / Pas-de-Calais,50.26891,-0.77593,13.7,12,En route au moteur,Cherbourg,207.5,16.0,0,Normale
2026-09-28 17:41:00,250590821,LE MORGAT,Pétrolier,France,Méditerranée / Rade de Toulon,43.04898,5.79877,4.5,73,En route au moteur,Gênes,22.1,2.9,0,Normale
2026-09-28 17:41:00,652991960,ABEILLE FLANDRE,Remorqueur,Panama,Manche / Pas-de-Calais,50.10873,0.48693,0.3,67,Au mouillage,Dunkerque,47.5,4.6,0,Normale
2026-09-28 17:41:00,227822733,FS FORBIN,Militaire,Russie,Manche / Pas-de-Calais,49.90669,0.5262,20.3,128,En route au moteur,Marseille,136.8,6.4,0,Normale
2026-09-28 17:42:00,250590821,LE MORGAT,Pétrolier,France,Méditerranée / Rade de Toulon,42.95965,6.10378,4.9,112,En route au moteur,Gênes,22.1,2.9,0,Normale
2026-09-28 17:43:00,349926919,LA BELLE POULE,Pétrolier,Liberia,Méditerranée / Rade de Toulon,43.04814,5.64469,0.3,93,Au mouillage,Gênes,38.1,3.8,0,Normale
2026-09-28 17:44:00,227822733,FS FORBIN,Militaire,Russie,Manche / Pas-de-Calais,50.65087,-1.1857,16.0,177,En route au moteur,Marseille,136.8,6.4,0,Normale
2026-09-28 17:44:00,693303705,ATLANTIC CONVEYOR,Cargo,Danemark,Manche / Pas-de-Calais,50.17297,0.65762,0.3,282,Au mouillage,Cherbourg,207.5,16.0,0,Normale
2026-09-28 17:44:00,319540831,EVER GIVEN,Cargo,Russie,Mer d Iroise / Brest,48.53401,-4.89225,13.0,155,En route au moteur,Marseille,343.1,11.6,0,Normale
2026-09-28 17:44:00,453810544,VB CROISIC,Remorqueur,Panama,Méditerranée / Rade de Toulon,42.80035,5.47386,12.9,266,En route au moteur,Le Havre,53.3,5.2,0,Normale
2026-09-28 17:45:00,798020238,PACIFIC JEWEL,Pétrolier,Liberia,Manche / Pas-de-Calais,50.96411,1.41109,14.4,140,En route au moteur,Rotterdam,276.4,18.6,0,Normale
2026-09-28 17:45:00,628853029,PETIT JEAN,Pêcheur,Malte,Méditerranée / Rade de Toulon,42.7452,5.4302,8.0,109,En route au moteur,Marseille,23.9,5.0,0,Normale
2026-09-28 17:45:00,227074441,FS CHEVALIER PAUL,Pétrolier,France,Manche / Pas-de-Calais,50.50717,1.10101,18.8,162,En route au moteur,Le Havre,164.9,5.2,0,Normale
2026-09-28 17:45:00,376777762,VB PROVENCE,Remorqueur,Singapour,Méditerranée / Rade de Toulon,42.87963,5.49335,11.6,71,En route au moteur,Anvers,35.1,5.0,0,Normale
2026-09-28 17:45:00,449817734,MAERSK MC-KINNEY,Cargo,Danemark,Méditerranée / Rade de Toulon,43.00168,5.42952,20.2,197,En route au moteur,Rotterdam,312.4,13.6,0,Normale
2026-09-28 17:45:00,250590821,LE MORGAT,Pétrolier,France,Méditerranée / Rade de Toulon,43.08915,5.70454,6.2,92,En route au moteur,Gênes,22.1,2.9,0,Normale
2026-09-28 17:46:00,682334538,MSC OSCAR,Cargo,Chine,Mer d Iroise / Brest,48.15789,-4.74455,14.3,359,En route au moteur,Toulon,241.2,15.7,0,Normale
2026-09-28 17:46:00,227901393,FS AQUITAINE,Militaire,France,Golfe de Gascogne,46.48683,-2.23316,22.3,19,En route au moteur,Portsmouth,119.7,6.8,0,Normale
2026-09-28 17:47:00,349926919,LA BELLE POULE,Pêcheur,Liberia,Méditerranée / Rade de Toulon,42.93805,6.18303,2.1,150,En route au moteur,Gênes,38.1,3.8,0,Normale
2026-09-28 17:47:00,682334538,MSC OSCAR,Cargo,Chine,Mer d Iroise / Brest,48.49218,-4.9368,15.2,231,En route au moteur,Toulon,241.2,15.7,0,Normale
2026-09-28 17:47:00,769462919,ARMORIQUE,Passagers,France,Manche / Pas-de-Calais,50.6107,0.77797,18.3,64,En route au moteur,Saint-Nazaire,177.9,6.5,0,Normale
2026-09-28 17:47:00,721828280,BARFLEUR,Passagers,France,Mer d Iroise / Brest,48.3688,-4.83914,23.6,71,En route au moteur,Brest,208.2,6.6,0,Normale
2026-09-28 17:48:00,453810544,VB CROISIC,Remorqueur,Panama,Méditerranée / Rade de Toulon,42.71881,5.598,13.6,321,En route au moteur,Le Havre,53.3,5.2,0,Normale
2026-09-28 17:48:00,597478786,NORDIC FREEDOM,Pétrolier,Malte,Manche / Pas-de-Calais,50.89826,0.1081,12.6,45,En route au moteur,Gênes,195.6,13.4,0,Normale
2026-09-28 17:49:00,514797776,HAMBURG EXPRESS,Cargo,Grèce,Mer d Iroise / Brest,48.22052,-4.51376,0.2,180,Au mouillage,Marseille,316.1,15.6,0,Normale
2026-09-28 17:50:00,227074441,FS CHEVALIER PAUL,Pétrolier,France,Manche / Pas-de-Calais,50.82742,-0.26843,12.3,132,En route au moteur,Le Havre,164.9,5.2,0,Normale
2026-09-28 17:50:00,349926919,LA BELLE POULE,Pétrolier,Liberia,Méditerranée / Rade de Toulon,43.09948,5.81166,7.3,223,En route au moteur,Gênes,38.1,3.8,0,Normale
2026-09-28 17:51:00,530190783,PONT AVEN,Passagers,Liberia,Manche / Pas-de-Calais,50.16138,0.47851,0.1,23,Amarré,Marseille,134.6,7.3,0,Normale
2026-09-28 17:51:00,564323393,ABEILLE BOURBON,Remorqueur,Russie,Méditerranée / Rade de Toulon,42.91748,5.83927,0.1,191,Au mouillage,Brest,46.2,4.5,0,Normale
2026-09-28 17:52:00,268747287,PASCAL PAOLI,Passagers,Malte,Mer d Iroise / Brest,48.33927,-4.95418,22.9,234,En route au moteur,Le Havre,131.7,6.6,0,Normale
2026-09-28 17:52:00,319540831,EVER GIVEN,Cargo,France,Mer d Iroise / Brest,48.27179,-5.00352,0.3,244,Au mouillage,Marseille,343.1,11.6,0,Normale
2026-09-28 17:52:00,785582861,CMA CGM ANTOINE,Cargo,France,Manche / Pas-de-Calais,51.04737,-0.27344,18.0,37,En route au moteur,Rotterdam,309.9,10.2,0,Normale
2026-09-28 17:52:00,453810544,VB CROISIC,Remorqueur,Panama,Méditerranée / Rade de Toulon,42.73797,5.5027,13.2,339,En route au moteur,Le Havre,53.3,5.2,0,Normale
2026-09-28 17:53:00,779064766,MEGA EXPRESS,Passagers,Russie,Manche / Pas-de-Calais,50.85,1.35,0.2,79,En route au moteur,Portsmouth,185.2,6.9,1,Arret anormal en plein chenal de navigation
2026-09-28 17:53:00,710330567,MONT ST MICHEL,Passagers,Danemark,Méditerranée / Rade de Toulon,42.97706,6.41813,22.3,152,En route au moteur,Rotterdam,143.2,6.6,0,Normale
2026-09-28 17:53:00,798020238,PACIFIC JEWEL,Pétrolier,Liberia,Manche / Pas-de-Calais,50.52695,-1.32482,10.0,198,En route au moteur,Rotterdam,276.4,18.6,0,Normale
2026-09-28 17:53:00,600957212,CORSICA VERA,Passagers,Royaume-Uni,Mer d Iroise / Brest,48.12388,-4.59217,22.3,337,En route au moteur,Rotterdam,202.0,6.4,0,Normale
2026-09-28 17:53:00,710330567,MONT ST MICHEL,Passagers,Danemark,Méditerranée / Rade de Toulon,42.97304,5.58271,18.8,97,En route au moteur,Rotterdam,143.2,6.6,0,Normale
2026-09-28 17:54:00,565260635,OCEAN VOYAGER,Pêcheur,France,Manche / Pas-de-Calais,50.13817,0.45216,4.5,290,En route au moteur,Anvers,25.9,2.9,0,Normale
2026-09-28 17:54:00,227690993,FS SOMME,Militaire,France,Méditerranée / Rade de Toulon,43.1459,6.04105,27.8,334,Capacité de manœuvre restreinte,Le Havre,131.7,6.5,0,Normale
2026-09-28 17:54:00,227690993,FS SOMME,Militaire,France,Méditerranée / Rade de Toulon,42.78501,5.82907,22.6,292,En route au moteur,Le Havre,131.7,6.5,0,Normale
2026-09-28 17:55:00,600957212,CORSICA VERA,Passagers,Royaume-Uni,Mer d Iroise / Brest,48.34236,-5.0769,23.8,81,En route au moteur,Rotterdam,202.0,6.4,0,Normale
2026-09-28 17:55:00,514797776,HAMBURG EXPRESS,Cargo,Grèce,Mer d Iroise / Brest,48.3591,-4.84748,18.1,194,En route au moteur,Marseille,316.1,15.6,0,Normale
2026-09-28 17:55:00,597478786,NORDIC FREEDOM,Pétrolier,Malte,Manche / Pas-de-Calais,49.99146,-1.28099,13.6,280,En route au moteur,Gênes,195.6,13.4,0,Normale
2026-09-28 17:55:00,383758720,ENERGY TRIUMPH,Pétrolier,Danemark,Méditerranée / Rade de Toulon,42.98431,5.83291,11.2,80,Capacité de manœuvre restreinte,Anvers,284.0,12.5,0,Normale
2026-09-28 17:55:00,721828280,BARFLEUR,Passagers,France,Mer d Iroise / Brest,48.25405,-4.31038,0.0,35,Au mouillage,Brest,208.2,6.6,0,Normale
2026-09-28 17:55:00,227822733,FS FORBIN,Militaire,Russie,Manche / Pas-de-Calais,51.02315,0.05161,19.1,330,En route au moteur,Marseille,136.8,6.4,0,Normale
2026-09-28 17:57:00,721828280,BARFLEUR,Passagers,France,Mer d Iroise / Brest,48.51595,-4.839,17.6,103,En route au moteur,Brest,208.2,6.6,0,Normale
2026-09-28 17:57:00,628853029,PETIT JEAN,Pêcheur,Malte,Méditerranée / Rade de Toulon,43.07487,5.63163,2.7,242,En route au moteur,Marseille,23.9,5.0,0,Normale
2026-09-28 17:57:00,745098869,LE CONQUERANT,Pétrolier,Chine,Mer d Iroise / Brest,48.52132,-4.46612,7.8,89,En route au moteur,Cherbourg,23.4,3.4,0,Normale
2026-09-28 17:58:00,693303705,ATLANTIC CONVEYOR,Cargo,Danemark,Manche / Pas-de-Calais,49.77162,0.66055,0.3,110,Au mouillage,Cherbourg,207.5,16.0,0,Normale
2026-09-28 17:58:00,268212356,MARIE-JEANNE,Pêcheur,Singapour,Golfe de Gascogne,46.2889,-1.97967,0.5,53,Au mouillage,Cherbourg,28.3,5.0,0,Normale
2026-09-28 17:58:00,227822733,FS FORBIN,Militaire,Russie,Manche / Pas-de-Calais,50.11491,0.52081,19.3,177,En route au moteur,Marseille,136.8,6.4,0,Normale
2026-09-28 17:58:00,682334538,MSC OSCAR,Cargo,Chine,Mer d Iroise / Brest,48.20253,-4.98468,16.5,114,En route au moteur,Toulon,241.2,15.7,0,Normale
2026-09-28 17:59:00,308449460,FRONT ALTAIR,Pétrolier,Russie,Golfe de Gascogne,45.86864,-3.03589,12.2,124,En route au moteur,Brest,207.3,16.7,0,Normale
2026-09-28 18:00:00,790907304,SMIT ROTTERDAM,Remorqueur,France,Manche / Pas-de-Calais,49.90677,1.51992,12.0,194,En route au moteur,Marseille,37.3,6.5,0,Normale
2026-09-28 18:00:00,530190783,PONT AVEN,Passagers,Liberia,Manche / Pas-de-Calais,50.13686,1.37906,18.2,273,En route au moteur,Marseille,134.6,7.3,0,Normale
